-- MySQL dump 10.13  Distrib 5.7.23, for Win64 (x86_64)
--
-- Host: localhost    Database: pms_db
-- ------------------------------------------------------
-- Server version	5.7.23-log

/*!40101 SET @OLD_CHARACTER_SET_CLIENT=@@CHARACTER_SET_CLIENT */;
/*!40101 SET @OLD_CHARACTER_SET_RESULTS=@@CHARACTER_SET_RESULTS */;
/*!40101 SET @OLD_COLLATION_CONNECTION=@@COLLATION_CONNECTION */;
/*!40101 SET NAMES utf8 */;
/*!40103 SET @OLD_TIME_ZONE=@@TIME_ZONE */;
/*!40103 SET TIME_ZONE='+00:00' */;
/*!40014 SET @OLD_UNIQUE_CHECKS=@@UNIQUE_CHECKS, UNIQUE_CHECKS=0 */;
/*!40014 SET @OLD_FOREIGN_KEY_CHECKS=@@FOREIGN_KEY_CHECKS, FOREIGN_KEY_CHECKS=0 */;
/*!40101 SET @OLD_SQL_MODE=@@SQL_MODE, SQL_MODE='NO_AUTO_VALUE_ON_ZERO' */;
/*!40111 SET @OLD_SQL_NOTES=@@SQL_NOTES, SQL_NOTES=0 */;

--
-- Table structure for table `account_logs`
--

DROP TABLE IF EXISTS `account_logs`;
/*!40101 SET @saved_cs_client     = @@character_set_client */;
/*!40101 SET character_set_client = utf8 */;
CREATE TABLE `account_logs` (
  `log_id` varchar(11) NOT NULL,
  `account_id` varchar(15) NOT NULL,
  `log_details` varchar(450) NOT NULL,
  `log_time` time NOT NULL,
  `log_date` date NOT NULL,
  PRIMARY KEY (`log_id`),
  KEY `FK_17_idx` (`account_id`),
  CONSTRAINT `FK_17` FOREIGN KEY (`account_id`) REFERENCES `accounts` (`account_id`) ON DELETE CASCADE ON UPDATE CASCADE
) ENGINE=InnoDB DEFAULT CHARSET=utf8;
/*!40101 SET character_set_client = @saved_cs_client */;

--
-- Dumping data for table `account_logs`
--

LOCK TABLES `account_logs` WRITE;
/*!40000 ALTER TABLE `account_logs` DISABLE KEYS */;
INSERT INTO `account_logs` VALUES ('LOG-1','prms-0000','Account Logged In','10:04:24','2019-01-31'),('LOG-10','ACNT-2','Account Logged In','21:03:40','2019-01-31'),('LOG-100','prms-0000','Account Logged In','17:06:03','2019-02-03'),('LOG-101','prms-0000','Account Logged In','17:18:43','2019-02-03'),('LOG-102','prms-0000','Account Logged In','17:23:06','2019-02-03'),('LOG-103','prms-0000','Account Logged In','17:23:42','2019-02-03'),('LOG-104','ACNT-3','Account Logged In','17:24:16','2019-02-03'),('LOG-105','prms-0000','Account Logged In','17:29:35','2019-02-03'),('LOG-106','ACNT-4','Account Logged In','18:02:55','2019-02-03'),('LOG-107','ACNT-4','Account Logged In','18:06:04','2019-02-03'),('LOG-108','ACNT-4','Account Logged In','18:38:10','2019-02-03'),('LOG-109','ACNT-4','Account Logged In','18:40:15','2019-02-03'),('LOG-11','prms-0000','Account Logged In','21:08:12','2019-01-31'),('LOG-110','ACNT-4','Account Logged In','18:41:52','2019-02-03'),('LOG-111','ACNT-4','Account Logged In','18:44:58','2019-02-03'),('LOG-112','ACNT-2','Account Logged In','18:47:33','2019-02-03'),('LOG-113','ACNT-2','Account Logged In','18:52:39','2019-02-03'),('LOG-114','ACNT-2','Account Logged In','18:55:26','2019-02-03'),('LOG-115','ACNT-2','Account Logged In','18:57:07','2019-02-03'),('LOG-116','ACNT-4','Account Logged In','19:04:23','2019-02-03'),('LOG-117','ACNT-4','Account Logged In','19:05:14','2019-02-03'),('LOG-118','ACNT-4','Account Logged In','19:06:18','2019-02-03'),('LOG-119','ACNT-4','Account Logged In','19:12:16','2019-02-03'),('LOG-12','prms-0000','Account Logged In','21:08:28','2019-01-31'),('LOG-120','ACNT-4','Account Logged In','19:12:59','2019-02-03'),('LOG-121','ACNT-4','Account Logged In','19:13:54','2019-02-03'),('LOG-122','ACNT-4','Account Logged In','19:15:18','2019-02-03'),('LOG-123','ACNT-4','Account Logged In','19:19:40','2019-02-03'),('LOG-124','ACNT-4','Account Logged In','19:21:54','2019-02-03'),('LOG-125','ACNT-4','Account Logged In','19:29:47','2019-02-03'),('LOG-126','ACNT-4','Account Logged In','19:31:02','2019-02-03'),('LOG-127','ACNT-4','Account Logged In','19:33:28','2019-02-03'),('LOG-128','ACNT-4','Account Logged In','19:34:35','2019-02-03'),('LOG-129','ACNT-4','Account Logged In','19:36:08','2019-02-03'),('LOG-13','prms-0000','Account Logged In','21:08:57','2019-01-31'),('LOG-130','ACNT-4','Account Logged In','19:37:03','2019-02-03'),('LOG-131','ACNT-4','Account Logged In','19:43:48','2019-02-03'),('LOG-132','ACNT-4','Account Logged In','19:45:20','2019-02-03'),('LOG-133','ACNT-4','Account Logged In','19:47:31','2019-02-03'),('LOG-134','ACNT-4','Account Logged In','19:53:50','2019-02-03'),('LOG-135','ACNT-4','Account Logged In','19:57:09','2019-02-03'),('LOG-136','ACNT-4','Account Logged In','20:03:45','2019-02-03'),('LOG-137','ACNT-4','Account Logged In','20:05:31','2019-02-03'),('LOG-138','ACNT-4','Account Logged In','20:07:58','2019-02-03'),('LOG-139','ACNT-4','Account Logged In','20:09:00','2019-02-03'),('LOG-14','ACNT-2','Account Logged In','21:13:30','2019-01-31'),('LOG-140','ACNT-4','Account Logged In','20:10:04','2019-02-03'),('LOG-141','ACNT-4','Account Logged In','20:11:34','2019-02-03'),('LOG-142','prms-0000','Account Logged In','20:16:27','2019-02-03'),('LOG-143','prms-0000','Account Logged In','11:01:07','2019-02-05'),('LOG-144','prms-0000','Account Logged In','12:14:35','2019-02-05'),('LOG-145','prms-0000','Account Logged In','12:18:07','2019-02-05'),('LOG-146','prms-0000','Account Logged In','12:20:04','2019-02-05'),('LOG-147','prms-0000','Account Logged In','12:22:45','2019-02-05'),('LOG-148','prms-0000','Account Logged In','12:23:57','2019-02-05'),('LOG-149','prms-0000','Account Logged In','12:27:18','2019-02-05'),('LOG-15','ACNT-2','Added Register Number: 3 Type: Baptismal','21:13:50','2019-01-31'),('LOG-150','prms-0000','Account Logged In','12:32:43','2019-02-05'),('LOG-151','prms-0000','Account Logged In','12:40:18','2019-02-05'),('LOG-152','prms-0000','Account Logged In','12:43:48','2019-02-05'),('LOG-153','prms-0000','Account Logged In','12:51:55','2019-02-05'),('LOG-154','prms-0000','Account Logged In','13:17:09','2019-02-05'),('LOG-155','prms-0000','Account Logged In','13:19:14','2019-02-05'),('LOG-156','prms-0000','Account Logged In','13:20:43','2019-02-05'),('LOG-157','prms-0000','Account Logged In','13:22:21','2019-02-05'),('LOG-158','prms-0000','Account Logged In','13:24:17','2019-02-05'),('LOG-159','prms-0000','Account Logged In','13:26:51','2019-02-05'),('LOG-16','prms-0000','Account Logged In','21:14:15','2019-01-31'),('LOG-160','prms-0000','Account Logged In','13:28:04','2019-02-05'),('LOG-161','prms-0000','Account Logged In','13:29:06','2019-02-05'),('LOG-162','prms-0000','Account Logged In','13:48:43','2019-02-05'),('LOG-163','prms-0000','Account Logged In','13:51:02','2019-02-05'),('LOG-164','prms-0000','Account Logged In','13:54:54','2019-02-05'),('LOG-165','prms-0000','Account Logged In','13:55:55','2019-02-05'),('LOG-166','prms-0000','Account Logged In','13:58:02','2019-02-05'),('LOG-167','prms-0000','Account Logged In','13:59:24','2019-02-05'),('LOG-168','prms-0000','Account Logged In','14:00:49','2019-02-05'),('LOG-169','prms-0000','Account Logged In','14:03:04','2019-02-05'),('LOG-17','prms-0000','Account Logged In','20:23:49','2019-02-01'),('LOG-170','prms-0000','Account Logged In','14:14:05','2019-02-05'),('LOG-171','prms-0000','Account Logged In','14:52:24','2019-02-05'),('LOG-172','prms-0000','Account Logged In','14:54:16','2019-02-05'),('LOG-173','prms-0000','Account Logged In','14:58:17','2019-02-05'),('LOG-174','prms-0000','Account Logged In','14:59:56','2019-02-05'),('LOG-175','prms-0000','Account Logged In','15:02:27','2019-02-05'),('LOG-176','prms-0000','Account Logged In','15:06:53','2019-02-05'),('LOG-177','prms-0000','Account Logged In','15:08:53','2019-02-05'),('LOG-178','prms-0000','Account Logged In','15:10:22','2019-02-05'),('LOG-179','prms-0000','Account Logged In','15:11:39','2019-02-05'),('LOG-18','prms-0000','Account Logged In','20:27:59','2019-02-01'),('LOG-180','prms-0000','Account Logged In','15:12:37','2019-02-05'),('LOG-181','prms-0000','Account Logged In','15:13:17','2019-02-05'),('LOG-182','prms-0000','Account Logged In','15:14:08','2019-02-05'),('LOG-183','prms-0000','Account Logged In','15:19:36','2019-02-05'),('LOG-184','prms-0000','Account Logged In','15:21:07','2019-02-05'),('LOG-185','prms-0000','Account Logged In','15:24:22','2019-02-05'),('LOG-186','prms-0000','Account Logged In','15:27:44','2019-02-05'),('LOG-187','prms-0000','Account Logged In','15:29:37','2019-02-05'),('LOG-188','prms-0000','Account Logged In','15:31:32','2019-02-05'),('LOG-189','prms-0000','Account Logged In','15:34:24','2019-02-05'),('LOG-19','prms-0000','Created an account - Username: cashier Type: 0','20:28:16','2019-02-01'),('LOG-190','ACNT-2','Account Logged In','15:38:51','2019-02-05'),('LOG-191','prms-0000','Account Logged In','15:39:43','2019-02-05'),('LOG-192','ACNT-2','Account Logged In','15:40:06','2019-02-05'),('LOG-193','prms-0000','Account Logged In','16:02:33','2019-02-05'),('LOG-194','ACNT-2','Account Logged In','16:03:17','2019-02-05'),('LOG-195','prms-0000','Account Logged In','16:04:22','2019-02-05'),('LOG-196','ACNT-2','Account Logged In','16:04:47','2019-02-05'),('LOG-197','ACNT-2','Account Logged In','16:05:27','2019-02-05'),('LOG-198','ACNT-2','Account Logged In','16:06:29','2019-02-05'),('LOG-199','ACNT-2','Account Logged In','16:07:39','2019-02-05'),('LOG-2','prms-0000','Account Logged In','20:50:52','2019-01-31'),('LOG-20','ACNT-3','Account Logged In','20:28:29','2019-02-01'),('LOG-200','ACNT-2','Account Logged In','16:09:01','2019-02-05'),('LOG-201','ACNT-2','Account Logged In','16:11:08','2019-02-05'),('LOG-202','ACNT-2','Account Logged In','16:12:59','2019-02-05'),('LOG-203','ACNT-2','Account Logged In','16:18:38','2019-02-05'),('LOG-204','ACNT-2','Account Logged In','16:21:40','2019-02-05'),('LOG-205','ACNT-2','Account Logged In','16:31:06','2019-02-05'),('LOG-206','ACNT-2','Account Logged In','16:32:00','2019-02-05'),('LOG-207','ACNT-2','Account Logged In','16:33:08','2019-02-05'),('LOG-208','ACNT-2','Account Logged In','16:35:30','2019-02-05'),('LOG-209','ACNT-2','Account Logged In','16:36:34','2019-02-05'),('LOG-21','prms-0000','Account Logged In','20:28:43','2019-02-01'),('LOG-210','ACNT-2','Added Register Number: 22 Type: Baptismal','16:36:51','2019-02-05'),('LOG-211','prms-0000','Account Logged In','16:43:16','2019-02-05'),('LOG-212','ACNT-2','Account Logged In','16:43:34','2019-02-05'),('LOG-213','ACNT-2','Account Logged In','16:46:47','2019-02-05'),('LOG-214','ACNT-2','Account Logged In','16:49:46','2019-02-05'),('LOG-215','ACNT-2','Account Logged In','16:54:45','2019-02-05'),('LOG-216','ACNT-2','Account Logged In','16:56:09','2019-02-05'),('LOG-217','ACNT-2','Account Logged In','16:57:43','2019-02-05'),('LOG-218','ACNT-2','Account Logged In','16:58:43','2019-02-05'),('LOG-219','ACNT-2','Account Logged In','17:01:39','2019-02-05'),('LOG-22','prms-0000','Created an account - Username: secretary Type: 0','20:28:59','2019-02-01'),('LOG-220','ACNT-2','Account Logged In','17:03:15','2019-02-05'),('LOG-221','ACNT-2','Account Logged In','17:13:35','2019-02-05'),('LOG-222','ACNT-2','Account Logged In','17:14:32','2019-02-05'),('LOG-223','ACNT-2','Account Logged In','17:19:39','2019-02-05'),('LOG-224','prms-0000','Account Logged In','17:21:42','2019-02-05'),('LOG-225','ACNT-2','Account Logged In','17:22:54','2019-02-05'),('LOG-226','ACNT-2','Account Logged In','17:25:39','2019-02-05'),('LOG-227','ACNT-2','Account Logged In','18:47:07','2019-02-05'),('LOG-228','ACNT-2','Account Logged In','18:49:25','2019-02-05'),('LOG-229','ACNT-2','Account Logged In','18:54:57','2019-02-05'),('LOG-23','ACNT-4','Account Logged In','20:29:08','2019-02-01'),('LOG-230','ACNT-3','Account Logged In','19:02:19','2019-02-05'),('LOG-231','ACNT-3','Account Logged In','19:06:03','2019-02-05'),('LOG-232','ACNT-3','Account Logged In','19:07:07','2019-02-05'),('LOG-233','ACNT-3','Account Logged In','19:12:36','2019-02-05'),('LOG-234','ACNT-3','Account Logged In','19:18:23','2019-02-05'),('LOG-235','ACNT-3','Account Logged In','19:23:50','2019-02-05'),('LOG-236','ACNT-3','Account Logged In','19:29:42','2019-02-05'),('LOG-237','ACNT-3','Account Logged In','19:34:49','2019-02-05'),('LOG-238','prms-0000','Account Logged In','19:41:52','2019-02-05'),('LOG-239','ACNT-2','Account Logged In','19:46:12','2019-02-05'),('LOG-24','ACNT-4','Account Logged In','20:29:58','2019-02-01'),('LOG-240','prms-0000','Account Logged In','19:50:52','2019-02-05'),('LOG-241','prms-0000','Account Logged In','20:00:40','2019-02-05'),('LOG-242','prms-0000','Account Logged In','20:02:09','2019-02-05'),('LOG-243','ACNT-4','Account Logged In','20:16:53','2019-02-05'),('LOG-244','ACNT-4','Account Logged In','20:18:57','2019-02-05'),('LOG-245','prms-0000','Account Logged In','20:19:28','2019-02-05'),('LOG-246','ACNT-4','Account Logged In','20:20:19','2019-02-05'),('LOG-247','prms-0000','Account Logged In','20:34:47','2019-02-05'),('LOG-248','prms-0000','Added event type - Type: Funeral Mass Fee: 1234','20:35:23','2019-02-05'),('LOG-249','ACNT-4','Account Logged In','20:40:11','2019-02-05'),('LOG-25','ACNT-4','Account Logged In','20:33:20','2019-02-01'),('LOG-250','ACNT-4','Account Logged In','20:43:07','2019-02-05'),('LOG-251','prms-0000','Account Logged In','20:49:22','2019-02-05'),('LOG-252','ACNT-4','Account Logged In','20:51:48','2019-02-05'),('LOG-253','ACNT-4','Account Logged In','20:55:13','2019-02-05'),('LOG-254','ACNT-4','Account Logged In','20:56:43','2019-02-05'),('LOG-255','ACNT-4','Account Logged In','20:59:30','2019-02-05'),('LOG-256','ACNT-4','Account Logged In','16:20:33','2019-02-06'),('LOG-257','ACNT-4','Account Logged In','16:24:15','2019-02-06'),('LOG-258','ACNT-4','Account Logged In','16:26:42','2019-02-06'),('LOG-259','ACNT-4','Account Logged In','16:29:56','2019-02-06'),('LOG-26','ACNT-4','Account Logged In','20:35:41','2019-02-01'),('LOG-260','ACNT-4','Account Logged In','16:39:56','2019-02-06'),('LOG-261','ACNT-4','Account Logged In','16:41:04','2019-02-06'),('LOG-262','ACNT-4','Account Logged In','16:44:17','2019-02-06'),('LOG-263','ACNT-3','Account Logged In','16:50:58','2019-02-06'),('LOG-264','ACNT-3','Account Logged In','16:55:50','2019-02-06'),('LOG-265','ACNT-3','Account Logged In','16:57:35','2019-02-06'),('LOG-266','ACNT-3','Account Logged In','16:59:06','2019-02-06'),('LOG-267','ACNT-4','Account Logged In','17:13:46','2019-02-06'),('LOG-268','ACNT-4','Account Logged In','17:15:13','2019-02-06'),('LOG-269','ACNT-4','Account Logged In','17:40:49','2019-02-06'),('LOG-27','ACNT-4','Account Logged In','20:36:31','2019-02-01'),('LOG-270','ACNT-4','Account Logged In','17:41:14','2019-02-06'),('LOG-271','ACNT-4','Account Logged In','17:42:54','2019-02-06'),('LOG-272','ACNT-4','Account Logged In','17:49:53','2019-02-06'),('LOG-273','ACNT-4','Account Logged In','17:53:18','2019-02-06'),('LOG-274','ACNT-4','Account Logged In','18:01:47','2019-02-06'),('LOG-275','ACNT-2','Account Logged In','18:29:20','2019-02-06'),('LOG-276','ACNT-2','Added Register Number: 55 Type: Burial','18:29:58','2019-02-06'),('LOG-277','ACNT-3','Account Logged In','18:37:11','2019-02-06'),('LOG-278','ACNT-3','Account Logged In','18:39:19','2019-02-06'),('LOG-279','ACNT-3','Account Logged In','18:40:07','2019-02-06'),('LOG-28','ACNT-4','Account Logged In','20:42:45','2019-02-01'),('LOG-280','ACNT-3','Account Logged In','18:43:11','2019-02-06'),('LOG-281','ACNT-3','Account Logged In','18:45:28','2019-02-06'),('LOG-282','ACNT-3','Account Logged In','18:46:07','2019-02-06'),('LOG-283','ACNT-2','Account Logged In','18:47:46','2019-02-06'),('LOG-284','ACNT-2','Account Logged In','19:26:38','2019-02-06'),('LOG-285','ACNT-2','Account Logged In','19:31:29','2019-02-06'),('LOG-286','ACNT-2','Account Logged In','19:33:52','2019-02-06'),('LOG-287','prms-0000','Account Logged In','19:48:01','2019-02-06'),('LOG-288','prms-0000','Account Logged In','19:57:25','2019-02-06'),('LOG-289','prms-0000','Account Logged In','11:09:43','2019-02-07'),('LOG-29','ACNT-4','Account Logged In','20:46:24','2019-02-01'),('LOG-290','prms-0000','Account Logged In','11:10:46','2019-02-07'),('LOG-291','ACNT-2','Account Logged In','11:20:47','2019-02-07'),('LOG-292','ACNT-3','Account Logged In','11:58:37','2019-02-07'),('LOG-293','ACNT-4','Account Logged In','12:01:31','2019-02-07'),('LOG-294','prms-0000','Account Logged In','12:09:29','2019-02-07'),('LOG-295','prms-0000','Account Logged In','19:46:49','2019-02-08'),('LOG-296','prms-0000','Account Logged In','19:50:11','2019-02-08'),('LOG-297','prms-0000','Account Logged In','19:59:25','2019-02-08'),('LOG-298','prms-0000','Account Logged In','20:06:14','2019-02-08'),('LOG-299','prms-0000','Account Logged In','20:08:36','2019-02-08'),('LOG-3','prms-0000','Account Logged In','20:51:19','2019-01-31'),('LOG-30','ACNT-4','Account Logged In','20:47:35','2019-02-01'),('LOG-300','ACNT-2','Account Logged In','20:15:33','2019-02-08'),('LOG-301','ACNT-2','Account Logged In','20:19:50','2019-02-08'),('LOG-302','ACNT-2','Account Logged In','20:23:01','2019-02-08'),('LOG-303','ACNT-2','Account Logged In','20:25:10','2019-02-08'),('LOG-304','ACNT-2','Account Logged In','20:27:41','2019-02-08'),('LOG-305','ACNT-2','Account Logged In','20:34:27','2019-02-08'),('LOG-306','ACNT-2','Account Logged In','20:35:23','2019-02-08'),('LOG-307','ACNT-2','Account Logged In','20:36:46','2019-02-08'),('LOG-308','ACNT-2','Account Logged In','20:40:37','2019-02-08'),('LOG-309','ACNT-2','Account Logged In','20:42:46','2019-02-08'),('LOG-31','ACNT-4','Account Logged In','20:50:28','2019-02-01'),('LOG-310','ACNT-2','Account Logged In','20:44:52','2019-02-08'),('LOG-311','ACNT-2','Account Logged In','20:45:49','2019-02-08'),('LOG-312','ACNT-2','Account Logged In','20:47:22','2019-02-08'),('LOG-313','ACNT-2','Account Logged In','20:52:44','2019-02-08'),('LOG-314','ACNT-2','Added Register Number: 123 Type: Confirmation','20:53:20','2019-02-08'),('LOG-315','ACNT-2','Account Logged In','20:59:48','2019-02-08'),('LOG-316','ACNT-2','Account Logged In','21:05:23','2019-02-08'),('LOG-317','ACNT-2','Account Logged In','21:06:57','2019-02-08'),('LOG-318','ACNT-2','Account Logged In','21:15:30','2019-02-08'),('LOG-32','ACNT-4','Account Logged In','20:51:44','2019-02-01'),('LOG-33','ACNT-4','Account Logged In','20:55:07','2019-02-01'),('LOG-34','prms-0000','Account Logged In','20:55:21','2019-02-01'),('LOG-35','ACNT-2','Account Logged In','21:02:52','2019-02-01'),('LOG-36','ACNT-4','Account Logged In','21:04:50','2019-02-01'),('LOG-37','ACNT-4','Account Logged In','21:14:49','2019-02-01'),('LOG-38','ACNT-2','Account Logged In','11:54:58','2019-02-03'),('LOG-39','ACNT-2','Account Logged In','11:58:08','2019-02-03'),('LOG-4','prms-0000','Created an account - Username: registrar Type: 0','20:51:36','2019-01-31'),('LOG-40','ACNT-2','Account Logged In','11:59:52','2019-02-03'),('LOG-41','ACNT-2','Account Logged In','12:04:52','2019-02-03'),('LOG-42','prms-0000','Account Logged In','12:10:27','2019-02-03'),('LOG-43','ACNT-2','Account Logged In','12:12:48','2019-02-03'),('LOG-44','ACNT-2','Account Logged In','12:16:30','2019-02-03'),('LOG-45','ACNT-2','Account Logged In','12:19:37','2019-02-03'),('LOG-46','ACNT-2','Account Logged In','12:24:48','2019-02-03'),('LOG-47','ACNT-2','Account Logged In','12:31:31','2019-02-03'),('LOG-48','ACNT-2','Account Logged In','12:33:38','2019-02-03'),('LOG-49','ACNT-2','Account Logged In','12:37:37','2019-02-03'),('LOG-5','ACNT-2','Account Logged In','20:51:59','2019-01-31'),('LOG-50','ACNT-2','Account Logged In','12:42:49','2019-02-03'),('LOG-51','ACNT-2','Account Logged In','12:46:19','2019-02-03'),('LOG-52','ACNT-2','Account Logged In','12:47:12','2019-02-03'),('LOG-53','ACNT-2','Account Logged In','13:26:37','2019-02-03'),('LOG-54','prms-0000','Account Logged In','13:26:58','2019-02-03'),('LOG-55','ACNT-2','Account Logged In','13:27:26','2019-02-03'),('LOG-56','ACNT-2','Account Logged In','13:27:55','2019-02-03'),('LOG-57','ACNT-2','Account Logged In','13:31:42','2019-02-03'),('LOG-58','ACNT-2','Account Logged In','13:33:07','2019-02-03'),('LOG-59','ACNT-2','Account Logged In','13:34:06','2019-02-03'),('LOG-6','ACNT-2','Added Register Number: 1 Type: Matrimonial','20:52:24','2019-01-31'),('LOG-60','ACNT-2','Account Logged In','13:36:40','2019-02-03'),('LOG-61','ACNT-2','Account Logged In','13:37:36','2019-02-03'),('LOG-62','ACNT-2','Account Logged In','13:40:26','2019-02-03'),('LOG-63','prms-0000','Account Logged In','13:41:06','2019-02-03'),('LOG-64','ACNT-2','Account Logged In','13:45:14','2019-02-03'),('LOG-65','prms-0000','Account Logged In','13:45:39','2019-02-03'),('LOG-66','ACNT-2','Account Logged In','13:46:06','2019-02-03'),('LOG-67','prms-0000','Account Logged In','13:46:29','2019-02-03'),('LOG-68','ACNT-2','Account Logged In','13:46:46','2019-02-03'),('LOG-69','prms-0000','Account Logged In','15:13:46','2019-02-03'),('LOG-7','ACNT-2','Added Register Number: 2 Type: Baptismal','20:52:56','2019-01-31'),('LOG-70','prms-0000','Account Logged In','15:18:03','2019-02-03'),('LOG-71','prms-0000','Account Logged In','15:19:32','2019-02-03'),('LOG-72','ACNT-2','Account Logged In','15:20:20','2019-02-03'),('LOG-73','prms-0000','Account Logged In','15:21:51','2019-02-03'),('LOG-74','prms-0000','Account Logged In','15:24:11','2019-02-03'),('LOG-75','ACNT-3','Account Logged In','15:29:38','2019-02-03'),('LOG-76','ACNT-3','Account Logged In','15:30:39','2019-02-03'),('LOG-77','prms-0000','Account Logged In','15:45:02','2019-02-03'),('LOG-78','ACNT-3','Account Logged In','15:45:42','2019-02-03'),('LOG-79','ACNT-3','Account Logged In','15:47:14','2019-02-03'),('LOG-8','prms-0000','Account Logged In','20:55:00','2019-01-31'),('LOG-80','ACNT-3','Account Logged In','15:48:32','2019-02-03'),('LOG-81','ACNT-3','Account Logged In','15:49:59','2019-02-03'),('LOG-82','ACNT-3','Account Logged In','15:51:46','2019-02-03'),('LOG-83','ACNT-3','Account Logged In','15:54:12','2019-02-03'),('LOG-84','ACNT-3','Account Logged In','15:55:15','2019-02-03'),('LOG-85','ACNT-3','Account Logged In','15:56:23','2019-02-03'),('LOG-86','ACNT-3','Account Logged In','15:57:20','2019-02-03'),('LOG-87','ACNT-3','Account Logged In','16:03:24','2019-02-03'),('LOG-88','ACNT-3','Account Logged In','16:12:05','2019-02-03'),('LOG-89','ACNT-3','Account Logged In','16:14:11','2019-02-03'),('LOG-9','prms-0000','Account Logged In','20:58:33','2019-01-31'),('LOG-90','ACNT-3','Account Logged In','16:15:25','2019-02-03'),('LOG-91','ACNT-3','Account Logged In','16:16:37','2019-02-03'),('LOG-92','ACNT-3','Account Logged In','16:25:56','2019-02-03'),('LOG-93','ACNT-3','Account Logged In','16:26:38','2019-02-03'),('LOG-94','prms-0000','Account Logged In','16:27:28','2019-02-03'),('LOG-95','prms-0000','Account Logged In','16:40:57','2019-02-03'),('LOG-96','prms-0000','Account Logged In','16:43:44','2019-02-03'),('LOG-97','prms-0000','Account Logged In','16:44:28','2019-02-03'),('LOG-98','prms-0000','Account Logged In','16:59:44','2019-02-03'),('LOG-99','prms-0000','Account Logged In','17:03:55','2019-02-03');
/*!40000 ALTER TABLE `account_logs` ENABLE KEYS */;
UNLOCK TABLES;

--
-- Table structure for table `accounts`
--

DROP TABLE IF EXISTS `accounts`;
/*!40101 SET @saved_cs_client     = @@character_set_client */;
/*!40101 SET character_set_client = utf8 */;
CREATE TABLE `accounts` (
  `account_id` varchar(15) NOT NULL,
  `user_name` varchar(45) NOT NULL,
  `pass_key` varchar(85) NOT NULL,
  `account_type` int(5) NOT NULL,
  PRIMARY KEY (`account_id`)
) ENGINE=InnoDB DEFAULT CHARSET=utf8;
/*!40101 SET character_set_client = @saved_cs_client */;

--
-- Dumping data for table `accounts`
--

LOCK TABLES `accounts` WRITE;
/*!40000 ALTER TABLE `accounts` DISABLE KEYS */;
INSERT INTO `accounts` VALUES ('ACNT-2','registrar','$MYHASH$V1$10000$nKgMVwkS75gM8xlAE4ShKwca88aI6rGb63IeMHe32XiD7Vqe',4),('ACNT-3','cashier','$MYHASH$V1$10000$tmZakePsaRQ0uLiDmHN6mbjrfSpGdYRL2gAl6DJENgulkX4T',3),('ACNT-4','secretary','$MYHASH$V1$10000$5+h7ZtmPZreeb6VmLxEeO/CD9ZRkPVZYl/znVIBZHhQanVoj',2),('prms-0000','admin','$MYHASH$V1$10000$ubSayW65gBRd4KrlYaq2ykc4MlLl9iDbZG9cXWE7nqLlhYub',1);
/*!40000 ALTER TABLE `accounts` ENABLE KEYS */;
UNLOCK TABLES;

--
-- Table structure for table `accounts_info`
--

DROP TABLE IF EXISTS `accounts_info`;
/*!40101 SET @saved_cs_client     = @@character_set_client */;
/*!40101 SET character_set_client = utf8 */;
CREATE TABLE `accounts_info` (
  `account_id` varchar(15) NOT NULL,
  `name` varchar(150) NOT NULL,
  `date_created` date NOT NULL,
  `time_created` time NOT NULL,
  `creator` varchar(15) NOT NULL,
  PRIMARY KEY (`account_id`),
  CONSTRAINT `FK_1` FOREIGN KEY (`account_id`) REFERENCES `accounts` (`account_id`) ON DELETE CASCADE ON UPDATE CASCADE
) ENGINE=InnoDB DEFAULT CHARSET=utf8;
/*!40101 SET character_set_client = @saved_cs_client */;

--
-- Dumping data for table `accounts_info`
--

LOCK TABLES `accounts_info` WRITE;
/*!40000 ALTER TABLE `accounts_info` DISABLE KEYS */;
INSERT INTO `accounts_info` VALUES ('ACNT-2','registrar','2019-01-31','20:51:35','prms-0000'),('ACNT-3','cashier','2019-02-01','20:28:15','prms-0000'),('ACNT-4','secretary','2019-02-01','20:28:59','prms-0000'),('prms-0000','John W. Doe','2018-01-01','12:00:00','prms-0000');
/*!40000 ALTER TABLE `accounts_info` ENABLE KEYS */;
UNLOCK TABLES;

--
-- Table structure for table `appointment_types`
--

DROP TABLE IF EXISTS `appointment_types`;
/*!40101 SET @saved_cs_client     = @@character_set_client */;
/*!40101 SET character_set_client = utf8 */;
CREATE TABLE `appointment_types` (
  `type_id` varchar(15) NOT NULL,
  `appointment_type` varchar(250) NOT NULL,
  `custom` varchar(25) NOT NULL,
  `fee` double NOT NULL,
  `status` int(1) NOT NULL DEFAULT '1',
  PRIMARY KEY (`type_id`)
) ENGINE=InnoDB DEFAULT CHARSET=utf8;
/*!40101 SET character_set_client = @saved_cs_client */;

--
-- Dumping data for table `appointment_types`
--

LOCK TABLES `appointment_types` WRITE;
/*!40000 ALTER TABLE `appointment_types` DISABLE KEYS */;
INSERT INTO `appointment_types` VALUES ('AT-1','Thanksgiving Mass','1',101,1),('AT-2','Petition Mass','1',102,1),('AT-3','Special Intention','1',103,1),('AT-4','All Souls','1',104,1),('AT-5','Soul/s of','1',105,1),('AT-6','Sick Call','2',106,1),('AT-7','Blessing','2',107,1),('ET-10','test3','2',1,1),('ET-11','asd','2',2,1),('ET-12','test45','1',1,2),('ET-13','Funeral Mass','1',1234,1),('ET-8','test122','1',901.5,2),('ET-9','test2','2',123,1);
/*!40000 ALTER TABLE `appointment_types` ENABLE KEYS */;
UNLOCK TABLES;

--
-- Table structure for table `appointments`
--

DROP TABLE IF EXISTS `appointments`;
/*!40101 SET @saved_cs_client     = @@character_set_client */;
/*!40101 SET character_set_client = utf8 */;
CREATE TABLE `appointments` (
  `appointment_id` varchar(15) NOT NULL,
  `appointment_date` date NOT NULL,
  `appointment_time` time NOT NULL,
  `appointment_type` varchar(15) NOT NULL DEFAULT '----',
  `requested_by` varchar(150) NOT NULL,
  `placed_by` varchar(15) NOT NULL,
  `remarks` varchar(350) NOT NULL DEFAULT 'NA',
  `status` int(15) NOT NULL DEFAULT '1',
  `assigned_priest` varchar(15) NOT NULL DEFAULT 'NA',
  PRIMARY KEY (`appointment_id`),
  KEY `FK_6_idx` (`placed_by`),
  KEY `FK_14_idx` (`appointment_type`),
  KEY `FK_15_idx` (`assigned_priest`),
  CONSTRAINT `FK_14` FOREIGN KEY (`appointment_type`) REFERENCES `appointment_types` (`type_id`) ON DELETE CASCADE ON UPDATE CASCADE,
  CONSTRAINT `FK_15` FOREIGN KEY (`assigned_priest`) REFERENCES `residing_priests` (`priest_id`) ON DELETE CASCADE ON UPDATE CASCADE,
  CONSTRAINT `FK_2` FOREIGN KEY (`placed_by`) REFERENCES `accounts` (`account_id`) ON DELETE CASCADE ON UPDATE CASCADE
) ENGINE=InnoDB DEFAULT CHARSET=utf8;
/*!40101 SET character_set_client = @saved_cs_client */;

--
-- Dumping data for table `appointments`
--

LOCK TABLES `appointments` WRITE;
/*!40000 ALTER TABLE `appointments` DISABLE KEYS */;
INSERT INTO `appointments` VALUES ('APM-1','2019-02-01','01:00:00','AT-6','John Mark Capistrano','ACNT-4','',1,'PR-1'),('APM-10','2019-02-16','11:00:00','AT-6','John Mark Capistrano','ACNT-4','',1,'PT-3'),('APM-11','2019-02-15','01:00:00','AT-6','Junnie Boy Velasquez','ACNT-4','',1,'PR-1'),('APM-12','2019-02-23','01:00:00','AT-6','John Mark Capistrano','ACNT-4','',1,'PR-1'),('APM-13','2019-02-19','01:00:00','AT-6','Marko Cousins','ACNT-4','',1,'PR-1'),('APM-14','2019-02-05','09:00:00','AT-4','John W. Doe','ACNT-4','Rescheduled',1,'PR-1'),('APM-2','2019-02-01','01:00:00','AT-6','Leon S. Kennedy','ACNT-4','',1,'PT-3'),('APM-3','2019-02-01','02:00:00','AT-6','Ricardo Marquez','ACNT-4','',1,'PR-1'),('APM-4','2019-02-01','04:00:00','AT-6','Ricardo Dalisay','ACNT-4','',1,'PR-1'),('APM-5','2019-02-01','02:00:00','AT-6','Leon Guerrero','ACNT-4','',1,'PT-3'),('APM-6','2019-02-02','01:00:00','AT-6','Fernando Montes','ACNT-4','',1,'PR-1'),('APM-7','2019-02-09','02:00:00','AT-6','Enrique Manlangit','ACNT-4','',1,'PR-1'),('APM-8','2019-02-16','01:00:00','AT-6','Danilo Resontoc','ACNT-4','',1,'PR-1'),('APM-9','2019-02-16','07:00:00','AT-6','Miguel Rebungag','ACNT-4','',1,'PR-1');
/*!40000 ALTER TABLE `appointments` ENABLE KEYS */;
UNLOCK TABLES;

--
-- Table structure for table `archives`
--

DROP TABLE IF EXISTS `archives`;
/*!40101 SET @saved_cs_client     = @@character_set_client */;
/*!40101 SET character_set_client = utf8 */;
CREATE TABLE `archives` (
  `book_number` int(100) NOT NULL,
  `date_archived` date NOT NULL,
  `time_archived` time NOT NULL,
  `archived_by` varchar(15) NOT NULL,
  PRIMARY KEY (`book_number`),
  KEY `FK_4_idx` (`archived_by`),
  CONSTRAINT `FK_3` FOREIGN KEY (`book_number`) REFERENCES `registers` (`book_number`) ON DELETE CASCADE ON UPDATE CASCADE,
  CONSTRAINT `FK_4` FOREIGN KEY (`archived_by`) REFERENCES `accounts` (`account_id`) ON DELETE CASCADE ON UPDATE CASCADE
) ENGINE=InnoDB DEFAULT CHARSET=utf8;
/*!40101 SET character_set_client = @saved_cs_client */;

--
-- Dumping data for table `archives`
--

LOCK TABLES `archives` WRITE;
/*!40000 ALTER TABLE `archives` DISABLE KEYS */;
INSERT INTO `archives` VALUES (3,'2019-02-03','13:46:35','prms-0000');
/*!40000 ALTER TABLE `archives` ENABLE KEYS */;
UNLOCK TABLES;

--
-- Table structure for table `baptismal_records`
--

DROP TABLE IF EXISTS `baptismal_records`;
/*!40101 SET @saved_cs_client     = @@character_set_client */;
/*!40101 SET character_set_client = utf8 */;
CREATE TABLE `baptismal_records` (
  `record_id` varchar(1000) NOT NULL,
  `birthday` date NOT NULL,
  `legitimacy` varchar(150) NOT NULL DEFAULT 'Unknown',
  `place_of_birth` varchar(400) NOT NULL DEFAULT 'Unknown',
  `sponsor1` varchar(150) NOT NULL DEFAULT 'Unknown',
  `sponsor2` varchar(150) NOT NULL DEFAULT 'Unknown',
  `stipend` float NOT NULL DEFAULT '0',
  `minister` varchar(150) NOT NULL DEFAULT 'Unknown',
  `remarks` varchar(500) NOT NULL DEFAULT 'None.',
  PRIMARY KEY (`record_id`),
  KEY `ID_1` (`remarks`,`minister`,`stipend`,`sponsor2`,`sponsor1`,`birthday`),
  CONSTRAINT `FK_5` FOREIGN KEY (`record_id`) REFERENCES `records` (`record_id`) ON DELETE CASCADE ON UPDATE CASCADE
) ENGINE=InnoDB DEFAULT CHARSET=utf8;
/*!40101 SET character_set_client = @saved_cs_client */;

--
-- Dumping data for table `baptismal_records`
--

LOCK TABLES `baptismal_records` WRITE;
/*!40000 ALTER TABLE `baptismal_records` DISABLE KEYS */;
INSERT INTO `baptismal_records` VALUES ('PMS-10','2010-01-02','legit','asda','godparent1','godparent2',111.1,'minister','remark'),('PMS-11','2010-01-03','legit','asda','godparent1','godparent2',111.1,'minister','remark'),('PMS-12','2010-01-01','legit','asda','godparent1','godparent2',111.1,'minister','remark'),('PMS-13','2010-01-02','legit','asda','godparent1','godparent2',111.1,'minister','remark'),('PMS-14','2010-01-03','legit','asda','godparent1','godparent2',111.1,'minister','remark'),('PMS-3','2019-03-08','Legitimate','asd','asd','asd',302,'asd','asd'),('PMS-4','2019-03-07','Legitimate','asd','asd','asd',302,'asdasd','asd'),('PMS-6','2010-01-01','legit','asda','godparent1','godparent2',111.1,'minister','remark'),('PMS-7','2010-01-02','legit','asda','godparent1','godparent2',111.1,'minister','remark'),('PMS-8','2010-01-03','legit','asda','godparent1','godparent2',111.1,'minister','remark'),('PMS-9','2010-01-01','legit','asda','godparent1','godparent2',111.1,'minister','remark');
/*!40000 ALTER TABLE `baptismal_records` ENABLE KEYS */;
UNLOCK TABLES;

--
-- Table structure for table `burial_directory`
--

DROP TABLE IF EXISTS `burial_directory`;
/*!40101 SET @saved_cs_client     = @@character_set_client */;
/*!40101 SET character_set_client = utf8 */;
CREATE TABLE `burial_directory` (
  `directory_id` varchar(15) NOT NULL,
  `record_id` varchar(15) NOT NULL,
  `block` varchar(250) NOT NULL DEFAULT 'Not Specified.',
  `lot` varchar(250) NOT NULL DEFAULT 'Not Specified.',
  `plot` varchar(250) NOT NULL DEFAULT 'Not Specified.',
  `gravestone` longblob,
  `relative_contact_number` varchar(50) NOT NULL DEFAULT 'Not Specified.',
  PRIMARY KEY (`directory_id`),
  KEY `FK_16_idx` (`record_id`),
  CONSTRAINT `FK_16` FOREIGN KEY (`record_id`) REFERENCES `records` (`record_id`) ON DELETE CASCADE ON UPDATE CASCADE
) ENGINE=InnoDB DEFAULT CHARSET=utf8;
/*!40101 SET character_set_client = @saved_cs_client */;

--
-- Dumping data for table `burial_directory`
--

LOCK TABLES `burial_directory` WRITE;
/*!40000 ALTER TABLE `burial_directory` DISABLE KEYS */;
INSERT INTO `burial_directory` VALUES ('DIR-1','PMS-5','43','22','12',_binary '\\\0JFIF\0,,\0\0\\0C\0\n\n\n		\n\Z%\Z# , #&\')*)-0-(0%()(\\0C\n\n\n\n(\Z\Z((((((((((((((((((((((((((((((((((((((((((((((((((\\0b\"\0\\0\0\0\0\0\0\0\0\0\0\0\0\0\0\\0\Z\0\0\0\0\0\0\0\0\0\0\\0\0\0\0\\p\Ǔj\c\H\\\\\\\\\y\\wjy-^z9=\'\ӯ{>3_\\`}:זE0a!\o\{K\Y\\\0#\|\\.z\\\\G歼q\rZ3\nz\rܛ=/[\\鬏C\S\?C>\S\\'\f>\(\9~j}kmOM\m&S\\}\#\~u\~Ƈ=[Tx \Ƣ\(,\\kt^&_5\s\K|sˑk\?^\\ӽZN\&DޙM\6\\wP\\:t\OX3h\91޴\\V\\\S筟w\FC\91\y͞\\\\'\\\AǮ\\\R0\\NZ\\\i|\r]Gρ\)fh\\n\\GWm+>\gh|uލ5\z	k\'{\n\e\m\^[[%\OZzSկ8\|.i4\	V\>iF$\)\ng\'so\<ɉ\M_WǍ\"eI$Nw \\\Yv~\$\5\Vs\AYֲ7\\\=f\O$ڻ\-_\5\\\Z߀\XɌ\#ϗ\\\\\\/yA\\'?ǘAiblQܙ\6hxu|\ѵ*\\\\\\0]\\0Z\~},i1@skyFھ<wc\\?LH\rL\\\{\}w]\\'o4\\HSc3&i\M$y1\nk \\V\iM1Zf\Ũ\\Z_\]\\\Z\n[=2\\*\+\\u\j\;\z/5\|\'\\κM\\K\V\kyV>{\\\\"<jj><\dy4w\Z7u\_$}\\~i\w}\\i\ٶBԡ;T,me\#2\o\z\羮\z\\\\rQdI\\\\ߚ\\\\0I\:\x9!\F\s\~Zd\8{\8ސ\\Aj\vNedQ}6JW|N,3rgy\\+#N+\ʿI?m\48\8\\\\33\\\A5X\'\/~A툤e>̳՚\\o\u\ζ=a5rtZ7\6\<AEbh\"\#hE\uՀB\UʴFa-#M\r̨\\\.;.v^\0^\G\\׾NM+K2\}\\\\\>ޙL\\HOU֭	ս \3°\\\x+Z\=6\\B^h%i@\n\n\[Cc\fzs=(O֧\0>r}/\k7)v\\r|\\{rx\\\Z7\0Vs4N,Y`\;\\7\f,/K+7:l\\\%}4	h]MX& ȳp|\\oQ\\./Io+LuI^Q\eκcƮ&\W\L\)Fq\۵\Z\(dy\\Y\]$GL܏AhU\\qDʞ7[%1\0GxXY?V7,\ZՑf\8\f[f\`\r[P5	X]UQ\(佄n5\n\vd\\aq20Ar̂\[OBM 8t\"ILOtBS,;J\Z=f_g\s|O\0\xJz_=32z\x>E3\ \7\#\ҋ@,\I\nw֢\\Y>\*z<\	\0\m-3J8Qxb{&AV(\"OE8D(QT\sҕ0-]`V-Ā&W+\VdPp[<*\Bk\rd\\8b	\ k9 RhY-\0REf\\"\(\|o_\\fϞ\\\*PϜ\\A&37cI]\Y\\\\\GK\	=\\Q!\r\8Rz\ZdM:\nPWRlMz\ B\ng\Z\\Z-JbT8Ml2:J<p9 㴑S\nR,.5\nb\+\\r-ҧțT9\'F{,\V3t:ژ=6sTz)*|nt\ny\䬮]\(o\C9N׉[5o\D<ܫ\ng\\?HOe\\"\\\bW2\*\q\3T!J*=VIAb\\ \nY\0qT	\ʵC\" d㄂\\\c+y0:P45\3q\lQ2C\0ئaP~#\x\A>ycvH\j<\\V(\Ԯu\`*kc\_\&X(d\%F!*bǁU<*R\r\VA\!+Sr\L1rJ]bl\\\K\\\8\07eB\,yq\P\"\uRꥃ@*l2,J@\rz`vKp:\r\"\NQQš\zō%\儳w؇N\UM1nu.\\;K\#%]͟K-Rǣ.W\P\"+fb*I.{(\\*5HZ&U= UzB؁,I@E\s\'GxIn/	c7]%SLI$\fI\\\0z\T\X!\IW-?#\0{&2P\\\h菔\Ɩ\\\h\tꋵS^\m\%\'3YUH$\\hB6vn\h*\\-Y5²@WG]	A%\WIe)$\n\ЦI^\\T\n\n\Z\kp\\#K.7X[(\2+5:6\\QE\&ÂE\2t^u/\K-O?3l\\869F}tMkoC3b_US\\"U#[<.\\@`с&\Zۤ\nԼf\\n:\\nңb$H\n\nT\&6\\D LiV,ƙěʡM6XT\hg\HY={-׫\*\S`\\\\Q\Ws4Da5D`0*/\3+.b5W\TVnpV2\܏IIm fF*T`[e(Qka:ˢs\rg>=\"h\nք*Jڴ	Qvd*\2YYc(\\\\n`eE`C`\'\M\]zSYZWJԋY[R\Δ\.\{\nhi,y|sT\Π\@ѣ߲b\ch!0=\\[\0x^\B/Sাo\r{6|\'\#cڇ\\\\\{OiO!g\\\zzx<F\c\\\\*x\OHϓ|Y\\\+yn_d\'	\\q\-\:=u׮-Y}20:\\	\E^ʾ>$Q\\"|y(=r\fǱ	\\\_q\\\Z׻\ຽ)lO	\\\w\i\<g<IA:;[\-qs\Je-S-ߪt+̾wVna\\0+NܘG\\#*c\L\E7`\Omy1r\:1nL2j\ȍ\\\̝1kc\P`[\TǍ\c\nҘsc6\eW^˓M1k6\\𸝾3u2-}aّMȗ\roB,\\r.eSnPvx\W>\\jF\s\se\yB{ގ\=9L\%Y޳\tڣ\\\+e ^O\[d&Dg˒#\X.gs).\Z\\NXs<ph9\cѠ6c0\ȭ]\PNv D\"U!\3\\Wm2v1mp*pb6\st\H@\\0iRGY*\Oy̎ᒳr\\`lu\\ܙ\\\\\xG\~}\r\\nw\JZ\-\ZK6%\ڌ%R5\0\u$\C\Zme\iB\Zնh\\(&*MAى`;;Qhڂar\n)R@.bX(\e0\l\nŠ\\Z-\(x\*àzΩ\Vr2\\<\\]H%ͺ{8\:tKP!Q1󜹯^pO\0o	K\\z\"Wjܣ?.\n>w+{$G9\k\r\`A=J.{`\\Ҫ:(K,&RԧM(,kA8\n.\\\n-0*\6Պ酺\n(1KA!;S\hi\0\m*\\^*d\\͗\\\\x\0\\\\Z\\\廜\at\V\U2wL\\|R\>\\)漏(&\X\\☺\j\j1\\bāR$PJ\b%\\*wa\0\[ 8\n1R8*B2\RlG\SCK3bF\ҀF\H\rRbnʰR\0*4)G\V	T\\J\~1\\\Ξ\\1\\>>k\ݦنkT\X\\RLK\Zx\169/oAT\\\\C+\d\51\r\8\#2\\\	0֛\&I\0\fkB%.:\dY\$RT\n\,jPRLPh\\Vҳ36AeIA*3Ҳ\\'Q\\f\\\rR.*\],~u_?(\}!z\\\\\\G\vqQw^ƽh\\\'\0Ì\v5D=ݼ\"+A\a$1z\\\YS%\`H$wA\%\\\F-NA\\	!=p/hIP07Le \4*4W&*\"\SGH%\0\j\k)Su$MLW8[^\b٦FW\\\f5Ӷ\Cѵ\jTa51μN\~h\\\]n~`P\67,\\Z]y衄\hYFE$[<(ne8H$T4Ҷ4&9]9ߢaJ\"Bg!\A\RHG,:ZB2 \`$+&X\		\)u@#u)cAiǡnqVdV/O׃2\\Z|ͤI\7~{c\wc\\\b\\qĒ\7I\_^UBǪ4bLҤj\ͪ\Pt\Є\\ȱU&𡢵\\@x	CR(\#gԱsq\\Ln\E\\0R/@\	ɐf0\n=[5 йv \  NBOO5Ҍ\G.\jb/CC\\7\Ky\{\s\\\p\\\\y!#3=1\B\\\\k\g,KB{X\"@\\nm\Z:erb\z,e\n=Y)\^2Z\pDZժKaC-\QĢ\\f˃8t+M\\вwbZ\ R\^3\.z! ˉ f\\\!JvQ\r/H[UQX\>\w\\}\E.G\\gO\]ƭAÛMg\S9AM\3Ʃ\\^q\r( FA[J6\갫@H\F[@mɭ2\*ֲ@\gAZ\V\n^U\tEA4u#\\(ddnc=xa$+I5zP^-(43\\Sg*/\|>ϟ<\j\g\<\[e];\~a\r\!,pѾn腚\\\0e]sEi8\nl\0-Ҹ\JY\D\r \8Cf^\\mt\A^Rr\Z:\/e˟«+\Y\m\\@-VdU\1\-hn&!AeXF\+\b&\>\\(xf7o^\3\#ۯ»HIz0u\\\%[I[ňjj;FHa\JJ\k,r6bynJ\LÖ\?\\"(\\Xu\ļa\\VnuH@KB\F\ˡ\r=	@\eLR\.#:{*zb\n\Ժ(0}PL\IK\ԗ|HO2m\|sBYofԦy:Y^Lm:3\>P)\\3}\'r\g\3|1{\\(jC/I\R\"u)e`OAYYZΥ-\)D_\#OEn5X\õI 9EDiqNb@ZpN%B\[\e4fU[;	\[_\*M\\Syݔ\\Ƣ\\ٛ\\>Od{w\[ߙ}\Io\j.8釿\\tUO2r\,A#,E\cLj[\/Fja\J\\pŠ,\n\"F\rɑ\\'H$\Z-EF$% \tę\Z\紻H\>\w\(\\Z>L\\\idY\Am\[n2p{zfen\\>r`f<\v\~oﳦN}v\rE\m`2S*\\\%KCB\r3(\*-PH\"-\/ >fPfGXR3Y\B5YRpQ\(\p\K*X):AlU9K玑&\6;\0grF]cM,׋\rX%\N\[W\\0?|jg1UZ\'dfW\\s\y\,@\fͱIc\<\0\um:iA\cX\A!\nM}H*\i\\5U˛D9l\#	%ɚ\\,KEVXe(J:\0\\`\~$V\"\R\n F]C.|\\\Hp;k3fQlҚWww6M]/\p\\'\\:>y\oWέYV\0n*\e\AKX|0\I1J\\n	{rl\Ψ\!7%T!\\cwb˗\\\n\H8BZR\\fq \%$n+r$]..N_JPkf\\'\\t\"׆J\y_[\Y4\X5-\\\qa\\3uq\0S?.\Y\ӓC\\u\\SS7_5\\x\4\\\"l-E1u\A\+S1\r,{jkV̈́\WVV4E	JfLX\X@\U\*^\0Q\Za@\\T\\\:oA+2˴\\0\\\̨]ᩨc\.a\\s_T:ؕ}zc\n\=_\>iKwU\AԼ@u!~Z+L2ԭB\%bRHJXA\\2\Ub Ke8	Y\h/F \"\\Q$mF\]VM\*( 6\2a{\\A-\0\\\fN`e\a\yu(=lF\o;g$e}\\0d\K\!׽2o>\\@0)fP\`\:H3BI^*w_MFT\\nԖpf^	U\֨jT\0ȓաxh#\4	8@\0\B\\Qw,U55Y\`\LN5W\	1\\\eX^M\\\请\ud]K\\O|\5\\$[\=)`7 (ZSP!VJ\H\\n:\l\\8E]Y\0\\\U4K \fBpQ\e\\,1\B\\\BP\#YQqp\ \%~$Bu\UU>J7ג.3K\\\\G[\\8\b>\S\y\0o\y\S\\f+/}\4gpJK`gQ4!ijܥ%D\\A-LJiK\1CR\\>$AR2wJlR:\r]#$*B/I<\i<R\nآ9\8HB\ċ\J\ZSJE\dTRJL0\~zz\WII\|s\3{yct\`!Cl\0`\\:\R:Pqs\"Bc8\ե\rC \\Z\\r1&ږB)k\C\\]s.=Ե\n\\ad~pP1BSTXB 0zI$\\\"\+q4Xe\j\\P\沇\\r#,<Gw\;ÙZ>a\!\{\.+_O|\\\9\/^XOo{:\\M\\V\\KZev\Dp[9WZX\	rtaZ,p\.hn+\͂\q/`:\)@ЅL#	\TxE\\(~9v%.b^c\V/m\2-HB-?H\n \Td~k\`zg\g\>ЙBpy|]\"ϫa8ǑŜ[X/ƾ˽{ CU0k%\\\er\\YwW1[_B˧U\9I=!bA\# \Bk*alPEtA\h*dV\\0x*\nasSRX	AYpp	0\E\T\9U-\EZkI\rH9zq\q|\\\\\Z\9R\F\u\\\F\KU\Z\\^|*z\>y1E/\~\Ө\ѰJ>	Q8Qi\lF:XX\\nE\\]\aPaA\nPm&K\!oa WMl\*rarPL\NNBoFVR(+PO\	:˞Kk\Z\DNT6r4$$\\!\\3Yf_=\}=5\\Z\\\fvv\`}\Z\S҆.\\r\j2Q\vxA Q8\'帄؋t)\S8ԅ \TMmaW)Q\\@ݔ\"(fP2\\D\"[4Ѩ*q\uAm\+\\3Qg8NQ\*Q@\$\YDԎ]\*XI\\\Y\\4_G\&\rAb\E:\wuhU\\\Z\I!g\vxoym\&\\anQ&nI PpF2UC0B]v\\"\nJq\G\0\\ZGedqt	bgsT)\V2-ڢ.KU\+\%\B5LRJR#\05\\yg%>_;.,IwGFǵzcyw\-\h\S9ɰ\#̛#Ev>4WRk\Rבas\\\\ZA\WA\GlAxiR+4B\"Kq.\mQ]du\Z\s5:\8\Z\LIX\Je\\sP*r	KE\Zlv\\L\5\ʖ)HXDEحV,\ejom,<Y\ڑOb\\n\Z\9\yxQ\j0ѵk\\}3\Jn\\4X\\\* /lasQ\ih\\zC \\Zsƕy#\\B+r^LdP\rRXƈëExEC:29J\][){\T\*Σ%DqКȴ0X1\ʊ2\U\5:Yc\\\5I\\IB\^\ӍI\zj\aJz\\I\1-H\qzCtuV\M҇FFQڈGFq%A\	*\\"\\qÆ沆R\ZaVpJ\a\\ԡ3KBa!fF_r\^\"VjJ\rKè\K2\":\\\`$\x\rޕ\\s\7\/\=\\\\\wVΑG\jܞ!L])XM\0dܺ+J\G[*ׁ\$7T\nR\Ԉ\a3\9ocS]xfb%zT\d1!Rl!vܰȸyA$TC\Z24@PMTIqOI\\r\빃42u\\{yofh\\+Wy\V\{W&:\CȗT\'y$ݕ\z^h\"j) \E_\\{\\dѪa\<\Y\\"pXE\D^\2Rfth\Ӳ\\#Ñ&se`|\n\\K\\\ɂ\\0\"\\'@\&vZSt@e\L!\x:K\6ndW\(af\5,j\mDA@X?\éEk\!.cWjJPUZ.yBV\\ Q\#DM5M\D\\\\[%2\0\-\4C\Z0\I\i\g(P4oJ\&#3)c\\eH01q\\M\^QXK\9U\\X\W><B%[\\\z\\v\\n6tϸ\YΗPN\2EVO3\tjDVIEG]\Rm[\"\n9Uxt$5.\fڅ-P֮J;[jؖ3.څI]@JĂ\ZĐlTe\DL.F\v*!X	\GW:\'xR\Ī<M(\Й\\'Ѩ\K8\\c\\,z9ME{yUs\\sY\	)4*s]BqL}<lNU0\it/iz0jCPh%H`P\J2Qv\@]%\I\,ȯhT\\5\bH\\Z\lp\۬SJ}j\\lujBv\:,@w\"J\j7o0lͨɅ.GOdR\Ϊ)\\\FRu\h_F\	meS	\\5{S=\dUe\ڥ\\g8-d\\\nL\\&,q&\L+\\']E\ۆ0*\\\,\\LJ\\A\ D74\d\0\BT*e	[%CEX\|\`Uh\сʎxC\ \4*T\\cPk\\u\r/.B\\ξ\/\\0ȡȹ\\C.`\$@!u`\\vQ(`\1QɃrEp\K(B\@,hu(L-V.T	Y\nA+E\8`vNx\l ,\fh\-8\s9\}OG.\VzYۣ۲~t\,ny\/\\ΰ\T}\N\\\'-\\\ZeCL\"\P\\QVBZHr\rJ\A4^J\AK^JL\h0J+^\\tr,b\@ztt	\-\!A\0	#9TO\5\0Tn\rGfh\]<4`C@C26]\y~k335^{\\\0ꠟ\o9e\s\H\/}7@\[\%Z{9m!\\rQ\Y4Ah\Z:Q^JMuaf,\n\^\\-ְ3\8C%od	\)\0rj\j3iY\*.\EI*b땷Y]U\r\\=E\+\\N\4\\9D/\(9\\K\4\\m/}K\E\+\.ه1\@ܠ\eA-@E\n\\r6-3Ĝ\"\AvsE\T\\W\*ZJ\nNkg\\c\u\޷\'\0]*ViKb+\3زʾM	z\\0˝kA\\Z%\Oû\\$\:! RGw6?^xZH\\K\\W\F>ߦwߣQY\3%}J\\n&\"\,$p\k(j\@2\e`vba\ |zGh-\0퉱˩\'boDM2*ST-h>C\)Kȃ(h2*E\\n>H\E	:41*ګ\\8HЕ\\BZOpR\$mr\[\T?\=\kS-LB.,Y\\[Y\Z0q4|\X|V\\\{Oa\\{\+\QRNViR\] yM\H\pocA\rZr\ZNnVq\'\U5qt\\X*%ʡHO~j\2@\\&U\\k#kT.a&\/Ծ]>\J=3\n@0A\\=\_\\XJ\9\r\j\\Zn&mXv$=\r\V\	\0%6&$%\Jb\D\\\С XJJ	\n\>I	J\j\6E\\]\2\A\\"(*2i\\kf5\\OOu?}3Ӏ\I\LV\2\7VL\6pn$\M0+e)k҈k`\BPz˰0+Rq\nR\\=;j\0	B\\N;`ĳ\=rcʛ	\0\EqYƭx33Kՙ(x\nźTl\N䩘m4~}\bm+%\n\"\0V%\\\|9\Dۈ\y=\0X^/Q\rnGow?\"3\nl+yVW+!\/Ie\\6\\\ZeP1ve0\MtIUY\Z/F܂]s\&JߊY\ȴ2/k5.\r\WU-xl\t@\vڿ7\=(;\\9Xn!\\DS\/[(\\|Oнlf	Z\aW`XVd㰄R\>K\\qOAk\\h\	]g%\\<A|N}r:@\`HtYNT\Z\r\\6ᖅ@\\4-\N\T\\Jp\RX,\nlKA{.]qYy~q\53\d\I\\:y,WH +ֲ+ib\k{\}#e\ҍtr&\3Yg?\ZleG\y7\\N\n\|ߥ\w|[ejak%\P\0+S>\C\\\\0Z\\9\[(FmC\\'\0\!Xc6\\0fA,X+e6\MNL,K\,P\r\F,0p*\s9 \\,ؽ1rַ\J\Pn\i\C\i]o.tL\\eo=I]%7UW\>\sM{\\hl@ b\$v`>#\x>{\j~\sC\\c{[6x\Mq~Șg\[\~ux\\\\nOx\|H\?Q>i84pTLҧ@e\(\"\0\4jHS`,sH\E\\xDZ\	kfi\`\K6DF\K^.\y\Ze2.]*>]Y5hyTLt`\\<W\<?\k\85\M\>Ί\\Z9OF\\^	|W?\\O\s\\ỦO;ZS\Ul\-\\\lJeY\ttvqv{\5P\V\I q\0\$61K.Q7EZ&SdCAbf\B.l\({--A \Y@h^*E\î9LT\nN=,F\z\q픡\\(aOuf}\}\\\NoD\\\&ލv\ٕ\\x\cW\0eĚ\+\ݜ?\7\W\yk\\\\^}\]\/MO9\}?:p?G\\4k\\6ǜǻ䙼{b\]X_\Z\3PZ)^CE!1A	B*Q\\|]М},N\׹hUQ\\rDXKE\\_\".\<^\\dD\V\tz^fceod>\@/\\Z]	^fO\\(<\+\\\C\\\eOk\5Fzw\<_E\\l\m-iH@9\Y5{kBqlj\\:w_\\z\\^\0&o\\d\\ZNy{dVP\\'BO\[\0\n\h\0\\hAn\0Ku{X͊^a&\"Zb\k4\nGW\fvF;\\jQ$\a\"(@\\k;\}Gc(\C\\vZe3o̮.\\^Co\I@]g\w=X\#\qo*PY`2=7\m\H\=\rb4iyǦ_\|\\_?7\\8Zٚ>O\979\I\O:+\~n\e9\.$\\[$ƭr\Z\\V*\7kK4&\g/Z\,m\$\\\\x>8MCfTuP\"MDfm8G\ZrQD\C\T\\\#\n7\\\^^\\+\\I\`{o#v\"{k\z\h\~Urr&nŏ؄W\_\KFY	@Pq[\yOM\\N]\2\M̂\~t>읏C\\4\\r\`6\T\m\n|:nNՈs\'ZF$9UVتX\=I0\<u\\7ZN/\\\vCo#JZIc\"Wy:\\g\E\\\1P04yc\-jT\96\|\0^\\Z\a\⴫%\ryA\Zn\j\4EȰ\؄\k\0*tŀu=<\\ι\\ǭ/u;y\G\\|-,\Q@\0Ò&	p\0(e\0s#Lp\A7F\ejZԎ\R\\rR]}\m\̍]n]LZ\Rb}\J\.~II\4]\_K\*gK\\h\\W-ޖZ\W&lcN\\\Zѫ\'G4\\:{%\tǣK~f@Raz7W{\\\\"8E/in\k\=(PUAfʑ#(Hkxt\r\nHU\H\*\T;k	\-\j\r6Fc7D\n\'c\A\r+\"ǒ\\o\\WN\\'E3Ծc\)6䍬_\x\\Qu\^}N[=\v\lLFR<G~\M׍I@O\r>L*A\s=\7d4\*s({#riP\~\}Y3[\Ѳ\K\#{:\Z\\K(\Q\sÅ8O\]\R	PdHJ}}U{G^\JRek\ۭ*\\\}ל3Scρ=%\2J\\V\T\^ߔc>\\f\Mbr\50\0\rS9ц\\{\n\0i KU\r}	N*\61ȳY75CIXb-F\G&\ޑU,̊+юD^Y`ފF\p\s\\O\\TPgQ\\4g\\oĤk/\cM\#K\G\\?U\=O\xzq&gLD2!YZW\\?u;y3[{7\Ӯ9ɏ\uz|\m͖_G\\F\\i#\d3D\\\lg\Z \\\]kYz\)pF丠\\\\n\TJ\\vtV\[:chY\"\4h[+Yڽ\|p7Y\nH\,Z\J봞QM๛柱\\5\s8\Z\T;\VfF\n\\\w3u&m\\\\Z\\\3>v7ӏ\W9\O*d\01\\t\n\U&\F^\X\ޚxG:$\\\&-͹Ƽ\\\&-،ϩCQek=>\\@\'R\@kQ\t\5eq\oZm2\R\EZ\YX:}\\lP2\{ok(q\ql\\3]]Y\}\J&\=\ӬetgK\\ܸ\\TM1O)=ҽX=δPp;ℐH}9Y\I\\~\\\\SvC\\\\[e\\բ\M)P\⺮\nt\geR0ACz\54j\\;\KZfX\FS@H6lwR\7N\1P\fʱ-\0L9,@\g\\\s\\ޫf\\F9\l^a\')\n1Ѩ0Jįɰ6(, p\A}\nY\ǅ\!F8Nӓ5,A\C)s\\\Z{=&hIOq\e:\E-Uuh\\Z#-rm_h\TEt}Ix0\7Q\lv3K\|>sH\EY9,2Фh%xTΡzg?\'g!\٥[Jp\q{X\A]=Xpp\e\\	\neI4Z\r\J\k(U1\ͅ=k\r\@g9@\KqJ4\\H\ڽln3\\\\Tu\\Zˏ:\"\\\yk9\':4YuI\*\YR3\gm!Z2\k:\׶;\=pʦ\\Ua穒8\u3\N\\\Eua;,aN\Gn\h \\\ri㦜Z\I\'\6\,\m!%\@UV~OL\%\<yjoBRVS=)Cu ̴D	FW\\Z\s\Eg`\,#mFgmqElhSyoy~\k&Y_I;4\"Cs\\\KX(;\1ZI^5_N8&%u:r\}<E知[\<;\Uf׫V\\"\!칉\\J\Z\0:.>\B\vJU;W\'r7\\F{\Tgw!\ΰ4;cGvFWv:׭\ݪ&;-=\㶷t\\\{ݛt{N\\\cwo\"\\\q\s9Im^\Oq\z\\\;w/Ww\\\١u\r\`\\\#}\\߻\"\\'3KA.\\\=\#wEuY\}݇\\0.\0\0\0!\"12#A3B4 $C5%\\0\0\\0\\o4\\fNKv\\XSA,4\\]C*5r,\܍[\qi\\\\8߼/\5K\\\\<vA\>Ck9\.\u\0\\\^\np>H9?e\\\\\pk\\7V\g\'\<ԱY\r5\g3Un\Z\\\U	s|W#\\\s+\_8\\Nk\\^5\4\\\WS[Ut\U\\0\\\J\r\7\\E\F>G\M|Z<\r\\{eFŪUUB:\g#\M<{&\\'\!\n7#\\r\\\o\*5ŪV8?$5X\`GA\\\%j8\\\n\ޫ-\\_ȯG@\\;\\\|G}w]\\\"|/\Eu=|kVy_/^uP\\G%\\\K[/?ëvyKkqR+Ʃ~\"\\^\v%;>/vˁ\\̿\n7+\~\'b\oƅ\_+\E|k,\\0\\ǣ\*T\	Ȫ\\q\/\7D7]\Z+\|Z_ѷ/ħ\\\\\\;\\\6\]XM\\t\2r~:\\>\r1\m\\YÁ>\98aI\\=O租SZbǭ\\6]\d]p\\'\nK\\v\8E\&\'i쮕V\7{I4V%Aܶ\\\?\\\\q\Zʵ\Ж&9|7o\y\y\q\g?\rr\Z\'\m\w.\r[$\o!Ʊ*Smg\\Y_\r8\\\8(w3\WWb\9V?*Jj\\0=-\\Z[a\-\S\0!o?bqŭB|U\n:w\`\O\'ª\/oz]5wn`[\9|?]_?o2\%I/d\j\0#E \\\Yyd\ng\\\?gW\V\nVyQqӓ˪\-\\\c\nS\,O\\¦j\'\q\n}rE\u&rU=ųZ\%!!\\p\\\[>ד\0\/Muoڎ_\8\Uh\sf\O+Joz\pp~\0I<̗\\\rW\\-\\žK)UγqW\)-*Xjik\\{;\\rY}\0\"\ku*\^Z|bSƹp|\Ky\\\r8w%\0\'z\\\\;O\=<\g3\Zx#\m\iEUU\\0ȾCO\\n\+IMex--?\|\ \غ54\U!9mJ\΢}vK\5q{lyɟ<Zv,B\rq֣i\\f\Z\Z_X\D*w%U7\\\)?-J^ml\o\'\\\h\0\\Ȋh\\rK4\l5mko/q\\X\,}\33e\6\\u\k-]VH\\"\7r<&e\r\O\\Zi\]9\9\\>gl\b\E|N\\ũq5y8\\W#^0\\~R巛\\~\SeA5\~q?w\\qא6\иg[F[pkcɯ{_\3[\\5\#Q;\:\~/\qy=\8\rg\\'\O\ïj\0{aW\YkFlT)zW\q?\\0*\|>^\\r3\\?&_\\qjO~d\\\x\ƠpW^=eFp.sE-\0!>95\\Y\k9\r=Sc6\f&V!\rԈ$V\cxe{kW\!`]G\=\Z\0l\S+yC\d{Qw@c\\\\\)w\|\ӟG7+j<]k-b}kj\\mχ\~ˉҧ^;|\̱\\k9#bۋ,-|a\[1T\0s\\\f}\n[\tS8Nb\Y۟\zum\-\\\k,3\\>mp\\\\\\1KM,\\]U!>\"K~6_\3\L\\Mu]:]\v\8?k\\\\Q\\.\P~5rF6U\q~2\\S%Mn̡\)\\\5\tuu\lѥbE\\+Ń_F8s\\\nQ\W\"\\\0Ƹ\n}yE|c_\0#\||zv\\\(qV\nUo\\\gF\x\G7\ChBD\\\\\\5\\`}~\\O*8\0x\d~\\\nق\m+\\'\\x|\iA\g\\eܓG\\nJ\f\\Xu\eGK\+	z/!\K>\0A5_\Z\W\ZW¸8j\\Z\\\\&\S4\\8\Ȫ\rQW:jd݁;\Zcw\l[|}Si\_#xes\~GqW/\\k\6\\cW)\\\ة8v\0\_\A\\\x\cU\ğہE>6U\/\6W1\\ט)+\0n+%,\|`\.emq9n&\+p9\C\Zmz\\0d\cv\X\j\0bi`xCXk\\\M!x\n ۭԖf\\uvU\n\\\6ٌ*\nPw_\\3\\W.pb\{R\Ƨ\5UWʶ\ʞ\\L+J\}Om;X)ЩЬQ\~5f\~_\\|Q-|7E%PVᢿ!y\-\Ng-5\0_S1C\q\y\\0O\J\m#\\l?e18\)u\\F[+\?d>O\V\Z}@35W[G\rl6|>\num\bC\\i\W۠3Lr#\Ƭ<e\V\gQ\"bj2~\\fV؁pm32\\"YT3i\8+O\\0d\F\V\[#\I^V\]ͼlqx\Z+\\z?\x/\Z}R;\0\o.Ѹ\"\3~IIۑ(	1\DX\~^6`Dyw\W6\U6<z8\+\\\\%帛_mF\v&MWe?\\\چs>F݆\\UҼGa\įT\W*#\\\\\W3Aݞ95aR//\b{\\uhV*`\\#C\n#m\rx\VP\V\\nG¨	\\#\\X\X*f\\,jTʭ5:mZ?ЌrK\\N\Z+7\"\φ\\;\[Ǻ\yxw9|Zr\\0iO\Z\?\0W/\8U\?Up8Zrs\\=3z\gJ6p\0jb\\\,f\\D\'%¬ef\P\蠁\\\\\j3\JT\0@s{\ }I|b\\0\M4Oe]y<W\-]\n=Gj\Z-S\ץm\E\\kZp\\q\\nx\:\x\:%@	 \Sǥ%A|\'\q\'<7\\SmE\l*K\)WEpWEm  Dpј\	}2\\!3a3\".@\Z\+\'L}0|K\oULe݈\\\\g\`	\XP񿎡v\nHre}ZCfA,,KM\e\\Ul\Z\6 \\J0\\\|B\0\rx\\"hk \\l\l\YPx\㻘kؼN?&\\M\r\sGQ\\*{&dK\-@Z܋\&<r\[~AD\\96+[mLeц>\\1\]I\'XLm,RY\:	\͗UmH[\d3`.I4EhAƝh	\l\0f.!\.!`T|U0\\O,V;	OR0+_\\\fnG\sJ\0($XUU\0\\\<~d=\\?\\y\JO\\ 8ˏ\\\<\\.CYAg\\Y\\\r<\a\0w37\_@a	.\\*\ٗ\_\]l\W \%~\m6`\NI\w\*EL@\0\0?\^\\xTp\r*\11:ð\,xQ^uȝbc\W\\!Sv\k6/چ>_e6Y\b!\6F	\\ 4z\\U\\i8\\Dϑr\Vqj.|߈J	\W\>\'Bld:\[9\?^Z\\\e\VP\N\^\9mb݁tfA1ν@ʓu{Xj:\Ƀ1{dXa\*WhetB,1sE{Q6h}^\\c)\ v\ifj.\*\eX\rk1X9i(ɥ\f\V[@8k1\'\5\\\_\0ɳz\ul5|V\\S1㓈pjAraU[Èx\1F+i1\սt\c\k3\'\r\T`+faO`jl_\ۼ+5\L\Fb\2\g#\,:\+?ـsRR%%i\\Z\pEk4\`\WWg-h\\>\"c\f\r\\E(P\Uˠ#\ϗ\x\=eJ\]»൶\\׸#}~\\T`\-,VXP܃U%M^|eV5\4խ\gb\Z/\\lB\\r\x\:YY\r\+1\mbɪDFܜj\\\z̝\A\ٰI6T\Z8cmp!Xp\*;䮲,!(2\\&kS5,\r\7g\0B	<b\"\\8_\ՍK>U\m\\\Z-\UM\\\\kArhx\ 븪jD\0\p,ˏqk\\\\a1d\J>KJ@\3	\Zբ\|5s\nF\2E8\\ZـeO\9\1\wd\=Y\2?\XP`-Kgݙdn|\aVc\r]`FPMlb0pv5(E\7}~*\0\p\&\V\\d:\D5~\O\0}j~\e\3)iC7DK\\\X\9UK\k䲕-ȗص+ӌ1\OR\nX\ɐ\L_ R\~Mk\=\_\cUjڍhX\{XV\!\\⼐\[\\S+bS~)@e\!\aĕ>Ŗk]WFt!\\dx8$\'1v\)0\FͅU&aU\\\4\\l	\s\W22\}g3\l*e\\\\\?\rr\\7ۣՃ8%<Lz9&\(3ʾ7M[\\f\ҍ_Uk}7\Y\~5`$g\05aV6q\gӐ\\\L1n]\r:N9\n:8\\}\P\Ү\v:b1h\P\n\5\6`&riWdc,O,G\J\\nKLzhVVw\\_j躢>G*]A\k\ne\9+_\5\%Kxܿo&ڛ5vK7\pЇ`k5Um\\}\6\\\\\V!N	\&@U\\\6Y]F\bv\0 \12\L]XtAԳ\\!B.g\a\t\\\,\CE\d\]V\0C#\. *\mJf@?VD\\#WS\*\t`f۵5\\\\sk\u\Yx.#P\ 0a\5IW9\\Yƨ\\0G\r\n\\Zs,׬k2Bec6td,0L\{lMZkc\\r]\r\r\a\o8J0*{pGpE٪\ZOl\nb#NZ\[LPEf\C\r\EZ\Fq-uO\X\N#\zz1XH\~\'\WN}0t%\\r-V1z#8YZm\Z]@)î9r\vr?2p|l\}E>TSS\g76p\\=\rkZ73\0\\P\0-zOUJ-X*5XUZ\㠣PH\ i\Sf\\_L&0\\9p* ey\\4[)L^7\,R0K\0\L0v@*\-\X);!\\feDŲ=QlѺ\q\\3\C	X\Q|#02\[_ zR\\su)rqxi\gn/\\S/\0%\0\rur\\n\Xł/\pчvz:E}x=>?{S2KFBX\\2\E\,bI2̬\r\l\MxިSR\}PgX5>\x@r15>\؀%ؾ\\\3\\r\\}[=\\k\n\Z\;w\LC\Xh[\ڀ\{[	V,KV7K>\\\Y\3\\\Vr\n偰R\0w]kQ\>e\98i]ef.L\0k\Y\8_W(>su\.\0\*Qc\07X\+S>\ު/Igdc\\e5*=\#TBVvF\l\T[9\\\U\\lp\\\\i\X\^>\lK\\{f\\QڍG\N;\j\\7Dx\<_\ofPM\\K܀V6\n\ؠR\0|!\\Vd\\vE\*+\'\\\`Ge\6|Bej?6\\^\\oP\1ݧ\"\wi\0;f?n\p8\z\\U\0\Xm`\S\\ާJM\*\Ȩ\\\0˖d\\6U\j\\m	nyWWl&`80Vl\\\UXcSjEU\FWo.H\U\-ޝI^^\O\01\r$!^mԗB\\bٓf\'\8É\>Hə\ؿ\`WU\\E\\\\цO\0tNlO\0%ӿ4h\y\\tN\m\U\"\\\?Pq6ѶŅ5_Y\5Lo}SMBdMCpz\n\c&ao\8U\ev>5b# jjJSSg଎\\0\\|d\R\\Yv\nB?\Wu\e\O\,\rN~\%VĪQV,)\Z3\v^2x1qOi\\\rt~φ\\0@g5t\`\\$d`\\3`@/P\\\WP\rBT-v7:v\M56p\0\!Df\5\L]^\ZJ\0`\I\Em}\\_m\6P\\X꯾\\\OI%\{W\	\V0ce#\dm\V\\ª\ôxhaW\)\S]SQ?\˘{g\\\0	6oQU۳7خ-i\E0wu. e٘bƹ&\W\\\ZZ\\\>9t\"e3BcjGa.\'pO(u2\T*g8rY]{\\\\e\0\WjP4\\5OUe/bll\DZ01EƁ\0Q6b:\ȿ̅0\%1oә\gZ\jM[\\5&\|\"\Lr\rX a\\.t;`\}@欀\oSɩ}R\E&5ʹ˹t_*\Q6\r\y?wD\\\A^eASVß[\3o=g\\\~A\'\I1\0\"s\0#X5\\m\\yʵȈ\0\ u{\&\<\g?( ]\n\\"5?$0~AL<\\\0|K19\~E8+SJ\\0!\0)\aW\\D煟\"\v\%\! \POަW\\+\0C\\\|RϐC=7\0L\ז\TO\韽\\Z\j\W&k\Wzy%j\\\\ZFenDV?H͉\Zyq<yD\\\$\O\,7ͦ\y\l&\n,	\$	\\r\	\\ O$,	\Z\'O(A<y\\\'O(EQ<yVyVVyVyD\̳̳̳\\'O8ʭ<\<yD	\\\El\I\\\'\1c<\<\\<~\oG/\8QܪKe&%\EO\\?W48ǀ\%78\?l!@ i↩\x\\'\nD50\\n怕,QUEc\Z	\V6\0bx\|kx\h#VV3\ؠ\\\'\(\\<PQ4F`AXόF\n&-X\<]\O#ĳAcc_z,Z\MT\r\%\\M#Bx\!<S\.A\\6\2\'qW,!\rlQ\\?J}No<yQQW\r`\0(aR%\;:x<`O\Xk\\\r#PY\WFt\V	\x5\n*\\M\'CX\<b8յid<EH\Z	k\\w\\*\\/Z\k$\\i5XՆ\ZM:\3MqόO\\xkMc\ulq9\1fo	\\\/\gѾ-lc\\ϋǌ(Pk	VH%==WU{0LFlG`\BU\k?6ͅl@\\:ӳ\A\4\\t\(\&]T	11\&\'\\\"f*&\ޠ!R\0f&!_g]\ՀZ\\\"ci\gΣ+OvK\ x\0asET\l]J,SX	\\YɅHv8!8#13.\K`A\\2\QZ.X*\nwO7eTlFK\!\@\v+\"{Bq,ldb\\fWb\"F`;#@\!1WR\\5\	lK0\U[\Z\0]tl\"\Rk\2m\J,\:\\\x\60aL)0!X߃\p\g$zqP2qШ6\>\0mBom,o8\\\\_>?з\~\Z+O8\/q3sc:GΤ>(]PVlSŎJE\"?P\"q\\@	\0\k<j4\\ݲ\r2\+_\\0\0l\\^\>J\\0\O\\"~U&\0|b]\\/ʊD\\4E\)`&\3V`cB\Z\b͠LKr%ËՊJ/\'t\/i7QU\\-W\S\n̈\\qٖ\\r\ф\`|\0?l\*\m!2TUB3\n\rW\OD\!\\$\\-\\r1خᕘ23~\5q+Һs-Qg:J\\Z|\\k\X}Oh\\nX\`\\Xk5\;$x\?~\\ʷ0\0\qX#\\\ƜO\]Z\}R\n \0)\ú8ɹ~==>RيDf``&\\\7z_QOeKm\\1\\b`\0xE@@M\+\\C2+\O\=pK	T	\n\G!O:2	\L\l\=`b_Xqr\\\\00I*b\eB\2rl$l3\p+·\\\ng)e#CZN\"Wɒ\]\_ԏ\n\'I\\}\\\n\EW\ꙟ\8\'F#u\X{\n%@),S2\\Z\\9@\\yt\\\Z@\Z\r.:\\n\\Xu,\\\0.\R(6\XmsRBwjSGDh~\1ݖ4)hA\\K3Ҧ#Nuh\\\\\\|@xP\\+a\GP6\"s1_ja<\\\0\\v\\Y\\-Olq\t\zhkC\\؟ʕc\"y\ʜNry,UT6wg^=G\=\h\[qsZ֨E\^\r=\,l\\E4\"al˓%s,\l\\A\\0~OB㣅o꠵\1\0\Cf\}a٦7\n\_U\B\2T+j\7\cƚ?fmHF==ej\\?3od[\_)\N\xg*]\<;WS0SN\0Rb90q=Q		:\>\\b\\>EI<\\\|a\"\WO\f\a0|e\g~\\\0Kzib\N~\r\\\#Z\\\0Tc\lG!\\\h\"\b`of\9\_c\f \huc6\\}QZ-f\N/8A\K*\sI\\=|\^U8EF	\\]\oy<\ġ\T\'\r7\\f)/Xf\L\W\6?f\ϭZj\!Oܷ\c@1,1l\lqa\\n;\\\\T\0RKZInLܩVX\FY]DZ\\f\\\#֪K\\ǎY\\\\7\i}\\.\իEQc\0\\ڃMbXu\\	+6exS`_~;Q\\\.؇]j\nڵxdr~s\2\\r\3\K\rU%b1\Zpq$~<;F1,\\z\T\p?\\\m%0j9\\;;rgx>\?]1\\TIyr@Mu\c?\"O]b`\;&7ॊd\"O_&\_U\J\^z\WO/l\\X\`\\'+\r\Zښ\vi\ρ\q߃\\x>C\"Oϲ 8\0\r[/X^\Z\|\'\\OV\n\]\V\7P2\Z.KjB@Z20>\fs\\w\0\=hrB[1D1\\\\K\fS\mn6q\\F\ug\efs\&zؖi\`\rv\;1p&gt֨\,\f\b8 \Z1\+{\@;\ϓSn\"M\\Ky\\9|5j-ex:PX\0oY\`l\\x\0qW_\\\'՟u0eP\'b=6k9\@O ִ\"k\0%UT\ɼd/&lMG}`\b}[\\aGG\_\0\0j=]М÷\\b90ZwU?\Q\#,lf!W2\.F̃!BM_q-캑k\\\uQ\dR誱D\\\ۏ[\\\31Nj\!+\38 ;/\I\\0OkT/\\<\Z\ƽ\	zя\06jx\|+\[\\Lak\\ܠ$\,\6V\-S.m\fٴX\؁UZ\\0#),\]\i\\h\nUb1\\ !\Ô_\\F\T]jLDE\-\\,F\\Y\\]b?V&\\\O,\VNK\r2\nv\\ncTy\Ze+^k㈵\s\.O`( yI\fهt\\.n\\\A_6\ŶTQEY\rZcj\Z\mՀ\XuN\\nNb\08\Z\\n& \3_\$#{ɋϩg$\m{@ThV\k\P-\\U	2ʃe\aXlF@GMҡht\Jp\K\0<M_~5?\+?ZX\0\-Ti\\=\ѥ\\Zʕ_\\ڀ*A`\ז\F>\I\\8\0u^\B\۠\\\RX\rz\jgpqS6B9Ů\1Ĵ\\Tg/!\7\5h\'l\o\V2HYf|HqZ\Xkc4c\}\0l\5Cg\\f63~亲X?=\\Ӹ4ӷ\)`M\:\\etx\\\rg\0p\rbWb|\ǧ\d\8\\0L\la;+-\_SmMV]j\\_\\s,f\nJW\\0a3\V \rҸ\1rTC\idl\˝\0]nV[Ik;2JĠWN\)@\\)sX\'i	|vFfL,T\\ig\T,p\ZS\\0\Uozw<\rs@l#d꼴m_=1\.ʙ@f*$ޭ8\\\9TqP[6\\||\Ogr\0 yV%G)\0mş@`EÊ\"W\Y|\\\	\rE|y\\\-@̤\s@\ja[1X0k>\rZ:lep\'r\=\rU	.\Aw}C\">\\T\0^52ok`	eڻ-_\H@p\0\\H\nF\8\0U_͏\ebV\.\7\S\Zm쾈ի\\Hf3CaqԚ\P\05UgIƹY`J\\|QA\U|	Ţ\\\Uŷ\7hj|A9~\\\l\*˷\\qG\\&x=e5\cX\v\*pʾ,\0\\\؁J\NyLC\Z8MT٪\\/\n\\0gklbg ;KP\0Z`4gԯ+Z}6	ϕ#_V,3o\e\uSh\\\\nD՛\k\GN1ĳXOq\t>\m1\ɻ\fX\E@T\\q6Zk\x/\?-rWOk9W\\1T,*W\-+ڣse܋.\Z\\q{<H[eVdl\rn.EHq\n	);M\+ejAm˩m\\\\\(X~S\1\FdY\~\"X;X~\n\W\\nݓ\\:T\9Hcgu֏\e\r\nܐ\/嬳\\\@\\fSJ\\x\\\'?\3«%`F\\ \²ǷW\"\Sγ\^Cޟ7o4\ng&X\79u-Skpȯv\tحN0\}rj\Ao\\rȌ	\\I\E;`gUlӥVPOS}&znTaa5JF؜qʂ!\0\\;\d\\_3\00\Q(op\:\X\p\0!tMʄ:]\5K\Z\qm\5\׷+vK9\\o`\\\%V\\o\0\\\\xEv\\ڦ?\L*u|\0\8\87G7,\Jgv66%uU\\\U\\0V(\"\%K\.i\LP\\[\'Qu\Z)@덎E pK\Ep|v\oR~BK0l;\hŕ\\\[\" \Һu\\f+dUMJZ\cV\n6oZFc\"H\$+O\Wc\\E\1cYȳP>|MS\\Tyϐ1͉6,&]A\A\+63҃.\	\a\\\\SjaQY0\0\0-\\\mj	R\Z\Z\\v\v##mȧȗ#\\`>>\\\.走\UK*¬.[H\\Ϡױ<{\\KV\\u0vt5I%X(@m\2\ۙA6)8-_ةH[:\n3>oخ\\_ȼb0\y\0\\\꡶\gݔiU{ǹUv+kHS||\\l9؞)P^\,if+\\\0\^=Y\R_A\[c\F)\\0[VRk\cü02\qY\t^\\1kճ0\L\\0J\ml8P\<	0\(E\0\1N!k?\qm\0%.oa@\OKU&ʻ\\c`Gb%E\\\\\F8{u;]n;\0kאJ\.r\\\)]nL=\1\@9f|B \n|c(\\Tfc\kR\T,%	\\	\cڪ+s\ -ج#6>>m 㒕(\Zk,f\?hΌ\ƹ\)\+\,la%em\#sb\>GTY(ՖD_\\rJ\%6؄\gY00\8\\w2| \[Vh`\'7+9\\\TEa\&^\\q\\'muٮ\\-n\\!\0FMll\Z}5\#\\:q\H\JR|z`,g;T3\B\^ѽW@\*\L#zώ/Reնc`,\]<e\`/֧w :%Y1<z\"\\0\0\l	\' .=I\Zm=R#(ڲ\dQ^ȾA\r\_D\ꠟm#}Xq8c_`!ׂ\Uy\\\ǈ\\\1PZ-MO\-,\5~5\qi\\0\\M{8j\p\\hi\\1\"ogY/ʥ@;>Ka9\\1U\7eP#\\v\\gҨ\.l#\Z*%\K\\\nJڦ\X*AV\k^֏\\$.VtϢ\^:\V\'F\0\9%\\ģ->֟2}pE.%\U}|g4\'e\3ٔq}x3 |Msoeix#,JQ\?JV\j+\\0E;-\g;:qO\PلQVv\FQ\\=j\l\\[fa],V\6I9\\1~1\>{bu*F\ 6PҦu\\f0tM\j\_\n=6JWN\	\#ƘRFfAkVТ읶v\G\RU1\UY\ǫ>\\j\?\\Rx\W\\\JX`3\\\∠T4gls\<~:I\}굸j/\cѓhګXci[\\ڥU][rP~^E啶\g\ԫ%qU\ѿh\3Pو3\\ΚkځSf\׭\0L-ҍl#f:@<\hU\X\\\\댅\7剂\0Uf\\\\)y_\\0\<C̶r9A9=hVSr=N>?lȔP8\\n\"H\7`4q9)\\\0\\$c\k;v+\\CYNv\ӲB\*\]XOZ31&\޴Oc\\\5%g)T\fp-sr\l-`=+{\2\fy3b\\\0\\DX\}c.:byWWƮ<\1)?^6\2d*\\[\{{\Ľ\\109\\.o\Zû\p8\sy{\]\v\lc+Fb#\|L\\~\\\r}\af\"JQXY	I+]~@+\l4$\\2y7XmSD&\'6 oB\\5a\UߴÁ0c6#\*}w_XW\0h\E8\`e\\\ԗ\`\\\\9\krzAm\0\,U`}\r\`W\<\'t\r9c&]n%E3\\\\GKM7\\\vJ:ܕિb&g\0J\\8ӈ@Wi`g\SSED1:3WE0A,^M/skR/\\8\\"k,U\\zU,`[YvSzX-)b\\0O\+. ̬\\EH\ZÝZ\\}-PkX*\X{qO~lU%\?\\\jk.\ı=;չ\ba嵚\cìz\\r6R\<\\KJMB\\Kv6\'\7d\	?\"s_\~]p\̊mb\\近\VV\0ـ#F\0#\2\nܺb3c\\ɕ\r\dk+ftl(0C*\\ee~.]U\-\\\n\K,.ed\s\[|\Ӛم`(\Y~\xR:a\ac_j\ZvW30`cFwfpiGڃ-\L\L=\u\ێ|oQb~\B\\.\rKk^\U]q:\X\lqR}\"~2x\\{NG\\TA!Y}\X\):\w7ˌl,ԽJ?xT9\0{tw\0\ZT6Π\\\0#-\U^n\\(\\aW\,}%s`\"\Z\n3>O\	f\Y\\\UR{\\\\\\.5hE~N%k=F\* lE`HFr\'&e=rØ.47-\\\ҟ)5/)\祵e\ȇ\֍\\0/\\~D\9m\Z\0!8	[>]A\\0\͚`%@5>1a\}\\L7a\n\\ cPyT!\\\ĭ:LK+Y`hH؇\Z\0UNn\"z~A):֜\\y	6.L\\\H\\\'漍)vب8\^+Oa\湻m\\m,\\:e\\<z\'d\\G\n\\t6U\jKHyҵ\v6-X\\\<\@a\*W6`|a\\eհ\0\\\dOvlF\jR(\\=mT0~{Y\6\ՋK6X\"C\)ymuVS6\\\nX\3UŖj\kU\Kζ\\u i\\\:~\\sQO	GXǵU\?j<VqV\\[\'a0Zҧ\QF<xh-ZuZZ*xVEv\+\%\\I[kjnm\N՝\\yp\\4	6\t]8K`\n1#>\Z\0\I\0\kURo_\\V\W:\8?\n#(S]\ֳ\x\\7\\4\eq<}\r\FL2u\\5*\eT\{\nAq)cfĭJ9̯T?#R\%0\e\0UZX\\f?\PB\'o{gUB55\0 \K\xɶ@\ 	똣 /\Tz\\\դaA\vZm\uʁ\1\ܺ\zQ^\Z\fk!*,*\rh\\r\\\\`AP\3 \\s\\'i+LZ$j\[#o\\\\ǰ\juz=+r^8/I@@Cfɺ=v\zx\d)!lDZ\s/\&\_xʺé\n\\"v\\0J3\\Ǐ_\Z%>\Dٽ\Yw~\l1\\VfS\\)>_pAR\'z6\3\o\D\JkքMw\fuw	&%\\\l>\`OR0\w\\\s9\\Qa񊳉\\Z.\e{NBTK\V\~4\鲽ihTѹl]T>\!>7㭵\n[\jvc,͞T\A;\\ai\>㶃9J\e1E鎄j\\Z\\0\\f@*\5S랭:%{\Z\`K`\nEU\>>F{ \\\\\p\x\O\[\r\RX;*\'K\\۝\\\\f-\U/\:\BmhÅ\\oƷ\\sxN\ n\+P\B;%^b7?u\\yFZ{)8U 66f0kwwD\0\ۖ\0ű\n\^l\\	vQbl\0zd;w\\+Ȗu\n\+m\\5ݮ0q\&\8\r<\8hP\0\\\ز=B\$lZة<\N\a \[\ʺ\\\}v:\Snlv&k<az,un\Vo\'9MҰ@\UZK3B@\\Q\Rvf5AEB\0S%*0p\n\mm\zV\Ĳva7L\p:fRYo\\%\Ux\XqɯwT\(,Q	JU,\\lINպ\n0Yﲍ\\\~LpWV,\\>\t\\\:13\1Tk-]\`>}\Z\\+\0\\3\a]\\\\yȮ\)[\+<GQ\w;\=L}}j`>1\A\9\q0#h\8\0\\n\9u\\ \\r:AQ\SJ\"h\6w\"c\妀1o	p\\\Fr=e\nku@D]LbQje@{6\\F_&*ϫ<#+ǯE(\J\*(\i\>Ǹˑ\+e=\\M~^h@3,ѵv\rO\࢛\0Xu)\ї\k\r\jybg\tc+R}R[ѯ\Qz쁲Hci=XWW\\+ef\8\kY#Yⱐ\}Y\\'v\M5Zڿ\hpZb\\J?\m\\5\틏-h\0b\rBȯ0\\\\nk5Tx\7{繸\y}\~<Oȫ\^\(r\=U\Wy_d\=^zֽluX\0g\XA[+\r+tw\kii\\5\ݼc\'tv{Ny\&0h\0Ј\[4$L\\\\\&\rZ2\&N\\\\\ @\勗\0,vU1\\ZU\r	e{\\\\؟J\cնx\3;\lI	a\`~\\rѓu^F,_jO}F\I\j$P1\S,e\f\ʥ\\eV\*Z\Wgv\"D\\Kjs,\0%\rq\ݫNKl\}v8?n\``\\8\Hj\\fGSc(ٓ`݋k\NK0[~Hzŝ`AW(\L\OY\Rζ\3|\n4նK*&TsgX~\>IpojsLG]fc\\\n\ P\m{4d>q}.{*\Y0@i_[Ke);kXWcO	S`\CHEV޿&	\'\YO(\SRN	iYFQ{;_c-[AdD%\\\$vUp\i%m\c2ݧ\\r\\k30|C\\`Z3Rsr\G3\Z4\\03y11鴱mK6Wf`p~3`\\Ϯ#p\\B\\GX\7\nCd1GDPJ\`\2\M6Mߐkbk>8(c8.;[A\,ȧM}c\\1g;\\P}\0\uHQ^\!RS\WXS\_X\2C\f_׍_\T2\,S鯒\~\\nk+9?zX̢m04Z\\D/\x\t\,\iUU\lӪy$D?\\.v\m\	fA_X,T]x\9ar\_\'\b\"\;\R\DG\dFܮ7W\|E\?հ˹DW\n`\Cr9)V|L\?\\s\\M#\캌\EC3ySd\nVk%FD6<D^2\\_b\%\l8\eCN\*0D)ȥEEIS\\n\Z\T}Mc\䫢tRTD9,[C(\K7F1\5\uf\+\0v-\\\\tw\u+V}7Slr7\˕@4\\\*s\\\Í.`6y\0/k\\0s\0h\y\K\Zݔa+\0\)\\Z\a5a\Ṉ[h\'X	\F\\^\.?\0=\\*11UZ\\-(9^\0`٬ń\\\\\\\Y\V\R8c?\\Z0`\@\֪P\Z\NCC\?⾣j@ϓ8\{+\Z\mP@8\B\,\\#\_bA\\)\Y[L*\CUW\E&\eWDq\`QU`\RUϳ-x$OΪk5?h֔\"<±ϨCcH0&D\Ùw\X\>Lk藉mA\fʍ\^/\\GV\\ev]p\0*\U9+%\wM,O\"WX\F=$ؕ.M}͹eZ\p\n\0z%}JztU\ed\8\+reAko\"Ӝ\4w>Aܴ5Y\Wخft O\'YC/s\Qմ\'c⏕ 9Qs&_\O\6e\7\vR3d\L\:\rߗ\\0\0\Y\0H\*k\P\\\%JO#Wu_,5\\U(+\)\\n\r\KZ6G\r:g\\\	1b\\lP\%I^n\0ˀF\'\"M!oST\"\\0a\ݢ͎\^ô\\o\\:\^\7f\69\\'\L3?\\\\uBU#o\rGV15\Y].2&pw\f4G*`zQ66P\ҍQ\Ш-\9VYc\Z\$ұV\a[\0cQ2ۘ6΁{k_@=Ϊcu\e\0`\r`0JkkჱǕԨWi\=j+\\)A\0\̣Y]bq\X\cO\\;ȏӖ\"+\s8\\Z\`\69f\\\3?\4r6\'\"T\ٶ\ʢ&\LviVB峿\ıN8UW\<{3(2WoܯΈA\n\&}\Yj=k\\2\\)XP\\c1,\Ի\xY@\0\"0\z:\|\"3%2|bJ2\Y\0\"T0S\Vsz+	׋#b3`+\\--\0\\0Z*\X}0\ffW\7\6sN/a\0*`g\rE\e\bހY`>?Pa\\A3,\0\F\:\\u\F3ڿ\-\\\cf\NB\n=\!+\I\0ͽ\CK\[\n=c\\\\q)\\Μ\(\P\(9\'\_a1/\%1\\DQ\\-A۪dx\m놡V{,\0/E͑>Cтq_#yOgji\_\FF4̡]Qb.ٓv\[\\r\v%I]\J\?c\ya	\≞\K\lfՋF9o\VAl+)]\bǥ\\\(	\:T0r#\\\ɌB--R\\\'kC1\\\\6\0\*T\0b\;3n6<\_!,ې8IkmϲY??P\0gd}36dejjbϏU\\m&ɴX\\\0˪XQ2ŵ Z\0Wgk1ݾX\g9\\\HZ6VX015fk\]U[G\\6l\\g*@aC\\u,1Ł\\\n\:\.&*\\o\\0\0\Z\\0\u\0cC:0`\\\d-`\\q=GCA\V\l5el\\E\\'Ӌ\\¦]g)Y\9$F\`\\ڂqk\\\HeQ1\\)cAf|2@351*\̧\\\!M!\T7qȸX1	\#\00pƥrN\\t\bU¥;8\\\B+\ݘ0p\'ġq[uƻU\mG\\+W`Vɳ,v\\W3K?qi\Mg\\sAbYGY\\n\9rݸ+%j\'Z\+3IՒ\d\\k\u\)8\a a\V\KT\\nS\\\+,\1|e\\avv>ځ\r{bDUlߏSU.\\*1\j\\ˬ\\c/OӠX6D\nYџ\F!`ddͲ\d\Ud\@.Xe+ULl}\\ 8oªdLdjڒʖRHPC\\!IG\:\'\0q~\n>\=\\1f0\Zֱ\s=C\0*\0g\K\jt^\r\"\pV/H\\	O\,\0\E\\nr4\0\"R،\\*\0z\]\\T\"hk2|H?\\*Sɖ2|+\0ZQ1ԸF\\\&r\\>\j\\f\\f\r`vÕ\Zf\0V\\تf,kU9\.\BRU0\\Dyp%\\0\#H\2\=t6\0տTe\\\b3:\\joa\[A\0@@8\0gY\\PMߑ\S\V\<&+Wm\\4}(\\Dhz\0\\H	\і\\\J\3\0\FT]#e*\\ю\\V\\tf71\\\?ʟvgW|%*\0fWX\b\ݑ\Vǈ~\\U`\"\ܗ	>W>!)af`u\~ V\0*F\,\dՉE\R=lLl`;x\\rJ)Q9\0C\\a\=2\\Q\5~E\\\+n\\\U1z0\0\\ZÆCӏZ\7֣RތUE\]6P?b&̽ٮ^\\`+-؊#\\X\o\+\VZ\r\\#\0,\?m\0(	[$k1}\"]\i\\[k,Mץk\$\Ow\!R>OR \\7FaX=þ\=l>\]nK8,β\B-,U_M\\'԰\\ aey5\vv\ԯ@.@[:\aZkl0!5`\%0l8TWj\\w\J&X\\,\;Ob\KI\wic\\0@l{Gi˯<z\f\n+8i&x\@:\bbbq\AR\\1޵\\K$a\\X!>IoWLb=v\a@Z|{+Uԏ\\ɘ\\r\\8a\02(;\\X \"F\\cNu?h\W\?)YQAd\j\f\ܱ\]\mCLz\O1|\qտFԕ)6yVT%z\\0\\p\\'6\\+\x\@\hL\\ًj$4I1\³-}#/ccn\\ءDN\\\0ۗԶ\Q\3	%\q\Fiɩ^\"\\\Lzle& 00\0_S2ظ\\'\a\Pwrk \\M{6CK6ŇYҏ }\\\ \É,?\r_\\07\\\\Va6.0݉\Md_j\G\c\\\X\zOBLXBصgr\'5BJ,f*U$\'Nǿg5y\\\\â3lǋsK\0!Uk|\rH\\1\V\\r\Z?c;E0\S.|m\\ZfQ}1br\Rc٤^g$wV\1\ƛ~\"\\r,+MUޭ;M\vĨ\n	?6%D,٭כ\0zp(AP#1.xW[7+`_PŤJ\0x\\^\'\XIO\\IU\06p\[\_\\o\':\uZ\eR16&\X\=q2b1P3\\w^\{2\\FYbż=W\u.\-w#B\ZU\`A\j\Ы\C\\K\\8TWQ:>]7u[?SY\S8%o\'jr>\\Q\0\\0\\SfZŅ_v?\W\\k\0į\\Z6E\hpȧENp,*\!\\W&\\\κ\a{{Fbf*\5t\Mb(\B\\\SXHkW&?g\ͼ\\\U\\"W\ W.#*B*)եxM|oV@\r$Ub}OֶV\qeq_le6K~\į{z\Y\\\'Z\K\"Ln\tUCh@\w[\"\4\rQpXA=\\tKEΌl%@\T᜹\`IJs;\"01X\jŵ\+X募fOB;0\"F.\c:-\rmjF%\\Cq\\w1辣\Z\9o\\*\0W\4	\*\\\$$fR,ε%I/~\˛s\	\X:ؕ\'%\\\"\\\r\ǞZ`|H5ae(k>LQy\MlE~IR	T.t}W0\1:1mو\\\-rl\m\Yv+\\~UU(\k\nd\VzHu͑j\\ZÂ[\Gu>Zӭ\\a``Ҿ\m	\0$ۅ$O﵌@\\\a\W\\Q\xUgu\a@hec\-{\{[<ٛ}֕[\\\O\ڜ\e?+\0&g,\k\\9\nL\˾\kG3m:V\ꬪ\\Ff\\>L\H\*va-\\\TAЩ\\X]cW\(\\`N\\[U\'J\5\1(\\z+\Иڠڥs}05%]-bI*\`\\+Z~2ͥU\\c^\\\\\q)FRi\\0Sbu֔-4Y:?G)\0]sQ{,*,\Zduh\\U8^yR\:\2\S!J:\b_6V5\[`X<:Y^\jq\r\\Zҷ\=Q.|ev\9vBW\\tk\'k~+\rtqbsB\:1\nw@$\XtV3\`N\\fA8\r2\0\z\\U,+Au@\B\]\V^<歹X%Cy6~\05\1W!s167sK5XZ+zT\x\..8T8=tRf\AO(\\Z[0\bw6mR@JKY^2*I\'F;v\0Ffو@m\:*jAfB>\+\1\0o\p>=\qf>!s[N)Ҩ@\Ng\r\\m\0&:\+e?N>\\dV\{;\\9P؄w\\Z\\m;\\\g/ǲFQ\n\#՟\c:`nS*\b\]\QtO\ \'+l\9\c>~ȯXk\\\r=hiY\\rJT\\'\@qjLOj\\F3Q2\	͠N7Pc}W0\0qE]!*.I\)[\N\u8\&ffe7G-\9Gb.s<\5xΨ\|4EH>\ey\rlA\)f\rev\\+Ǒ\\\W\X,fZ d,$\rt\C\0.vk,ZN;f\\\*`\\V&.Q<}\cޕ;;6\nC,\[\&>\)\'MN\0ff\OBpOC3H\\\b[\u\\^\\q\y\\\|q-\003_\mWQ\\\r[)V\ZȨ.>k+ݑI$A\\\8%[b͈\\*hQ_U\5	6\\10c\\nD6T\0\RنXpئC\\*k2Kl3eB\\0\I\)\0\0K K\n\[`i\bSa\Zk5\\İ\\0#Gv*0\\fH:\?b\\W1~({R)ZWqmaPX!X?hJ\]e̖\\rj\)W\eh\uW،\"d\B9\T\j\0*wZT\O\VX+@\j90Ճ\n\׬\߫@s,\\?֚ٹzw{c%+\N@s	P@pzn\[[TcaԱb\?&\ \J\Y\ 	eyӖ\1\01NC}\0U\ώ\\*\A`تq\0\\\\rڠ5}U걏֧\G #͙@5kNIN/\D\'2ܖqd\\036{\`#t\\3\h[&\0\5\; yg\pa1NF\'}ShB\0\^o\XB%خ`T*u\\\\EGb\SE~7a\u^E;ZH\\~ҹe!v{\J\a\\0+aTN>/i\aZ\\\.\90\"U^\Ν\\̓\:fiGWf)\rlue2O\c\\1\,c\\N\mGk\\YI|D\G\\f\\ɀ\0>ˑ%\"Uh3\W^]\u$S^Yfv,:\ت3@Vzc\sj\\%/}\Z\\'\\\3n&?O\7\Ø\lMUo\0(\\Z\\\\\+OKfҳ\\sZ.K\cX\U<gUPB`خ\"\\ξD.	*Υ(C}Z\X\ yT>D\rXbq2B\B\0؃\ػD\0\'۬a\C\<[<A1jv\1\\/ŭ\f\ʬ`hDGʎ\A*n@_P\/\0쉈bj\0o\`s\\\0;-uȃ>\bL@oj:\"5A,!	\1\5\\\dgW\\\n/%ʲ$\\2\"\\ؘٳoRquE\MtU\h:VEaj\\g-gzםgFd\0bSo0\8[v\\")G\ʨa8P\n\1ߤT\)>\~.\Lw!0!?X\\?:\QJ6p\'|\F\Ǽ*8C3]$\0XOb0»\rZ\\_;\0r\Zӈ\R\\IXH+މ\	\DK*Tmf\O%\U=5T\{X\}U8\0T\m\x+:*_͏Vn\\3fz}0\Hz&:\dLɁ?;D\\$\p\_ha>\ma\\\\\:F63+7\?qF&ڟ\ǥ\\\0\Z+\05L3\LgRU\2Qb\\5\\"/\\E.(H\\_@\l?]cҩ\Tz?5Y\w\0\82?鲠\M\\\\\G_\P	:\~0kz2\\XRUI\+&|\\\\gZ\㖲7J; F\\_К\0ҰeϠ\O(V\h\ӱg\\Z\?p&\\\\\X\c\kZI˨֠!W~N0d,Ŭ\H b\c\hX-mz`c\0F\Jj\h\Zm \1(X0.#בyR=?L?Ld\"\}gXyffP\|6\oU\\\\?#*roλHҼ}Ǵ\f\r@\l5e\w\Zֿ;\n0p\-uU\r> b\^UgfX\\f5\'\](\V\cCCX6u@11rbc?)eOm\\ϣ\1Gj\|]_Fɭ\0\_b7d}\\쉙\\\\\U]F\\DzpI-j˾\թcReɷ.Q?7G;В,v2+$\\\__=@&|qBW\#\\%\n\=̀+gؠ0\\;\lf#2\dӬ~P(C&C\M6zd]r#\j\/\\aX˱S\c8\\7HvuьK\	`ݪHpzhb?V\\a`E=L^|\ml\m\_\"Y]O9Y\WRf(\q1W\?X\:Z\rc\Z\%~ToJ\:űb\\\۰\t$`2NIFb\J%o\r\`\%\\n\:c>e[\j\@&5c,WS<xzq?\\\\l?\V@\0\KNG\\'\\~}\+\)1\/d	P>oY&9W\+\\W*R?헥MB\npA\\ZÓ>\\)f`T7\_e\'Be4\\r+\\T;1\W\;\Z\\&g$X\Z,9\>a\?St\n@@\\\=C4r\o\lr	I\2ҝg$.YI7YD7zR~R\\|B8:uQ٭VU\\~/\~\\\h\?\n\q0\n\_FAbP|c\e\S\2\¨\C/\\Z\Z颮k`A\X&\ڒ>\X\Զ7<ְ\ͣϮ\\\8y=\\\\k\l\ܒ\\N\,\qdBe\Z̵Iqk\m*\f*+A\DX{\w \YP\\b}\f#:9#P\G\\멜\Ŭg\0CtJ\\/c\y\CD0\\\6G/U\߈>\\B\rrv\\Lb\r\ E\gdB=ț\5~)mJ,!\rB̄0[#]#DBr7/S/pnö\\\\O\n\ZͷvY8l\\יR%no(|o\&=V8Ͽ\_`s12\"XU{K*v\'$wX\+\f0\rb.gYbE;;3uyXE\r+u\rE\\4<\\_c~>5E2Y>\\n\,\P\<J\\v5\8VgC\ІmS\0m_$\v6\\k}DSff#\\a\\n\\+M{*\5\kfDRӉ\Mk*GB\eY\0\\\\2ى\8)H$\f:b\':\|8f̩\^Z \}S+\'f&q,ȃ\r\M+_x>\\j2\:ƚjoƟ\}\"1O&r\=O\W9@\rJ\Qq7J޾\\lBaRH\\AgXȖT),ZX(m\Z\PqZ\\rΩH!\Nv\\D9\9u\\25ljߘ8=\\)2\\B`{чHAI\RBZW\K=C\Jf\nrl\\ڵk	魕\X\g;:R޽`0\ S\\,\\N=b\R\2IX\&\c\~`\ˆ_`6\\"\d\\r\0jk\\\\\0o|`}F]٢Ta\\{\Z2XO\ \\\{Z\?n\⿘TW\3Џ\r@\U&\6.S\+c\!\cҟ\+հb6Z\n\rҫ0-f(\M\e\\%\eY }SU\6J\y\\n\\\XKD*n\Rr~a(r\\n\cQ\5\|bYad*T@^e\\\p8kuQ*\8\t Ɂ1uzc@T\hZ\F`aZ\ٕR28l\j_\5Vmck2	UW\0wc2\*R\ܰb\Us},!\U6.\m`$\3ny:R\0Ƿ@d\bG0\0:g%\\\\\n\\>5,1maɁcw*\\^\~\5j\DaYNVlEu8\\0\\9o\:}N:\\"\K?x\q@#\uT:eԂK;-\Q\t`\X`4\s\\0q`\"$W\0ȭ?\p\X0!S\t&aCN\b\IPr	7fv\Z\)ow<\;Z!(;M\X\s\d\\\\\\ȷA:\з[ev0\\aZ\Ck\r\]\/\\D\i8\r\IU\\ͱ,)P7jF\\p\=>\[0T>\F9@\{؈dPP/S	\0\;eD(rbXv\;dew\'\\&̭\\r\80q\\j\EY\#en\B@\lv\ʁX쿉u\(ֽ\_?ןR\b\\nͫ\p\3/\\ \'a\ل 8ߝ`\G \n\\ِq\H\NkT\Y!j\Z\3K0ࢀ\"\cj\rZqĦƯI&:fC\\Ʉv~	2\\\\YE\%|Rݐ>ֽx\\7! a~F \J,X%J\\~q\FcFDoH3ps6\K{a\\r2,\r埐:\kupO٤Kϕ-VuHk\\\Z\8Vo\\ei9]]^wAئݠx+\0emj\F\0m\sWMk\.KebG\\q\4wU%P\0̜\"z\\\J\\vUvRnF<24>Mkc`\rm\0\\iːUr+#co\\\0{6vC.!\\Y#+\\ҿ\ZQo\\rD\0qݼƣ\VE\\L5\G\7`R{MT\0v\\riu\Z}3>p`\\+\Ib\@\0_\W\\TUA]}\ߏx+^5<b\0^v\Z:S3a\F9	>d@iZl\rL`ۋ\!͗\*\\\P)p\<\SMC\\\/:\T\d\iw#O]S\\\ImgLk[eQ9\\my\ǒ\\r|*\i/\>\\\0\\\,\JߥP\Ԛ\\n\\'gy:*tKdE	\YX\14v\S\y0eg@\>q8yFD^\fCB؟d\&>\}{(Yo\A$L\<\\\<zLj\A\͕\5j7F`\/)\x\i\S%\n.?/J\>*\\\\&\r\P}\>\\'DVڟcQ\\\ײ$JJ\ѕ\2KFc\9\D#*Kd}\\WxH1\P\9}q\9\q\p/V~+\c,\\\\0\\|՟#[񸂧K%\\\:\R\+)n\B?J/qوOX{\\v\ǎT\AVC\{ȭ~h_\\\Z\\r;}/r&\;\r\\%\'0\/`\[|\\8gmW\U\vp\AiK(i\Uw\\](\\\㠘y3RaBP\\\]v1lʘX@\(V \X,Eb;S\X)\Vjxel\\+0\y~98#\XTK\K\vch\\h\v,F\\N3 \\\bG?\'4\\\>\Cv֨\a\mb۸KXGmz\`8\\\7\0,\h\3	e\q\\E@\r~v[/|Wư[\\M|yCį-8n62\\b[+rV<@f56\Q\W]V\\Ė\\0vyq\,\E\ˊ<\\6QSs\v͚71I_|\\ˍ\\pNbTA?1(:]ԭ\Dv\\\\h\ᑃ63:PpOꏉ\0Їzϡ`\Uv\Z\nZS\\5\OW\\r\\ZTOįem\\<9V&O+gSL\\05z\&\"<\\k4\N\wㆸjԸb.QLg\l\g3\(\bU+\\\\9\\q|u*\z\\ \\E\"`O\c\\4Ժ\pf\\1J\0/\VXTԠYkCb\\l~#B\'\\\LE\\NTnڧ1MI8\\;K\'r\WgZ\i\8\'\g\@aWC_\f?Bq\&{i\i\\=j\h2H\r2s+2)雦\PxMb`ߪܹ\9\2\C\D\%M\f[,my%z[~\S\#ϝ\'!y<5+Yff\e\.\\qy%\*r=\\\pmsZ\zՙpշ@TiD1\'(O\0o2\{<\"\LVynE\e\\VU[\޳k\L\\\Z7cᬩG(`\4\邵mZS\P\W(jϖu\\Pq\᭭\Hj\\Z\,LYjש\nw\r2\jF\'yf\\WY\؂nՀ\n.\n|Kgعލ\֯\j[sɌa\ob>Hc˺V6\n	[	\;`\\\0\*%z\\u\\{iWXs\ԑ?\R\׸%֝T\\3[gya˅\\\r\Ͼ\,|	\t̀řq<\71\"),u\yq\\\\r+\\!P\".+d\\\\rF՛}.\ȶIB*ʭ9/V_^k\}\W\\9rU\\m;f\I\0\Z\0\P\\2f\"fn\0܎[\Y\6Ö\n9\\vw;?(\=W<,a\+/uTCY\b.P\0.7\\?٬\\\-T{P3{\gi[7J\Ns`pC31KA\nMz\0cE/\-pf\I@\,8n+\"\"?T\56~O%s\\Fʖ\\%`\4&ϑ#_\\V2ۍ\m\\0\\9\QX\n\ؒF!Ջ\0w%ƛ\\Zj\*i[JƟk\]Q~G.\ڌ.\\Ŷ\nPL6*\\4J[o\k,Y}ecjX\a=oc\l@cdEԚjMM\\\0bż\1`\0|h;X\\qLU\\\`\"Luh\Dt]u8N\0\-tl˼\V\жW\U\r\u-\\J(|gwִf-W\03\*q\宖\6\mNceg<^p\7rz1\\,QԺf}x\0\0(\\J{Nl\\8\nᬵ}\3eg\S\\L\\g\(\^C2Yt3p]\I\\r\nJW\&Fkr\\p&A	Wn뉟\\m\!B൶\\\{KFH\\|\0\\fu\+OS\cYE>Ȣ\\\0ǆ4rq(zc6\f;\z%M ϐ\j\,RT\)\>KzQZy	\0ί\\-C\\1aW\@\ma-egrZ\X\e+*,b\\n\Z\0\'\c\E6\\JD	aƭ1\\|\\rjoYkE\,oLB#O\\\20!d$=\\/(m\5!1|\\r\0\I\N25G\\T-\qX\\fiw\[\\MaoM\_\'\0f\rG#&#\;^,||\r-,Mx,\8e]iJ3\ D}R\\(sґI`[^߻v\Z(\@6\>eȰVI\g\bԺ\0f\8z\eKn\\q\\\Lf\0h8\&ԙ|\g1+\.Y>kky{-*κ0\3\rR\"MIfKYl\'\~?\$.\\'(\\\~29\f#wq\c`h\\\^M\Hf\Z\wXekY\\\)˙yb\(o\\Prf\e΁G\\\\p+#\=Dhq*8\a\\\N\2\sٱPB\\\rB9\\\w\=-Sؙ\\\ff3@ ?\+?_\\p\n)\%\X\ZG\\D\r9\\E\\\8O\g\rxl\ܤI\'fZ\\⩞&IF|\)*\Zωaag0agDIZx\\rT\Z\\\!3\fSBjNYgx\C<Y3\~\~\~\\ZaLy\x:\\\9hQs,\\Dģ0b\'Vx3&f[RFY)xJ?//\Su6ZꑆE,\\-\\ <\]Sϑ9ov]ɲ\0|]!S>Hp\IbN\\9\v\\x&`9?\0KV\ۼ\	=\N\$\0?S\aD\f35YM(㕮\"OEǬ\@Yք\}@L1Ϋ9^Lm@C\\YA\nīhb\\~G \2F\Sͥ.\}~<4Y\\rlnr\\avfQ\WK<6)\0k?5\|yQ!f_ӓ\0\n@cb\\0\\pRN\_6{gx\Xbk5w0)40\L;5^&V\o\bXZ0\eԩ$\:\֊uygx޲\u\\_\ɻ$q>\X1\0\\"y\\3,\zf\"\\rq\x	\?\|q\0\nL\Lr{S\]P(|\8a~򞤌g\zq>\Y\'8\YU\\̘GK6t\\bNَ\\}Wk̈LͿF\\0ՠSw{3>\#\\\Yb\r3\f\\ ϐ\\\\>\\ӟ\\ĎÒ\o\"]h\0_\\nW\\&l\-\l\	oX_z3\V\'\\0\\rkhں˧z\L@#\\\'\y<N,\C1cm\\lcpY;42\0\f\0LKb\\\z\FjQ3.\]#\\0\"}\&\0/:lq)~O!vH*>3,U6@F<A!	Ԩf\y<{\\)1M\2Oܙp\~6\7\\\>A~<3\X\0dg{Ԃ\Ivϓ\08xq\?\"\\0p\\x\g*\'\\}D\g2o\n,\r\m\\/Ӌ\E!0E3\0\\hFyg\BWA\n\@\\\e\\)\kU5\\\Z9l\MD\jg%K\nt\r\\\k9V\\l(&7\\\:WWyZ\0V\Z nL[sCyW\.\\'D_}\\\!k+8ϕ\05c5\Tq+;.惕`KyV;+\oZ\Bf\\\Z@?\u\ikwc\0/\YR\5	\.E!Lͨ&N&_L	\ \\Z΃L\'2\eɶSk0i\qb\+\@v;E\vO~RՈ~ЩfV\^F\J\[kvMD~`k6P\Ж\6\o70\A+Y\íQFNDb\"L5mg&Ŗ\\؂,%{\\Wf2\\^z\e\qTNN\mO7o\ i䇖\'3O2y(rPȮEx\\\~H7N\B\^JQW\LP%b*3s)9\\\RVUN\0\녿ȯv\g\D;M~\iAfAAe5⺧Rj:\0\\ry(J;W.TF,e\\\\ǻ\06ꣾC2\\W\Zߐ\/ \\[+hRY\rmu\st$77\\Zuzl.ꎤS}EB0\\53\u\\x\0;٧s2`\4\\"\\F\Y\\+<\\Ay۲s\0\\\y~D\fm\*uRmmE]YhCx6\9,k\\Hq)Lg\s*v3\{\蟀P\0\m=\\7\b&V\s\SFjjPuZ\Eh\\\0MD\L\Ӎb7 \Ö\'9\r\fJ+G\C@)CЙx\Z\u8Rb\'\\T\)؋MA\\Ym\'0\r0{\\\\AYǫi{\+b\g\A\X\0\\AeAZ$k\0\şQe}G3}H90\#y5\0\ʫ>\.^ͣ\r-l!s[Z\C\\m=:\\"f΄=A\\Z\D\g-(\\\c\\n46!\)Wbu\5QY1+\އ\'\A[QmE:\0螌l:MY\]Eygү\[\g!\"T3,1.Sh\Z9\\\\\ѬԵd[P9/s\]Ds\Zܒ\̖,:9ɱl3N(\r,\9g\_\\)cD_Q\\G\>ݵ\X@\'5thGu2ػ\}Jأ\زˀs+lG\D?G\"Yn\?_A\m\89\\\\Q=\\\J!pù9,W}\lX\l9L\ue\A+5B\:f<4\X5L\\'P`K:X\\A!Js!4\`\ᰜTsW`ȫh=Dr|@2\m\˞\\G;?b\Xׯ\~PJ\-\@ \\\J\<sX\"}-l\*lqL\r\}\ne[7U7I+\\\V2\\N<\0\\\?\Xyc \0XʧX$\\0Lz祴\\\\\1 f0\\wkr\Kg꫕\i\0k\\Y\3=}؟\\\Gpc7c\{nL̫\90FYa	Ne\VS\;q\\3\ߢ\Gv\w/R\جT\>\\4ӃsdعQ+\Zm\\?80\\8ePk\\\DoN/&!\<z|}\\Z\v\"[NN@\0\_\0\\\p\0S\'\\A\\}\C)])ı3\\x(Sϰ}ZR	[9P*62_\&>\\O#0TJs\_\L\0E8us:\(\u\`\\\"\ \?t\L\1\\\\e\;C\i6lt(qz\\}198؇L~\\ʾB\9\?u\Jcn3\%\\g#o?\1\쪅~D{ϥa-\\\6/\\K:N0Gb^7PE?c?\7\I\QP?C\\~5Anm\d\?{)?\\00\0\0\0\0\0\0 !1AP\"0Q2@a3Bq#\\0?\\ȚF\6Ij\O\3&rd2\\^\DM8$䏒`\\b誔Ļ*l*ʣ\"MՒ#q۹\%6{r\-w6?ô\&MCۢ[\r\ܑ&E\v\S4)BQ\R*\\r\'c7jEC{iC}\ȐVpr@~C\o܉6_i\d6\\b&\\a\V\r#E$2D;+;U&Y\H\oe$>lfR=!$xm$ʑR;-F\bp\'h2	Q:7\*cv6\;EdFĿ~YT*#\ OD\[\1Y\"-\\؂dHb\"Ivʻ_bsh@M\J6\'͢/\Z\U\f\O\͸ѕNGvd\όb_+B!#žIJ~W^=\F\]y;H#z/AAA       2\8բI\r\3PmL\\ijl\\\'KV\!nL4;QxtN\[\b8r%wdO#cB\\E\Ƶ\"]\IB\\r;mwuǌC\F#\݈x\)\}7C$\\\֔UUvE\\;q\W:\}ϋ/\\@1=\ώvq\V\U\6u/\\\\׳\\\"l֗xڐ\_d\mZ\w\\jz\\.<mK}m\rYq\j\B\\)՝\m7co\Sȴ\M\\\I&dfD.<mKs*sQHo\Z\$\$Mߐoh &#T\7>6I\'M\\IO6hޮ/O524e2\!0\3U\jMN\ثƾtΗ\\\E\\\\)YT]\ΫK2\!I\\ig\\V\50ʖW\?\ɋ\\\05\rH\"\{\'ic\03.!\ҫ\I=\P1zz]n>mNU.\`h$dw#bc-eObS5rt\EC6U%Ur\\,?Rx*\\,74B\$\$nSCda=\*\k\ʩtzT\MOfU[\n`Fm:\\\\#g_~B3\t4d\):\9Y0jT\\̂~u\Ѹ\\A\*&\#\ra*~\\\$zL\\w4;t>$\0qԨ\vC\5er`cn}T\U\a\Y\:\QJI\jN\\\Ul_IO%7c^\\n\J\KL\0p^5YQ\t\a+\U+F#V߀\\bU\n\8\0\\˓3\\W|iIU0Ο&\.\s\m)aɅ\ZE\\)f/\;\q\Z{ݽ3Q\WTڅnlx\W\\Z\{_p\\*\E5e*y\^\<\U\m/b\m\wH\\nZ[zؔZGE\D1\+LۖT}\E=Ʃ\'ۘ;Z\*\Yڞ\\f\̊\}FS\\ZIU7I&e\6f\\327G#PP\Ra\S\܊Ơ\\'\"FS) A	CRn[c2\\"\"þv76J\SLU\Jj(Me^ap5\\+a,n\\\0\lF\\+R*\ )c\\T\8\\"si6eCsxG*\-\\gCőM=\G\\4qyEaT7%}>eh\B{5|\iL\nSCJ*ED-\m+O#QlW\\T\:\zk\b\䫋an\+\\SlM]\\\}\|c\\0.\0\0\0\0\0\0\0!1 P\"0A@Q2aBq3#R\\0?ū\Úwī[\\\I=ȵNޔ\Z\\\-$b帢8\g~\-Wp%̺VFkt\$b!MQ+ݑ\	35e8nأ\\\\y2<\"\\Ǘ\N\U\Z5^̌N#vMM\Ih\J\dS\|bj%m1߂MI4GNG[tŷ\"I\U޶!_ɛݚɕ\\"E(SNT)_i%$\G%\%p<G!\'&-;!\\А\0G\\\?T\'\\"ܒ\bGR=\/\~\lo@޺b\v<Fޙ	\y\\\\*#{\U_\\\\b-Q[l(\\qtd\R\RnV7輴,6\\îE\\\%h)Y\{8F蒢\#tV\bNZ&\rv\sܮĨ\n\\0B\ޭ\R\n\\ɑ\)/RV28٣o\jO\\&\\\ؖ\H\\DYrE^\U!bTj\\õh\:(\r;7C\gБE;\d\H:d\(\b\BUQ_Տ\'EP ϻ\id\\\r\dU\\\bm\"2\r\"[T5\\\-\5|<\֓.׋+am%\d4C\TEV\.ijܤqchG\~\\\Qz{kvG\n.>\\\Zٯ#ϓ7\\ˁ2s~\*\\j,\j5\ZFQ\\L\\L\j5\ZL\[53S,YfjfS53S53S53S53[JK;ܢ(h(((4J4QEQEi(((hf\ZK\o|B\sһ(D9\\\rkw\\?ln\G%v<ψ]\\PcU6^Xk\.\p-ZJ\2u\c\|[\\7\\6ܭ\\z{\r\\QlU\\\j;F\\i\T\Dn\ke[ԗ\6\>1rJ~\-[	k5|c5\r\bt5=&\\(\\\(\\3\\b2ލD|cβӜ7Tb5`\z\\\W{O\\\ߍq\91,B5㥾_EgE}w,\RHn\\j/q{\x\\n}\\\\ƨ\\L\k#e~\XM\d<B\F̚\r\槜R&\5Yt\\4sLĕ0\x5lRͺ4N\蔗ѱq\i\\\ZL\q\D^1\Vriʲ7Q*Vxq+H	vU^6|dbɱv\'x\-\ѮEo\\4\\&u0$j\'M\\Zg\%fI\\FhFRɋ8#IKƼFz\\l\\0yx\\OebvWt.&O\Z/b\\˾yQ\l\y`,\/70|k罒\k\}\\k\\eŉsߍy\n\\#a&Ο\g\/\0%/Nx\˱-\%)}	izrirK\N]\Zl\,~8\n\\'Ԏ\]}rDb\RÌi\\\]OSgQ\\I\bq\'Bb,1\+_9[5	ED\\Ƀ\rv\P8\J\\n1Q\\\\\XPr1Tjf\\:,w\'\\kͲ\\\\Y?wb,X\y5ba\022RVyg%jb0լ\\uJt_~\"\\ƞtQ,J:7_\\\GAR\\1:\ʌ.OfGIZ,\,ǎ\\E\\GST,7\\MJ*\\*j\b\\Zb\_\\VOHY.ξ\\\-3\xzq\]L\0\L\\Wr+9l`\Y. K\`OvW\YQEWef\<#\(]btÕ<\"PRd\'\[0?\eq\'Yb\\s>\\ra11t+f#skQ\˘\\,ksjm,2\nL_;\덎6\v)BKs^\\A\0^Wye}*\ŇBV\%V\0\,\xl\\N\Ye\Yce\\ҫIe\]\_$ 9QEEej\\sYy2\,\,\,n;9+*\K\]\}\\Y.{QEeEQE|4WuE\\#&jbbͬo\'\<\\$7%YYe+\eX򜨋b%\y\"Y$[Ｌ\k4du.\]܊Y\БD\\Y%\fYV5EnGPKn\(Ǜc\"<\yrP%HF$JQ#,SH}yػ\pYI|\O/\y91^Q\)q!\\\0=\0\0!1A\"Qa2q B#Rb03r\\$4CS\\0\0?\\ZӰJh\\SOU4%E\b\:8N3\ZY\Lr󦭪V>\_?WO2m\W\8)\K\oM6ﷱ\-*)\\\p\J\q8|t\*ͮ\\h\\M5¡\QꚨZ,QT[8T\t嚿Q^\\ZB\ġQSt\ⵡR`Q%\\KU9ߗp\\S\MJGRp\\|>ScW\FիV2W.	*85UT/%L\Qʭ\n59+_j^)(\xj\>fL\\ЗӹCJ\\]w[4Q\Z\K=Bܕp$\V41D\Zupo\tU\\M4\\N<!\\K橷U%4\J\\\0D83W\\uUs\n\\\t\NN\rJjӦĩ]߁LJ7z\M\r+np/\:I|ԨOΪ\R\WNj\*iuK\0n3\:xOR\5\~q*\\2jC_I\r\97)QpïTP\(\i\q-MpW\rɮ	cIvp\CT7,QW\*\MXp\\(\\w\WCUM)-Kչ]/\z|U\n48\0Zh?@?\֗R\qZ\ç\\\\*x:mR\q8b\SsUz\U3\\gDQ)7;D=.aڪ\\+\0jX|zT\W\N:G.xT^\%5\\Z{\}\2]QV\\kQ5\\\g\6qq\0K;Ut:8骪|.Ħ+\TQZn-QIK\\\\\O\q)\g\\]\Ͽ).$O\'o\\U\T\(\\T\m5ZVK\ExjO\nu4\&p\McU=)t$p)\q8?Vt\y\)\mZ=w4\_U\.ۏTn]\\\@\\0\'7LE5*\'\E-.\'\\Gp.\%4槖.\mOj\\S\qz\=4\[\&_\\ܩ~Մ\\ptzN%\61>\OM\\\x5:U=\LSã(\\WC\?SUI7)\\\Zio\\'9+\\WG<۟\S\&\Zi{\_\\uv(uޔ\]0\PuW\r\\:4LqUK#\\E7zGQ})5\\d\-+ܚ\$\.\\ScM/JT\\qUK\S\\q\n]Ob\W\rӟ%>5pt\\>iDUyOç0xu/MG]F#\ؿ)\/\N\\F\\\\"ݰi\qԔ7ӣ\ZG]|]\n.\\'K)nq+\Lݔ\Ī*\\4\8\r6\Z-\;_\A\b\\0*\ThS3\\V^\r\画wrv\I\\\S\^Ѫ0TsRppթQ:S_\𪪚Wb\q㢵l4+7G](L\SơPj\xV8$\"Wa\ZTt\\\E?-RJԗSs]t?\?\\U-uO\r\k\\U:\s<ʫԭq\_iUn\©Bn\'\'é\Wiy(\rᲊxn\\\qp\\E(\Sb\k,\\8U/*\R⊲.&q*\\RV茪q%5W0\88/=4\Oq8Vijg\Zj\\qxvT5\_뫢b(LoG\7֮QW_]\7\YO\>	\?\\|ZdU\T\K\\ܑ&ʫ\\0\C7\G\T\>V\0*_\\et\NRǑnV\\s|_r\2S\\4e,<\mS\\*ܟr9p\0锷f\\N,)HUqeR\/4pi\ѫU8\puJc\p\\aL:r\E1\\SB\\\5B\x\\UJzi\4ڽ0SO4i\\Ӵơ\uqSUN+>9N\\\p\M]\Mr\>\uTXUO\\\r[\5~Yԏ\-<=zi\0P\\\ᾭ~\n\WBZ}\G~\ZmӾ)DT\>\\\N;UP\*\p\i\0еU&T\\\N*\\\U%5p\UL\=43મk\\i&\Y+U}UVE\Ja3OISKeR\	\kNC]O\B\i\断6I|<L9Q|>\r*>yc&~\|\{#\'&ĥ\Z(Z\.%W-\ZmVDE\roۣ\O\r7ޫAWj\+|\ZWH-<n%߁\ŝLzO%|gN4=i{TZ2ǌd߹f/҈y8UT\]\sE6tnt({M\n\n\n)3_Q33\~Q\nx]	A|*g\\\i}^r..\VUØ?z\rUB\v\u\T\\\?\*\L\\iL\\\._ʨTxl-N\C}\G\rk\#n	XZW*_ޡ\\0bjnɥWT:9#\*fr\Z\u(ix0a%)\:^\f_^yid?ˢ\'V\8\H8\>o\\ZT\6f\66w%\E\\0\mV\R\W\\{Qîj[7O\\n>ެW\\_\rj\J꫚Ӻ?vc]\\qb\gaPP\\N+`\qNW5\4.pDڑp\\>T\*Ҝ\rĪ)\EU~WV/]88E:\\Q\uJ\܊iP\'dS{5j{r\I\E^\N\U.\'[PJ	\0K\iD\\J5\n,MJZi\iZ\tWgo>\;Ո>-X\G\#\x7ċ@\ɫx*EtJ·O\e	ԥ}=\\\*UL\K\!\\m\]O\˻\OV>\t+)a\\r\+m+-ʨyI\\|ND^Qh+\YRڭTK\0#\0y\\jJ\݊kv)\(:\\*n\M\\rJId\\~\"qt7)S\.*\\\B\U\\{\0jnU^Y\æ}Ι\"`W\[5L@\/HY\\VĿbޑ\u\\Y>O:x\|DWJ\2jtJh~\Zx.kevY*E2\?\\pK\UJ?o\\\igJ\ZG~u?U_\\"Pݪr>?\\S*>N%4\9}\\\\PE8\\W9\D\\l\ON7E_ꦇ\\Rw߱^O\}X7E\厚xG𫖳\T[4Q%.eK\җ+m\NU\\N\+\0mv\*\\"^\?o:j\)$Eˏ\\;$ÚT4X:y4N\\\0\Tϋ\n\Q\\Si\9)\:U>-\\=)aՖ%ŭ\F]J\\"\\+~\r;Rhwp\ҕjUNWbw\V\\Z\0\ơԾ\L\..i\\\+r\^HLro\D⊞\J\/6ŧ^zt8up8/ò~\v\:\0X\\\d\â߄uRkfc\ZRëW;\U=W\d\q\~PYؚl_&\%+Θb\+鬇\\\)x\",\鸩$\:tEu\\q$|6\\\O)wt\T\x)\L\\hn\e<>+\[)\'z\y*X\:T#Юv)u\\\9\\r)e_=w\WiO\ӫ\+\\^\"\NWL28ɧ\\\#ʨՑ*\JkԩM\zrLp>\\WM+EN\VG\NDfQfCYeV\U\\:\\ZRYX	NȆ\\")ɓ8\oC&#,\\Sx,B\ZFΗr\'8?wC\'C\?\\0Cd\é}>n]\\J425UYhӥC\Oȫ\|Ev^h/\p뎆મ\,8T\J\u4X}L%\NQvY\<4у\P*\\Zjω*~1cO\o\;^gz\^+_\WҞFR\Ŧ<\\\0QM4#S\1U6\\wr\\W;\(Sfd4д|H\\\'zb\_&PXqo\'y\'0(x\M;2\.\\\\\JtU\0V\+:\J\N\Ze\#4i)Zvw\"e|I\\d*ĪUT\CW\hWsG\Zco${jg®˹\\|ב±\MGF§L5~\\=\-ܕ*i\4pc\B\\\W\"\0\r\%I\KZGHbv<Z-Ւ˕\\kI\y$p`sL\"dZr_~oQL\\$S\K\W^§\+)7f}Θ/\5w,NSb\@r)\\:M.}t~\Gp{W\\\\Ծ\ޝ}Ná9[\KО\:\GN)+T]3ǫ\\E&i\穚9|Ǳ\r+J+wg\U\*\\斊/nT8o¢s\\\\"\\\M+0O)7$?4\UK\\\6:O<oQK=d1\͎\\wl\t|dI)ɮJ\)\"xm	J\\]<\XSM/OAv/#Sf_&GKM5WA<.\'\r\U\p&*ԣ:]\nt:tuEف\K^GE~Wg{-|Bޑ.\){\\]u9l\>%\\,\I\'S\\\\\V)\T\(\\\r\w\"[l:3%\\垉5\#\\Ac\n&9j-&yήi\e\\(OP숖!O-?P\e6]rD_\Lh2*\Kܽ\\4\Q>SBj̷+%tX.\ߔEtdU\Bەiҫ\ZH\p\za9o\*\\\bӒXg`\i\9:2I\mL\ػR\Wr\N-=t\0\DT\}GVH^\r:v\ɕUëT\\7֋dsb\<\nWOdjr\\-\\\\m\\J\ZH\s$/O(\\g\\IhD\\U\ZSGMP\<+/\=4jb\g\\0\\<.晴WJB\\rp\ZE\\rT$Fp\Zz%dÛq[l=dSdC\kܣLY\DDHk2Ș,Kx!K)J[J\YK	Vg\=+P4.6\M7dr\1\R!#{\"iY$\\[(\#\"U[)W\4	\"Q\\\3Ly\|2MhD\,\V\%).\'\أ\'h>W\oWS_\\Z\ԏW\&6\dI\r\\r7F\Z4-Rf\He]\duu\\ُ\"\#/$*gɅNK-2$\^¶#\,Ҥa\d\N~PؒN\\,zlKt\0M\\\؏[lձ\"H\f軻\\\IܝMUK0w5\rBѪ#v5&KX\;՟r9[M\2VªLk+\L]@\XZTW\ૅç꩚WU4݋jj\gs\ZgQl\nG9,U8iEZUlS\\\;tRd+ܦ\'L\DRo)\\2b\\NII\=eQS#Za-˖\\L sƔ$ߕ\p=>\&fIfJR;W~_;;\\gE1Mܬ&r\ag2\1)kǰua\oe&\\ٸ[cᬕ&S\ZN;\#9d\r\E\p\_dK\&UJ\{p]\Wv,)\ub(\:-\d=VgO%O\n\q\'=L\\?m	9صfME\.\GjIe-\n$jv:Z:ȑ\'\v\k\\M,O\Ig\8gx\~NN,\\0Lr5ݎ9G\Ck\(\~9e-M۷,2\0e\Di\\2I-oj{ZmF_I)=<7\rެĢrEUuZ\֡\\*cq	1UW\^?r\\K\+#UE\8\V\\ֈp\,T#a\yM\jhS$\"uE(\"I-Z5\A)<\F\0qT\ڛ\*uKY#\\᫚P)O\'\\!!&E(O\=ą7:TXCR-r#\\(Z\a)kUtߒ\'M3#rM]>9\\*\2C\rt\ZiQ\]ԍt/Id\e|;\J4\(tNH]\Um\N\Ʃ\*Y\ȳO0\Jx\\q($ɥ\\\&%jGc^9XNn\*.x=\vus\p\jd\˲0\\rM\"%dtO/\aB\<\\\\\P9Jǂbi:w!):FL)T\"\EY\"I0bqbN9U\i\B.tn=.[V{J5Űe$\SK/r\\r>386c\p\Ůը8ii\F?\U74-ʓ[JY+\X\W\iW\&qvFnLEM,؇\'HeqQ\YtR-z\;N&GbG+n\'t*iqjm{\-*Z=\'nO\\-T)XGT]\\=/\i\F\\\N,{&t\vN\7r[\-EOS\_$w0\;\\c\\7U:YoȪ\\|ݎ\	.\\OcG\r6\<E\Nb8\0DF6u\NgQU<UV4(ET\\'\R55=X<իT\t+s(ҵJp0C\Bđ&u5b5\"R\/u/z[\j\0m7\U\r&Y&Ƈ:{\\Xpȥ8{ԷQR%\y\(\F{.\-$ßsG\\U4dMHÅ\ZX\3%9K&Sjܥ\\sP7ƫش}ܶq7&\\MTɗr%P܍3MZ\F\k\UM\\J\n-WQtM\t:|~\'&aPQ/\\R\qU\\էR\žF>\:U\	܎X:N\;@ڑ;.IC{Vȓr`7==I	,v;\rsX\]\cI\84\-\!	Rv=\r\\rŮ#S\ۖ\۹\үܫȻD\\r)X\ZJ(!B\n/\i;|\\(\\Ȫƚʔ\\\kf:D\/n]Fl=7uǱq1\F\GHx98iKIj}<\ZYq7\r/S:\sV	y%&\^<	%\Uq)Yf\\"\iJ\\q=\MW*uYӄ]\Ku\ZU\\Z\2e\Yr`\\q\{Ībl\K\Oe&\\\١\v?q6\$\Vª\rL\nr7)-5\\K\rhc.\\{\M\r\nw.A\\_%˩q\\Bӓ\"r1	\A7M\u\56\"Z=.(kd\\0\NE.\K\,Un_qIwrڕ?%EcFtB4\ʧI{2\U\\.\ϱ\\y{̝&\5\Z_\øDёUVIf\})	c]h^v\"c;ݎ])\雑Au\nJr\#ҡ.H$>W%\a|OQRE)Q}\dHO$ƕb\c&:\w&\'\;lAKf\\Z\rW؊\\r\,riCk\'y_\'J$gb\ϓ,\\\h]l\\Z)s\nv[{\ȠK.k>\%\F\0XE\e\+Ҷ*\\}T+nW$W*?b\\\",T\S.\\\ߕM\\МH\I;,>^獼R\+)\\t\W\\"n\lB\\$`{[$j;\ern\\6΍\\\TiN\ܾWr/6\\K\,v\jQ+w4Uaa6_cԠԹ:_\\\Ni\\%\*(R|z&\(ĮܵΒjLU\{V\N#c\UūR#<$~\duMVtzM7u+\\%-x?\R,썎F\\=pXI*}\,rY5&	v{U3D8\ɧ\\׎p\\WP(\\ÑNá)i_*g)\w\\ZdDp4ɦПR<7ӶHY5D\u(Y(\'\d}Ε\'S\\v&V\'\$\ԭ\\ۗbD9i!BGO)בu1=w.\N`\sT\wrf\8N\u=R\Z\Hi\b\i\s]6\%D\Ě\Wr\Z=M,\\z@ދ-\':E/A)?\\=%=\\\s\z,z`7^KzEL(MУ谺p^Ԟ-G\Z qEΪjs\\'Je.\\r\1Y0o\\œʸ|\'v\\֚\\\\R\Z*REMrurfL\dɓ&L2z\o\0\\$R\~y\c<dɓ(ɔeFL2\&L2dɞVw%D2dɓ&Qb(~﹓<KgzOK=,\\K1i\\2>sOvDpx\W\%\`rJd>iw.Y0X\\`X3,\广,gK\\0%\\i\\b\9`0%\Ƀ\0`0`k-*;r\\O\0`棝\)(\Gzi\`\\\y/L\Cfd\,Iq\#eUȥ{`\\\,rMcؓ˖\"y`f.[%ۖriJ\,\\\h\rrő;r\\r_\.ίr\\\\Z/\i*\W.$ߔ}(\\0\'J\"ܻ;9.]Xs\/\8\4/ͮn9\If;r\ZFE{t\\\\\j\P^\D=\X%Y\\\nJMxb\Ziy=vi\r\l\\ɞu\~W|\qɼ2\\aÃ\\SkG&瓦r)w\87.-\1rKEJ:\\\6\VfF9xci n\ZE\\Jv\"\{MeF%\\Q&^̆1B2	S)\dSV\<Z\uQʪ+J4PR>7E:l\چKE*>U\'%؞TZ$DF\S-KCR}%>qMBUe!\\\SK%dMg\,\M\\\P]q\\\T(ON\&\>\\-\K\v%09\\dO$R~\\pL\4E28L\e1i$QlW1c1/\'š:w|4\'\_7\5~JI;\B\#SCb\*D8ȓ qS\bZ)\I(\+s	X%)4\{;\EE9\0-_F½\k\rfK\\r\s\fI\ybU^]B\'c(\"\r}6)Z\\$i䑁L\\HX\\J<	:/jeE\nY\Z*\\C\Sϒf\\rUWUOKDlx\䏑\<P\$*u\}CG\$i,\=+S\d$4깧es/\z\\Jr\͆_z^\m0.Âf\r$\c\\\\j݆չB]i{C\n^®aB\\\\'d6y3\'UXBt\d4\o&e\T\L\!Je\Ua	be\Zf\S3\8\US\\n\+w*ziUS=\NEt_\ӿ+\\$W.*FܴvrZ\dU{HVݓJWMG( \wN\f[\S\\E};;\[20JY鱧\\tbyU[\XZ\ѭ\=;`Ng匎.F\[T\\SS8P4MwksԬ\4r\Z,T.t\.E7gVKc]W!&%ZlBĪE1\\)H\\\4\%\\T\\Zb\q)\\\	\I3\L˥\;d\1bYJ~O\bwbrrU=X2%\r@\t\=BCeIU/\=Q(\\2MD[lDXn\\0\aɥE3\)\.:E-{Qq&=Q*\\I.Y+\K\X\Qӱ\@Vq\Fv)6\]+\\dKcfy&S\d,M\cD\r%	\P՘\CiQ*U5]߹S\ӣ>\'\xT\Ux䫉aqQK*\i\>90`J\\r\\\6\\jD\_\/^n9)sdY\\҆A\jF/\I:-PR-^ ~\(ب\"TSԞ\nmcNyAq/;\ZN\4(\c#:V\\\\Z^Ƨ\\'\WHƘ/\SҨE\\e6\'<\Zw:\NqC\d>\\\njD\\Ҷ8t/*3>5nP:+W\r\\i\W\n\\\Z:x\\PH4PT\\I_W:y\˦\\S\-x\٥ᓵ#]\B+\J\Zvc\,*|x\U\ra&Y(w#)hi{\?\FfY]U^v7\\m\\'])W\)w\.0;P\*R\4\TdSSx\'^R\	D\0\'M\\:v&旞I/\Vrӹ(t\V\Gk3K|p\EL\cL\QéƧSG\n\ncz]\}27\JjN+\Q:{lW\䵹\\\+u\`Qa\\Zwp\v>*݌u\s\0*\\\\\=\*$\:T(y:I\\U$#-^9:3QcKB\%8e4Ekc!ۖ\nǥǒ\j\LK\)Z}t\\\{_։<\\\\UիkH霐\\XDϱlve*S\&\NE\NWn\5US\\\\x5\\^\n8\nU<7vi\\8\W.^y^Ȃy>E3.\\ĝ\U9Wk\x!LH:زY\U1mL\?x\Zlh2RS!)s\ؘsC\Iu\\\lt\Wo\$I;\>\\:PΛR\dlx!*y%\'#ҺWWQ:\0\\TudpZ*S\\_&&4F\_ǓCv嚹\Zu)!\č=5w\O\Ka\x\\;\[\ꥏO\\\2nυM6)\\\Z\\\C\R*7%ǨZ\^\|:ZYHR7o&0tS&	b\EUja%JEi-\\n\\q\'vuAKW?\ rX\˫~Kd`\G\WLܷ䅸#$lq\=|ZU\-<kI\f݆\ \O\(g\8QE1Q>\'\Ξ\r\rlp\0\W\n!:w3\\i#uF_r\"\r\Ƒ$Ul\W/\J]\\\&Ey؝tvZ\\ q\iLc\Ԣ\Ksbޒ\"ܯ\Qث\չz|rt-\&n\\%,YA\;4]ɨY-\6}ũM2XӕPaQEY4\o#s\'\\\OSymH%X{\\KJ\ʪUjsM	ܩeQ7GWcU7\W\QUS2ؿ/2aT}_Or\f\\8,巴\\\lV\[\O|$\Z8\e5\\\vbNNE\WUn\UHy\'dfݏT1]\._$\rঊ\:MGcV\\'vu\\*\LY%*fw3~ƧIk]=\"P$w?p\)YL\Zi\s\ua`J	Y)\dY[rBɘĭr\A\\AZᵪ,q8\tz\\M3VgkM?\*VLەu\[ӥݟ\M:\n^Xuܣf_WL\=J\g(\EE\\tB\\Jc\l|9B\9N\J?wE\\>\TK\ܝ4\i1Wa\5l;`T\~W\)\bF鳨ɒM\⮩ղ3555\rԽ$ҥb\\Or&P\\d%\/\SM\X\B.\7Q3\\r\9;,\\-\ZժK\.N\Z~\\u+	S%\JE\үQՒ6\,4/K{]\0e/\5j\\o>?\WMMC8n\\\\KUV+\rx4,dqۗ;]4\y(\fܩ)\gI\\\*dM^5*V\9QȪ\D\*$$@\o\\n\\ŐrujK܍PO\*M%{\ҥ\Jܹ\d1SMʼM9X2I}\rTz\[=+r-)O\"檺e]XFM{Q:\\\Kdq+MFĕ\pؚE\{3\\"Y4^I\և;\nL\ѹU<>+TqSMzb\ʕt\0%jZ\,Xuq\\.\q|$\pKp*?P\^\[9g\V\UK~\|=Ie\3\hb\sR;ݻd\\%#)H4\\Zwf,Yt\r䂨\~P\_ض\?ۓj\ӿa=\\CK3ly;\/\kئ>ZnwX<9؊\hЛrF\v\" BQ=-Y:,nj㪚tg\ܱD=Φ+\ \&7!ƨzRGh\ V+\.\'5\}\ZZ\'\Z\<ғ\Ħu\')4S\oQ(rIl(\\nǜ]9>ܸi	f=)7\W\R0a	\'R$y*\\[\n\Q\J\r\n:ni\pRZP\O-:Gqw\bK`Ue\p:שJv*\	.\tUKDl\n\Z71>\nUJ*{T!N\E\\؍^7\ItL\\ow-\ZFJb7=rh\MwN\\*GO\'q8i\WR\-\\Z֩ШN\Z1S\||JiVJ	*m\\\Ӥ1n\"t\ӱ2N\\`\\0%:KW[\,X.\uY/Q2RiPcɦ$!ɩ̞Dy\&\ct\:\]஥\"!֥\*Y3bP\iE\jMeNӲ\MD\\n\\wdJ>\n`\\\y$px:VKZrhLBEZsR\GJ\%e\2 5\\"\R\ݑ]\뎹.N \tfqiG\ǩ\\W\\4?Rp\\?\\0̒ϕ\\\+\\\\n\	,#Z-VtҤT;ܺȾG~\T]\\\v4b\\	k\\n̔\6&]\T,LaO}EQ\\W\~Rϸ\\`q:X~s\#N\+8%\0\\)\JP\\\:)Wc\DnH\)^{\nHm\\\ܖ\uNVn\\0\*U\'ru*\TFJiW\\\@\\-QN\\\\'\=%W\Z\bc\E98Ox(KѸ\\n\K\\\Z\uU\L\}Txo\Ƅɧ\&E*INj\f\NasDzR0_/fC\\\0\wP=T\Eǂ\ri!(\"RAঘ!\rS\\biƒ2(}\\MD}qK!N̏SgzG\M7c\\\\>\d[U:}\D\r2Z\nLΟ\"SJ܃%ʶ\&%-\\sM?&\<WT\\U\\O?\\\dT&K--4\\\\Ӽ\Zp6\\&\Y.\]6Ӹ\;Ҏ\rr]):btǹf檶]\IdF\O܈\\;\B,\\\UIT\MN\ntؚoH\tȪ,hB*7E\`\Q\Xhϱ\\\ƪrl:R\r;3؃+#\J\57.VȊ?%kKw.t\ԉ+ҧ\R\C}\䮥I\t\\\<,&\p>7(pBE9%pu\J\"%Wce\Ie\#J`\\*\i)]\Zv)Iڝ.h7HO\\:)WȪ,&lV\"\i\]:n\u\qL\Gj\\R\"O+ܘ\\&\c#U_rv4fIR6$ն,\-\\j\)M\\\M-\I0U\JYE\\\\\M&蜚\ɂfJ\8<<N\\n$\\\0\1B\_<_\{\sE\j\Z^Jj)7䰶hP\\ZUd)Uz\1qiv\JpYO$ԣ\/ꤺT{w)|(Or\\Kq\0FI};I)I7,\y#aGJ\\}]̔\Ѵ\nF\crwd0[Lj\q\D\*S\-Y\rSj+Dnj^ɱ/\'Z\}\IJ-O\\;&a^KU\Y\\'\7C.;	QIW3۔\ZR\1:X\9\'bUZ\l=?\>Jg\8{KeIY/ا!Sõ;b\$\\R\\\\y\9n\niN<;\P\j\R?lIobMPۗ,iN\m,ja%gHy\0$eK7\h\ne1u\"\\v<鏑\ŹGq\]\r\qܩ}sMR]7\f\u@#˜\":V嘨\ص\\MZ[e5\Eq\\~t_al>\suOU?=\(H\\;iP$5\in]>\D\OnU-6[mԩolt:T22ZQ4\'D\cmF\\-\&5K\'D۲uĚn\Ցx\'qfU\\W\\nJѹU\hÜ>In$*S\'\0Yw:yAYēOWa\\\vE-+ݙ\sN7,8^MO\"䦏Fj{fU.J\X\.,l)N\\:Td\\\:a\nU\CQ0<9=ķ:\\\\ry;!S\6\XXbK\"}\R-#\"\	(Z4Q\Rۖv܅q^K\J\rP\\Kgȵ$\ܹآlJ\\\gH\R\͵4\tSTl/\ե\vnSM_\Uf/\Ҹv\D\BS2\\,,9:riN{p5.+;_vkbZ;\>\\K\\]B\ZԤt\ZiE\\WH\Z\ܐ%ԙ]\N{\n?LB3~\\>H\\8\FILP\JbW)\(sSbQ҆\t5~Vpn(,Tq\wcRmK_\b	egP[P\Qm{z\O\WH\pۆ*j\<:w\CZcd8xR\'.\#T\F\S\D*\MM\\~	\\J餷LVK\g\\M%ާQe B\-{\\q;V8\^\.\U\njz\\\#[ë\nFK#O\\l\r=KsJ\\"^çsel(V\W\\\<vU.\$\\^E\\.GRw.\gJ\"r^\UNY\݇U90#s\\0㫹M+OsŪ6j\^6[\Uq]uS\Vع\\H\J_s&_N~V\(TQ䛡8ђ\jm^\=\K;x P\ܒ\4$\.WV/liGJ.K\\J\0\ZVuEٗ)e)\"uT{׷,(_\{a\n]\3z4\\e\\j)I\jDr\d7\_-\[OJ\Z\\٥7~Hs\%\菹3fU\\[UOHr\K:|Q\\7\S{JI馯٣L\u^{\\1ȶ\큺}G^ :J?r\ؚIeqj%ů\'MZzEC\aӸO\+\O\BULM}\e2ljP;ܥ\Z\K<4x)\Uq&«NJ`\\Ȧ\kM\l\S\t=-W\Nj6\\dDI0Rq\)6\^\\[W\4ȤF\\n\G\V\\<\Z\\\r\r4\j\-\\3-nU7ާWM4\\0\\뒇\P\\(l\r\)\\k}ɫ`T~\ȩN\dUU(\\Xrل>\.3WQ,\ƻ	,_\"H\G(9\\dC,d\\nɪ{EV WZw؎\\\p<,yvQq\ە=~vE?\%N]GSO\\ZIwejҰRT{o\\\\\M-\\\j8L7\F؇P\&a{flK#\\;2\nT\\\a\\\IֽN\u\4x]\\4/\kN\+FS\G\n\[\Tj.V\˞TF7S*\鞥~Iwb*R(v\r\"۔lX6\Ձ\}\ؘD\nB܄+\)T\n:J~}\\"M\\<\"Wr\sOcSOüJLUU\ښKDF\\SkA+,DJQoR7\\\ؖ\A\VV\*\w\lMt\hݕ{\䩵rc\d\\.EWzjS~\R\\UtQB_Kt5r\{vu9sչa\'M)Y\U^;;T?\'X\aոIJJ\Qn\\\?ȥ\\Z\vMzgV|\V\\nt\8!1kYd.NGߜ$\o\\!\\\s\[\sM\\\Zv\Zoظ\H\vؖ+qiȗ\_~\\\rH\{\zpf\:qۗtt঍ctF\\J+w\.7di\3;˗\UMU]\"\4E=*i\8Y\T]ZN\u5MnR%\jܧû6\'M\ȋ\KiM,[q7V\OfjP\8\Ջ\Zc\\x{$~\\)RX\^\iwbhu>jcP\\e\M>)bӶܬBɩ\U?\"OGyl_\\$r\f㢯ZTՂ\^\n)\BTL95OZ%{\\'MW?\vGK\\\\F\L؞Vq~\\n\\\\/<rn\8j\ZY5q\\n\n}S\r\ub\ޙ\\u\\誦\fH\\|i\Y;64Ԙ\\+{TsʛS&\ܬ\i\S]\\{oU<HdS̘\#\\8\\n#uM;\n\NﰢJ,ue	!j\rShr)P\/ؾJj\ZnM[v&ln*¡9ߒs\T\\"NW\`=؂\\T\q˦\s\"\0\\%\YYEË%\{þn\v8N&UDշV`W\FrR&:eN\rC䊮\ڏ=\J5\J\+\M8\"  Uv*\\\y){\܄\r]\ܦJ{\ǹ1b\N\r\\\Ԯ7܄\\Y\*s{F;R5>xES.\V\;R\]\JN\\\MGEQ܏;E5X\(\6j\lVwUdV\|E]/ȴ49}u[!%TT>\n<\\0\=\v:^3̎\dGN\d\\xWE5;\r\n\t+*\$-4ݗ%\KVbua\{\r,F\'ܞí~\r-^|G\'R\{.\ZcJ\sЮ^\\(FJ\@eݞ\=\rlTHaظTXl=\6{1i*vcR#c7\,cNܓO\\"e~\d\'/\\\FQPb	\\\\O\>\\u\\\d\Zش\Y7J\,\S\\s\'EY}Nýʺ\\\"3\[Ӷ¤ԋ\"j|?\\\q-v5\\"\`\\P*MnN\E[#.hN;\ZTA]TSzgOܻ \Tn\ĩ/4ɒ\\I\nU~\k)\M?s%SKW\LUieޯ$ةp?ZT\n\3aSg}IqQI1f]-}sr\~\S\;*kv:]\\\AO$\yR\\eqؤN\:a]\?:n\P\#J#b\nTT\"weT\[b7\Z\/~oV:}\\\U)M\e\~\]nV<e(ul\T\Zb.3:3b.94\\i\<W\\5i\ZfK_%1˞;EI\kIwrħ:ڗ,ݱy\	\RjDӪ\Y\-tS<\RG\c(h):H\m皒Z\\Eo,c\\L\ZQFU74L乫\Ks\i\-\[L]RɑiGqT\"\\ܮziWe+WJ\lh߱ajeʝ)D\Ky~\&oq\\P[\'\Y[\$=\E\vbjP>ƒ\}n\Z3n¦&D\\E%\\<l\Kx)jۗBPY	CQ-\Z8)׹\rii\\\-\yJ%\=E\M]\&WI\\}\Z\Xqsȥg\a\\1{]lt%R\|I\`u-\๥\phr\Է<\\r\2h}(iǁ9\Zc~\Rߓ\&#iVfi\x\ɷ\\qzX!X\",*\r䦪j\!\\6\\"o\=-Sv:Q9,$!.K\:M|\([v:l:\)ylӸ5(\fHTĳxGRՎ\\rK\B]a+\Z\fTL7?o1j}[\r\+Hׁ۟j\ܽغT=\\T?WC#Z~\n\n)jd$\\ʿ\'\!\=Q^HR{:\D~E+BgVF\jX\b1#\\$\9۰\Eauu\\\\T\]\vBw8Y߹\b;	\QL{N\o<8uUO\s\q5\*\ٗ=W!z\")\W\n\\mO]\erv\ջ\$+xJY$\\T]\"\HO9PJXQ\\\W\\D\[ۖ\Ȗ={F\O@\$Ĩb5R\t\M\b$u\\P${r]-͎ܺSU8̢,ǈ4x6+{>H\*i\=\n)3TBeuw\*\\rp\;iQ\\\zVBwb<Thn司\NEĩj\e%lOLiVk9]\ҵdհ\ԋK\j\\@n=\\i\-\$\S&\d:\r4Ɣ*hK\A\K&\\5GqC\,ϓPLWs5V\f4{͑em$\Zn\yC\rRvgh&\SL\\N;I)4Zω$:]kE	\W7{	*{!\zlETi=\Ψn,u(\\T/$#w\$Z~\]ț\\$}\K:X+\"\]%\r*\\Ѫ\W,d\Cj\t\\Q\nG(F-kW\_%4\v\\\ե,jw+ӱoq05\mNO\'Ց)#<FFr\	\q^\܄63\0Յإ\\\BqfFj|`J,Uq!w,\\Hm/q;,>\mݻ,\ToNd\=\\0IJ\Q:UqjXRB\\U>bY\L\܇\^5!!F\&*\\\Qc1Ţ\}\*K(\\c\%MzK\H84\\P\1-\'ޕs)\Sئ\0r\S&\N˹\\26.H\};w)\)*t\T-\"{+n=[	\	R^\\2`\*udRzv%M)=\!1eq:q\\K\4/I%\Ҷ\w\qxb\\\\RV\~WU+w\X㽏\\\Bn䳖\0r27\u_\]\{;u`PR\X\nu\dYEE\繘fP$\Vx%˖J\*|j@5B+Ox\\T{\J{!jK\\jL1\\\Qde\]n\K&:sMRׅ\^˖m\O8ȹFĻK4I*\\P(+#\􈔔n:3\zGnMtruL\\M-7\]%]\\Xfƿ\\6\M;Ep\z\\:JBt#ML\0j\\/Pp\8U\\4q5O杋\"*V)U;\JJo\tՇq9\%*չ,{{j{Ѳܱ{\_\\"/q\%XJȅn\~F3e+\?qM\\Q\v4x*WTr\'>\oCT\J\D1%C=\"m\\\n4\2\ru\\3+ԣ\TҺwe2*xI`5Tx4`SV[\"i&0@\_{\URSc\\\nq=\\\ĪܥE.YqE]>yB\\\\wr\}\*¶\\d\\:]S\_bj&/$6Z\b4ϑ\4\Tի%#ՅN\}&pwL\#bi1\\Q\r\'Q\n\\\:/}ĶDɮ*nI]\\tM;T7ʯ&\v!\\\ɣU.\Qc4Җz{%c[EK:*\%zs&\B˒ƕ\E\jk\\{\)nێ|f\\\U;Jy\'୺\Z=ǳ\Zِl6e3dUW\J\8nK\I\\'%UUVY\O/࿩\Sê=\`\nV=7g<o\{D04\NY\\͉Bb.)\)I\Li/NÕq)/B\*sԬU0\\\oS4Ӧ\r4\ЋR\H\JV+;\*0\ɪ(DX\4!{\Z\\\ᷭX\*|V_a5:9Qy{\Z\n[\GS\\[M_(v(yS\Z\\;(zT\\\%\\B\C\&\\Q\\3\JU\\\S:{?Kd\b\UoM\r\\\E\rt\I-^U*j\\UnY\'sM$l[d!\/~QN\e\\\\H_}N\d\\\\\^]J*Sq\'Iƞ\	)\'jQ\n\"F\\l-R9?Jn1ؑ\\GJPܷS%\u<=U\"ݖ\B6Yw[\J\TZ\Ww\j!WؖB2\\k\>_\iN`~n(\I(h\Y?\\ZuC؄إ\#z\\0R+ŘRΧvD\nVF\5R&	\X\\UJ:`q\\>zW\TͅxjJ\<6\"N\E?bx\勫\ߖD\_I_4\kM\%\-\LYdҦR<Fd61g\4\4\Yc\\MH\y\ѓ\cHX\ٺFGNKsUV\\\(T\\ak\Ԯ˹\h\\)@V͠\w*-\y&\FHضO#\fY\ē\n\z\\?j[Al;-$m\zSג\r+}\x+礏U.\>ܭ\唢\MK-Hi~^\ npBbZ=\J$V#[!\\rU\V%(CY\i_kK\\s\4id#\\Yl\\nH\)uGb\\rez=B\s,[\]DUS,K5Ж\ilG\z6\E\'y%K#\A\\GJ5lItQҝ\>\AĞ\j\-V1ip\nܴ;\W\\|\VġϨr\"#J)QHw\S}\\-ɧUIG\OaF\\\Zo\\u\ucnW3\0;rK\3O\η$nM$J\\ЌdbvɈ-\ST\\MT\x5n;i%l:K`\R\\'\\\\T)\x)\\.\&ܦKn*V T\OrE.\/y\n`n:v\-D$2Ӹa\0\U\5Rv\郳\'f)`\\Zk\Jg3<\\+\rL7\\\ɶU\NpePi\Qdw!d\\;\u<n\.ŋL	\\lGm\T\ȢǱS[\nIgah\\\yfgbX\CyM\\\&\r/\Ǧ\\ع֭;B),\puId)\H\t\i|\S\N\+#}\`\iwĹ.+\\M\]\\\F\qoc~LH\\\\b\M\"!`˨*\ol@6\%VXUEM0wr`RإD)PSM7=\Xe\J=5EQ\\L6d.\ҽBl~OzVht4:\b˫\r\'t)#b\Ccnŭ\r\d-q\\\Q7-mS|v,K\%&%*w5W^\ZT\jNȚS6)I\\\^NU\-\\\5ߟ۟ru#l_Qi[1osb:r)\%1\\)&׍\0(԰D	M\'4UY:\"nk=Q\T\Egdu٤+tU{㩚SF,a\?I{CSJ\0n	\rHj}̑M</䲅\w\_\"0,Xm))ԗrUJ\@\00=5J-Q\r;\0\'\r`-嗉\Y\G=\_n^\=&K\)/ᧆʪG\n#QV\{uAN7;\6\s\"\,>\nV٢_sT\\'\\LSn\F\\ꧣɩݛ/k\'T4h>\Z\H`NI\nTr\E\w\\\Qup%V#u\1l\7\N	\+\7sեL8X%\d\\Px͉˜AHi߱jt\*\nQ\\\\ϫ\{{r8ɪQ\c\k2\n)\_`E5UWF ^\D\\ʭNV\\t\#إ:sqh\%#4q\s$T{_r˦ܶ\"qn]S8ܪ0\~W,t/\"au9YEz\&t\rU6=N\:\Sq8K\9.K1m\5U\x6\"%&\SMDf7Z\\TO\on\?\h\+\\M\w7\"\t\\\\\T\&+pO\\u\\Xx#s3r\\'܄KI\P\\\Zb\\OKpE\)5۞FY\rV甦Lؘ3$#PG$ӱF\ʍR\ȝ5@Uu\"\Ix\/\ݐ\1Mzuϰ2\_#\5M%.,%\"\uZ\\'ߗV\ӃoEhUi\\*\8i!s<$\j=\\\_R3|HsfYg$\*}\\\n=ˍ\\x5SR\:oI\nfJUӰ\\`4\\Ȗj\ZZꞞO$<\TRU-dyr߁\\%Z\"*tUD\]4\C\	=\廖j\:\O=M\gl\;F2]]\' ӹ&҈%Kܮetf5\'1\\zܫ[\ʿ~s\JsW\rC\\s֋\\\Kw\ڍT\\u	*e㽖\x,=W;	H8IƊi\nU/rQ{1\q3+ڞ`mzG,\\\U\Zkw J\KN̦r.\SjRIB_r$]2ń\/D܆KS$DrK\\]& Ex[/\"\Zd%j\*::\\W&_8\\K/y\\w1$YyZ\\\\۟\O\Gi,.\M\b!`T\\"\\\;XБ$\2i\gRF\\r\'c\J\n\AľCj\O~s7Ѧ˭CNN\M\\\U:[\"%-L$Ξ_b佘c~ǹ\\uԊe\\Uk1\erE\#T4G\Z\NKS,\\Tۼ/\\TOE\I\\'\)krXFQL\a\Fb\uja\Z6\\\0\\E:Wl%\6q42>\+TƘ\|\\\\\ze\{N	U~ERK\.,˸bĔ\T:,ɪM`\GJ?Ӓ\E(P`\\"j\1\\j\\1[b5L\n\\\"ҍF0t\6qĝ~\NX\dn\\1_\b%\5r_%oa-\U_-b*%YU%=Rg\"-\\HԙCfm;\rӑv\\\F)\FQ$̚\Ze64\'q^jLT\K5y%_Pi\{\nz$/\9j \Mǯ=%ŹR\\S\"\\cRi]\ye\]+[IuRȯ\'LH\'xN\IMzn]XTӰ\妫\E~\0,/\܁18\\\\ZY\w\Ȝ\n \\v%Sr\$pX\Y.-8:od|7b\\m\"\\8,tRn7\\UQr\")\UM4j&\UV*s4\O/Tzue\9\Zٝ*\\\\ȶNgO\\bܪm%lvQ-qG\\\.YTUijM\\Kn4*V~Y\55m\3\M4AKAO\x\،\sW:\M\\r\$\\/b\\Wb8m[԰R\\n\bt\\QNsSPЛ9<U!n2\\EEs]*\\\=\hVF\I\OOO\	\}ȋjܨӄBN\0~)xG2N\*\ndYrMș\|v:]QG(\\~*\\EE},S\uw-a\\}\uGܪ%E%[6v|y/qհ\&v\\E#й*w)\*Hx)v\\\}U\5G(܊v4ȭ\rTS5N6`W\Yش\/S\Z	Ij\v ԋh\ZcՂ\^\ǩtSXtźW\Ҟ&`ĉXx%,ST9DT\\Z\B\[U[fBcݒ\8\0\w\\7g5X\\$\U=W\SL:t3ME\K6*n\7\Wĩ*;\n\\\u/al\u\\0#e\p\幼۔\.63j*\nWr#[$9K\cqi\uY\Z[D!qSLρ\®?$\\}\s2,X\F\.\"K\r͋\\TEq}ǡ\WrEHy\nŶ8\ꏹIfx\\ř|\%uJcCn\\HlNܔ\\!cpwؖo9cq1Ch\\ɶ\#1)I\t\a\N\\15D\ԈN\6&q\nT!zYa~\{\"H\nA\Xv\Z:ݼ	\Ks$w)m\\r\h\u/#J\:b\\N\fSrȻ\\Os\,˕\ȧ\e\j;D\"\G\r$${qݭ9)]L\ɧeq\Z*Z\؍΢	eՆ\%?N>\2\#uݎ8\ZIBt;gY\n\"	\nI[^J\\\IYF\njQl2BIK%NG$(c#ܚy`J\	!\̒7Ķ\\\\۔S\Z\\\\Q\F\jܳG؄SE~Z\8B<A{W%ՃO>O\Zj5U_غ䴩7W\Q\E\\+v΢R,\\N$!l4\2װ\W:H[mQQ|,n[3Mr9	$&\)YMBX\/M)Yla\ \SKb\M\\AS/Tw[E\8%\B[eK\\\rW\J\\dSXOr\\0\kUە4\\\"W\:~\t94&R.	\0\4s\{\Zy U\3#Bܞ]S:r%\F\*쉞O[-IkRSk\u.IrQ\R>6>\jizy$,\:\Qܱ0_XF{CEۗ֒\G%\'\\'v(N%T\o\dz]~̿5\0$\,Y,\QeE&d<M\\)*{@)/S#,屨q\\\-\Vuw+rP\\qTWS!UPإ҇x\82蚙(\/L\\$nU:EY2\ȫwh/4\0#%$Y{HS|\\\s_I\,\\)P4jJ\,Ċ\n\i=:_|h*tͧ$ZDt,\\G\Z\\0B\\A\q.\laz?q\(\\\\]i6]\KQWzL@T-h\t\sQ\X\v\"lSNX\sD%H#u+9)N\s\iwL\a|wb\\\v!\\3\\Ӥ%Fۗ,^\S3#G\NM9 ZE4:רI[ȓrԕʭE/ҚFv&%~j&\r[!FUDX!\\K4хzqk_,\UFsˇ\0r3ɩW\nR_\%n1J`cvK\\rR[`\Dܰl1,uODu!ߧ\\Z\\iU[R9]\^>\XeZ+l2\53RX\9\T\s=GS\M\\\Bܥͻ\rr]nR<R\Ң\n㰸ucZ.\7t5\ʩ\?\\.M[O\T/W\\\0\Z:Ωs$<Vj\Y\Z}4Z\.\Ŋ\0Ku3PC\[4^ĒҥDjӽ3q,5<A\\n\r3,?\W\5\\\I\"\\bj^\r*\lYґ\9sʔ.\}\\"*q,\\(\MWS\J\Ug2{RnP\\qyR\뿒\LXJ}\\c;VE~\0\\ O\\\4~\T\\ˍ2^K\ؤ78.-NH:iQ\'OS{SVw\FF\՝r\r\'\Z}#Vp\	\\M\n\\wyh\}+RԊv\dj))\\MR]I7\\ڑx<^\\	w4\K	\<#u<n7ة>\c\'\\$X\\&gs_-\z\\DS\\J^%˯$\~ǁ\YB5<!hũ`\QK`.:\m\DڂS\OR\\Z\\WS\(5:\"OWa\N\\\'{\\\\nlP!ZL6Y?a͗biG\t\˪ݤ:\\\\E.\l9\"i\'r\]i\T\M\6.\7%\o:x1\v\	FJ>U\\G߱Z\paD\nEÏQ欌^\\x\u^N\StDXdTe\\UUh:T2+X\LryP̐kݐĒ.Ås躝\DZE\C\\Xq\M^-V9r&Ț\+YK\\qʬ\cXp$cTmI\0%\+\0F\>|\:T\+\5H\\t]\O\\Mo\\5QL\I\\rņ**?亼郻\-aTζ\Z\\w.Գf^\[!%&-JiJl\\\IvEEX.Xm;v!}D%r7\Z{\9!\"\M(\ͳbr\͇\\'_\LVX,\M*\\O䟒~O\\Q}\H\ir!\\nH\+A\\\l&\UʙeT\~r4O<[\nu\n\Ƨ2QCo\UC=HFE\`c6\'rLr\q\\yU\=LĔc\'t=w/%P\@ⱞUەih*\\}\+[\\#\K\\&X\Д6r\\}Kp{\'\1SM=-LS%)%\O\RU(\;\\iUDɟ1ܻa\S\HG\V|0\|رL؞jX%l)YXZ*;؊ʳ7+bS_ܕLܪ\O/[Q\\Ej$ȄBEMv+\\\\Ry&:ȿ%\"\qET=MU\*6)M\](4T\\Ղ\\}=\\-\\%I\߱c۹;\re9y<Ľ!Yni\\!I\\E*\Ga\6Qc\\F51|\w\H|Q{n;\U\%\~T>ZKG1x:Dc\"\'&\1%\-8l\'VF.\˕ؚظ\b[brt\sX\\\\DӰ쪔|\}\>M)%\I݌nǓ\)S~J秕}\:KqWVó\no\^\dr*W2\"iY۝Ny\j\\rS_\ԲV[䒇\{˯\	ql\7KZJY\r<2u\\\W\\X{\ӽ\\W#$O/$Z\I1ҭC\\g\w*hmg1ܵū,\\\\"_rGU$\;R2Fw5B\'ܖ\L\Ml=KئdilwGdCv|r\\"\S0DH\Q\ZcN\^\\Hq\țrܝ\h\\ϩ\\KꝈ/b\2V{i\Ry/b\H3؜2/2t}\uìwE.jgMʫݖ3:K%rf\UT\bC\\\]X\\d==E=V\-{KӤw۔po\\Ne\Z\\b\T\Z\\t\\Z&jw*m\"çc\\bh4繋U\\\>M_\,D\N*F\Iy/r\mUd[rY#5RR=e4$T$dS~ǒ!\\M\\0ň*R4\gc\0#za\I\=$OH̳KnzDP\\h$\\؝\{%8W\qsF\\&m\"\\Ȋ\`\z{߲*M>ĕ^#4h\ZH%Ag^I\\\l\nͻGKܺ\\r\|\']Ψ<1lWV\7LI\J:^GاSc7:>MֺE\<%\"#ԭbļpZ\n5?o&zՙ1%/\2\\i\\]<]h/&NܳuYAśLN\\\R\\\?Rj\\5	6J\YXN:P!B\\N\\D6PAT\nQ2YA3\\\\F\U>	\?N8n3\j@ؑ4\ɨ|[j\؅[c\\S\mQ1\0s\\H鎓\\=\\}\N	\\\S_f\T+y4#Լ\Zipi\:rr\\u=Hr\ț]\/%Zr\=NFųu)\|?M\Z\\JؚèN\n:\&\"yj`%PK~Ȓi\"HJ\N$\+ȭcy\'r\+B4\Q[%g^\\7w\+\\\\\\n݅\l2G\/n^;L\rtdu3#uU)\2K\gs\"TUJ\\_SS\0JW\"\IR:A\O\"U\Á=?$O6\lŪԔժ\\EqrҞ2^\v&f_-I?a\&M\X(mLv\_\"}(\Dč;\0ªlF\0N$K\n8\"\'Wv)n{\Sݚ&r\!\n!i-\%\i<N\ԚD\\/:~\JƳq:\\\uRU	jul x\$.N\I\WZY ZXV*َ$\r\ˇ$FEMr\\Bc\0Ԡ\P\}\k\#`ģF:j\M\\\E8/ؾ\rzr!dI?nK\93RWBQ_\ŭ\#J~\Uq2/`\-1%Z\E$\d8\w%Bi\'a\\"7brRԖ%/zIKfS5\\HGrmriSe\~\\rNj\S,K/\.\mfN\Z4Żi}Djl?\Ib\\Ņ	IjW,)T\ƺ\ҤB	J\rN(\"ɶ]y]X1B\\U}%%zJ%`ȇIȟ\'\q$AEm\'rK;Io˨P=Dr{2ؚR\\\z_\AV\\\\\vd\\\\]\~_\4KSb\\l\!g%X5֡\\<arX/%m\B$\4\\\UWcM:zx[d_\a\r>/+)Ees\\aR\(\Oqδ\VȐ1_,%*N\zJ\*x厧cV\)\`\I:\\QM\\sAU5dGKaǤk\:\;O[>U/\dTݐ\\PtB[\\r,\ԝ\\UdOM\ڛ\Xg\\'_\w\#\p^㩨Sd\\G1L\w\'qȟ\#U.;v\(\v\.\W.q){\\\}Or{\0R\UJ.~\0\".t\"{F)GK:1м2\.\"]#pX|G\"r6\_3\`{#3\\\4ZC%+K;(\\:)\\Edꊐ\\0YUML\MkMiu	\'&N\\vQm\b\t`) Ԓ\\nt\\Ej[Ov*Q@%\>I1\E\Pkvȩ[OqVđ9,W%򦔬i-fP\}{Xu}LuIG\\ǩz~I`qb;\\=:K\Zv5ni\bU\m\\9)儋\Z](%\\r\ЋRu\-O)ԑ;\\b\餎\Z\+5jN\:o\e\(t\\5WJuIՎ\R\\w$._bS-\\86?~RK\*neW)be(bT\\ʜtl^Y	\nlx:K\)TS$\\b<f24y/2;\P\W(\0}\TVRd`$t\T\^\\pK=,Qɖ)\Vk\Z\\*\\\uւE\'\\j\\?䦘\w\hK\ZJm\Eܵ\}>qV	bZ܉!Qwq܆\ܼd˨/Ӳ.N\DI\uڦb`\\dRIU1	n=n&\+%\U%TOTȡ\4ȨĮZS\\u$\C\ۗ\r\cMK\\\/\i5q\\\2Y(е7ӱq\n1\2\\0a\=.H_\%=\rnI\\G\\	\jHX<Z\v众\N,d}U\U\#&\UB\\\cCd%g*\\=ʵU\\\3\'Q\S\M,Zn\rxb\n&\Zc\cY.7N\=\Z\w)ő\\\m|\va\\z,|-O\\>uPؓSNYԵT(%બr\#\06FǓcJXL\\\\0w\\<y73\"N\\:_cط,<\p/\\乒\s(p\\\=DUUN\wcO\\4\0\'K֋TQr_6rbe|lS\U[,s\rrS=\\0w,r\c\'\vY!\E\\\j?\"8~\7,gLF;V	60]r܄\K:QREM%\s\\y7,\0yM0c\XfS\f)\d^qO**CIgs9\ݲۻ @F\^\LIjR\Ri2I-tv-I%tU	F@j\!&\\5OS\\MXb\]\:gQ|KaS,:\\3%73q9c|\N\\]Y\ܖKgIq\>\K;D\-#C\Dt\\nμ\nIa\jܑU\o7)gv/5#q/$Mrx%XN]\rd؎Z[$w>Z/$$G7\\\FU\ܴ\0\\[P\nQ%\\cDt\b\\T2Wߖ	YgT|).L\\?\")e_\"\n(r˓^ƾ!,\\U#]8ܥ.\Ÿ.\\5\OSt\S\'\\\\Ѹ\\"QMT6^Ņ\Nַ#<rbĒ%ܥx\{GĬ\\"d`%\Lܓ&HN\P\\\n9K.&t\jOt[!\_\\|r)\)\<Q+4pFnZj%I,E:O\\<\EЩEZ\'\U\r\%\U7Llxd5\q\(\\+ɩamݔ\0ULr)\\ri:Du4[$	nF\]\]VKJdۖyjHW!\\.H;L{	O-LY!X\Qes\y.hN\[,K\"Ε\\\Z\\\1&\\<FkY:rJ\c&\T\h\\Z)5\\\&\K\'ID<3\YP\\&-\\\"0Yt\8D;2L\h\\XndA(>We6j\AZo<\ud(]r\={\JU%\PwlOq9Bv*;2X,\\LMw哹$ܶ\'ߒ\l^\.DQ[<Ѽt\%\\\S@\\2K\rLua#5`bJ.,]W$PjdR\\*T&*4JcZ|Yo\'qGRHQ\\dk\\gM%\\$Y\Z[2YebQqU\ز/Tr\$,\ss2_\ؚ\.\ .\î̊LۖOOc\i\_bD(\\u\r!^ŕ\XRȉBx\$S\lObׁ8Q\Z܄#JD\ZXӄH\\n\#npee\\5ccn#:\\n\\\0ʗKrL?aXVc{\L>nEz\\D\e>ԊI\\*m\"\\%\ƶ#b\sHKe\˩r/\r+\_\rRb\\\]o\")qCdT\n\֌ss\\ɫo-8x<O?\D\E\\\_\(\Z\G\nl\*,:8n۲)5\\\0T#U\\(\0m~\0Ў\覿\\ِdz~X\OH\D\J؝\eW\\g\,\/&Yj>\M\[f\\夙2Ϩ\7=L\\o/1\X\%E)\\]>Y>ɏ\_H\\.K|\k\F\\~LSXz\_W\k\pPƙ{_ԹTzW\Uo\&\r}\Ɇij\\q!Ia\q\&yߞ9`۞J\rŹ\\W1\ɿ)ܹj\"O<ܽFy\\\\ڪz:ݍu}䃉\\p\\0+\M\:bwʸӪ+[\'m\\\\0[፽;\;T4q\\U˜S\q*پVFyg.>L1\Ź\\g\Ղ)\(<\Aѥ8*Ou<n&jDOa\y*\\\r\󦏹G\݆\#q\\K\O/D\"SOz\0\\7َ\Y_\'\0.NIy\K!ͪb~\ycN\'Ȫ\du,fK|*y\{4$UMj^\O\Q\oaN\!%T.u\~M?O-|>\5UCK\'ze\O/.㏚\x\'\O]$SUn\0\\п&?\[)Q]\±s*Vc|\0\Z\\a,x,̱\\\\lO\D\G豗\\\\d\\\ωOC\\FOZ*(n\0\'ܦK_\<n\+Nr\ɢ\{<5Q~I؁\|OrI:M;1Grʧ\\>gN1\\SQ\p\\Y;CEY3\ŏ{\Z<\\+mrz0\2\ɖj>\f|:\K:T\U숨M\\c\\zļG*,s\90\kE5!T=5cI\ԭO)ҡlωJM\hN\b*V\'bߓP\?g\Z\e\|zr:\|\fQ\Ϲ=(\jۺ!\<:0E>D(hҲdįr\\f2\|C\x\\iؓP\\\\\\0\cca<\Z\\rPG7<\r]O\H\MX5Q4S;/b\;3.u`ɑKE=FS0a9d\Ӫ\=fH(H\\EN\\zMTr\)\MX,\u~%hE\\"\"(\\\\옗\\x%i\Ԭ\5S\_\Q\T+w\j,\;\+L_;J.X\"D\+\5\\4v\t)\M6:r(n\қ\ECFt}\nA\\#x\-\bydz%X#\9E\\#T\\\SOb!\QL\0u9\u$i\\x竓\%㝝\M\u\Þ]m\0\QfOɁ\Ovuw&F߭%\5W\]G.s]rQbL\\r\\\\J\QK\rrȩҪ[m\\Irĭ/\"L\\KȊ\\.]Y0\\\D\vR\rw\]5\E\KIzI\H˻hvg%\`\\\\0\C樥J\ZU˿7K\e\O$\+%\\\Q|gr%XZ\dAs\\\#n\ݯJ%\\9r|<L	p[KR\\"t[\c]-E\U\Ӓ,{,{sM\\-\c丕.tߕ\;\\nR\Z\v,\ksK딦]˷\~V\)7\\0&.t\=\O)_#4φΛU>qUM$M=h\/e\"TTc/\9iN\\Ah\\2\N\2nZ\r\Zk\\'B\A~v/S\?\g\m\?\'c\o;sO\kO=4\\P,DSVS5+d&_\8c<U*X\Lعa(/\˔r^y\/\\\I\\\\\O\nK\\\\dB\\'\\4G\\aU\\\O~k|HjĤԣ\sV>L\Z\\e%\\\rܟ/DKrґ5\\\,qΨnu($W2d81ʩ寸K,\˪Lr\;{\%\\\\>j+\^\-\\\\[\\\ʠM\o\\>LK\ߏ\0*/q\\0\'\0\0\0\0\0\0!1AQaq\\ \\0\0?!1\e\\ĵ\/G|}\\\n;uN\n>%}Ψŏ2\i@2\\1\˘DM&CL\T\n&\n-\\\\ool\Bcg[ݜ^9ߘہZ\8AB\V\Z\QE\Q\D0\\`V\\t@_\5Z\՟\WU\O1a@\\\M͆fIF\\+P\s\b B:`-fW(gX%Z+cPQo;cy٨hgxQ@{,:\@uK\m\\4w\\+\HFzTAF\G@E]GLbj/Ip\SŹ\(۹.\K,^\ҞfmKc<f\1ɋd[ϓbBY\-M9Zly#\\]C\hzj\\a\mZkP\sq%%\gpPHp\\51)k3\"f\\tKN\<1\0\r= +h>&N^ב\m\"[\0]~\+\\M0SR\0h\bVe\W\o\ Q_`Zx\V\1\V\\t\!|\$śX\pasO,%G~0\Q\$YZ(j\ӴRԡ9c[[\XɔV3E2\ǨK\W-V\`\rAWs\\\D_0\B9BGի9*je.5\<>\"\Y\|N,\0Ym3PdV\\\\V\nUO\6]R2\vK\\Q[(\"/~\.\'>\\\\\0\}.P\:\\f:\a\	KEEoh&\\3QV7\r\\0\\0@~OSw _\0f\8\Z\ZjMK_8ф\01g=iF3\.XZ\FV3R\]MG!U\,n_\t\9\ra(&\\\O\\'@Ռƴ,\\\A_a\_\\0Tlyz\$t\Q!-aqF\u#|G\/?\)\'\0i\׾ N\F5ͮX)Z\\@A6w+\ĥ\\\\,\KF\kLcB\*lc\/\;\1=3ʈS=\\f`ڎ\0o܇D\cHv\n۷S\3N\\\ģ\&1pcMh8\(W!^\ʬTSK\tF\ؕI\_ԥpc\S\btQ!5n*}Gy	S.#\-Zc]ġw*Sy\S^s\͗z5w\Hir\9Բ Eľ\Wں!ئG\',\\t37}Jд,jTxEԇ\ toܰ4:%\\dk a\\\h=քTEˑ7*˅%tH8\\\n%\\\L3\5;ح|@ʥ\m\nZg\Z\\\?A\\7FrKy,$n<\U]\و7B`\r&vW\yhݬoP\0\UΦUga0K\\¡Zj G\I\\i\S;\=\uaV\\-0V\B\r{\\r\Z#R\c\]#S\+SV(<T}|\\\.?p\\ ƥ\Y/g8V=P[]\֌g%?_\0\| NdQa\&̮+wͺ]\+\\\03_NmD*X>eh̷\\\1B!FeL	٣\\Z8Ĥ,R\\.\n\r7\\\\"!*V\ܶ.\=\)ShDFia}L}\);\F6\\\Ǉ\Ƶ\n\X61oqo\\㳟r\爼_`d.;\߈,y\E38]]n%,\\ʻ鎆jZ\\Zr\\\<\\+\s\\\n\@\T_*f\n*+9\"[3]0i푖ZXʁРx<o&d@kĽqp\\ر\(|`\uWIS<&sN]O)5\9#f\X?G%\\l0jUT({V%}\\\\X6EV\=\"\5\n3nM`\0|?\n;;ծ\U\յ]J顩yJ+AZzJ\n/Su*y\'\\}fx%#(hKD-h\0k\U:aI3t\U\C&/Cz0\IqmU{\@\0^\Ȍ[\W\5!\j1[03j4վ\\ɉͬ\0VbQ\"#g0ͭ\\\\FGQW\f@帯2\\h\0\\#-P\!jU8	j0\\0Ϭ\\\\r\)ۯR\\k/fkCOW\\)B}$h\ܷ,@W85U.睾p\\\ad4\'h\Lf\(4\\{\>ebۤ/d]T\^cn7;\Ȕ\r\n!*?^i|\$y\kW\Z\\aCw\aҬ\\\\>`Dϓ0\\D\\\Zk\i|\\rz-\n(uTK\jȸeWaj7ظMh\d]Gb,ЦZ\ClfE\\\%0>\02u\n؀r-\=yr+0\_h\GQ\\ZC+<\q\*ġy1K\ɘ\r|\VW\=\t<\'l5\\4\>$\;)\c1-H?\&xv!OFUs+G\e-\x\3p(Wpsz\up\nU`[/UWp\\jRܸ&8\\\!jx\\1UMS+mQU9\\\<&70S\n6,<\g\nDkxF\2\A:=7+g\Q7\5W1\\U\\\\\\\\Z\"\\Zh\J\ \"\$\@uX\,F\0\ab\cDKq\\kPr7naWdV&&\3J\\\31lWģ\\	\b\\8~\"[v\bdK$\YVԸj|Z\"\\3:\p=\/L0G=l0Hr5K3/+\r2\nGŏa\TrJm7t{ysjF\Wɺ\dnbkS>\ڶ\Z;E*2\0&\'\^ #\\\\\F\I|\=?(&EN2\V\\\:٨2\x\r:H)WN?\q\\\,خ\]\6\jbx &L\u8\k3\0/Xܷ~ H\\|Dya\\\0`bO\V\\\\\	K\\B[\nb=\\:I2\"\f\\ft)z(\\7\\̮c\J귷i\"}\0q\$%\j\!?YC6_$}\W_m\⸙56\0_1k^H8\<Ŀ)^i0ɉ~/<w:2\R\n\0ACfmګr\\q\\\u06\\\Z w<\</==h\L_G&(\\1wQ\\72\&\a\.m1\r3\5\\\\\r\\'J\\0\veT\\_q2ܜ\\\˶3=g\[\U\3)UMcܥ\05\wwN\"XM3?P\Iy=\̅ƶØVLޙ[\'\Ggl؀*1\CPc3\[Oj\s\\\iĤ\\\w2Y\1Y.ctV[L\\\9\`\̨V\6KS\0ۛ@\0Bb|~\F\0p*\'Pb-ٳ\'f\\fឦ\rԿK\.e\:Jtm]q2;S0q)\\專4AQe\gAރ*|n0w\\\%ٌ\{:UM\0p\7\06FeJ\\ZH\sH-\lӣs\يE\Zz\ŸBqsie3\zb>\6\ :\\\[GI\*a!\n0	r\]\\"\bc\\aL\|gc\j\\\i)@\|0Dj̪Fj\6(ʷ.jxe^g8\\zm\kt\\dEf\}\픬h6Cp/iAYGA7\AϘش\a\ĥ\d\\Z]CK\]\\Z%_h3\\	ݟ8L4\7,x\\.¡z\\\'D\œ^ɨ`\0s\j>р0ɺ!\Z\l\0xf\!Z3(\"\jUK\oԫZq`SU	I@Ĵ09\t\.y\0a/\UcDQ\ו[<K\\o,\8AH\#v\ǉԤ\	\-\4R\2\\\V\n\Xͼ\)}5\!UMۘh[|JKs\\\aMNTuùC\0qJ>.bf췝\M\S-cz\\! i\Pڌӯ\ŹG8[R\\nN\ԧW|dԸ\4\Ae\(!tz?Ep¹%\n5a\\\jPҖ\\z\Io`;K\9X\"pi\\\3[X{ix\\c*\ug\.!\n\\0f4r$wJ\F@҆o\/.lqLWi}c\\\b\a3+\?~\\0\FqeqID+;\]O\W0Y|̰ ;\X<-PS\\Z]x8.Lɗ䓺\,J&>\\\\+~s	e/e-j8\w\0p\s\r_MHب\ѳ0p\\r\0:\+C\Qv\f\n{\^i1\[\\U[[l,|\]2bp<;\<%ðeW>\\0\q\\d:\mQp>K6b*%~SX\\\\|0\\n0\ؕ;\٥\s\\b	\i\ܫUQ\\\\"\+-d%g7$}\\[2,2j\Z\"v\21\q\(\b{f.\\\\:L\y\Tr<\	:\ŷ+\C\\܊)\Y\-նuZ>p\0ap`P%zF\s㕇\Nj\G8d\-|H]\C0rbw_Ը\p|J܊@4\K\V\\X;\	\\+Tʳ\1E?P\GW\n#QN\(P=e\Z\\)Klp\8\\3=q,zj\h\\'s\\\ަ\&֖\-\\{wAϨE仉\c\nzrfXJ\5?B{ڔ\\\hQ.խps+2P.\R\\\A@0\\E\F49\4\0\x\t8QEazEw\qK\\N^`bʉÿ\(\	\qq\\\5&tFs\\\X\=EJY\W=Fқ\.	w-n\佞!5*L-f,.gsqC\{\|ͿSj\\"_%x&^wlLVrV\Ifm\f[9\\qmc(2=&:\"PL#GFU\b_a1\cV\_U8%M	\0\\\S9\*pcU\yV.e`oSE*o\VܪWT\'0\UٕK#ec\0\\6/\n\@?D \\Ob\"\'\*8\j1B\ \\@,\>REH4_=WƱRZǸ\Ūoè:\\iq?\0\\P\.0\V\Q\0!\	w/#G,BP!8\,A{ƣ\0rc\\\9ƹ\[-T\\r,9p\Ķ\\-\\\\ǤQ\\\\7v>e\\\Ks)1eb>{x}v-A\\q,ᔖnd\\(S@eH9(虮/{^$ļ\nCD6\y`Px\8*\ĩL\\Np\'}mJƎ/Mt\\91\V\++$wy2\\td+\+%SPy#`fpfX\Ե\§NW\;6\'r\3̡^\sUh*\Դ\rJ\s kJ\\rK~n&v\/\0+6\){\̭\}\\LR\\xW\n`iyԿ5\at?T\Hsڧ\9\)b\s٣as0Un-F+\'P˖7Y^B\\HS3\/\UTAA6\:<JBs\\/\\Y\\\D\"s`Z\\DCI\&h\/U\Wvko\k2iܨf\m\.$\+J͛s2;D^\,\\}(vlc3h\\D\r`xC\r\Jz:_r\\n\\u^HL\\2囆YJ9\\\Ĭwq\KQ\tB\n\\\\*l\3\$\r\Z\0e:Ws\r7`\u4\iu)Q\QS \H^\\\/(h\'ENhԶ1C#A\\\/w:kS\vA\QF\\r\?d9 ,alJ|O3!n\eJUWԧ\p	y\32\Qfɋ\U(ԢҘ8%|\|#a(1\[ml\\a2w)j\io\\r/\"F\A\4x2\3LhA^\\:CBP\[	pq\\6x7,$i\n9>\'s\r/+\\1y\"\3%qCp-2\\\3+L+,\5V\`*\\\*\%|氦G\pYH\"{fK\xw;ow4ST-\\Z\2\\Gw\lO[.M\rlpx\\܎y`\WxS\rKN\`ڟ1g\vTr|1Gj0@\\\\V\q~`[0-&{fWwP`h5\\"\vG4轝\67\\y\_59ܓ_F%{\\b\0\,\s\\I\\;\\rJ\\J+\([\"y\0\(@\0x\'\"D\\D%\8w6p\\\/y\կtV\'Rt.\\R\̜\Ԛ\U(\\ld0.9\) \\0vJ5\\(e-\Zd\a\PR\J#t2rHώ,H% `YEW[4Ryx\25f\o1n/\00muz\\:\7)qRے6ɻڅ\pj[k+ 0\a/{\H(\QE^DvEpq]\@\X\\\̣\\\Z\0\x+\0\_\Jw*CMjP)cE\\P\0g\:7L7K{~TG9\\r9=\r\<;Υ0b\nc%*f\u\ 4\\i\\D&,o\B\̍}\x\0\\Whp\nYV\V\Y]ir\O\R\\>\r깋I\ZV`\\,D\\_q\baT\r_-T<@\0X(ݛ*XCd\\0Y\P7#guG@2x\xj\rMNQ3\\`Q\\c\\npv\#\rK\(̡lvu\rF.r@,ͺ\\nq\5ܺԠq\ˌ2\V\\USv\`\qF4\0\p1csB\@k]^\Dm\\3Ry\h\\0\S\xcbP$(N4c̱˔e\\r\{30\\\"K.N\rR7^#e/d,\\b\2> Dx\-\Q\Q\v\+&\2\x(\b\v<q\\\O.q_l>Pk\\/F\n\!|K\e<\@\n\"\0\\+qo^%uon瀦V3t\Z`I\Z<\\\\`\\\ٔԫ\@\~{QĸKJroPlʡ e\T|f%\\[\|\\YP\W\\,t9\"&ʹ\0)\\C\\@\!gkx= Q%%rV\`\Uus(ϔK[\Ҽ!\\l<LA9\;S6#A\0k\x(=n[<\+u8\]C\Z\\`K;\\\Z!xaJ59\p~G(3O#\E\0P\E>\j|\r5ޗv3UA\WXM\r\G-ʻoB\^\7}\#\@`W\q$Ds\rm(M56\l%DGS6[`߈l\\\6	IuJ_IQ})G7Lsm,\\\-\\Z@\&&90GZt\"\n(d\rD,`e;.^\X\UL\^f̢,a&ի3	D	`W$&6\v2\[0X͡;LqIlܬ#(CU\`\r\Se>,mbJ\\53,Ⱦ\\\!\\¼\r\\/QdQ\>*\"냜\0(~<\2!\!vus\(m\RT\C\\r\\\\5F\\i7\06y|N :\507-Ȕ$\Z.\sDe\0\0ծKZD\U\0.ѵq\\\Kh(	l+\ęlp\d9\	4\({[\ne\\p\ᘌ\\gg1\Ṩʊf\;*\0\n	\\\	,T\\b\'\0_\\\^\ʛ\jQ\0\n\\ >#M2\\:SYQe!\DlUS\\rC*\\	fk,u\Tt8kqrq)ĳk)\M\ax%Z]&/U8QK\\\W\\<\vZ`v\M\\0\:\rkL/\2~\Paʧs5d+g\D^\l\n\Ѱ\eb\+|F6(i\f\HN\Q\d[$SX\\[ژ\ZƢ-Fl\\r\06\\UTL\2\F#硗A,-37pQj\\*\)y\8\\{\Z~hZ[vܺr\]\b\\(\8\doF@[\v8Κ\qP\\V\++ʾp	5+~8弱E1 q0Ulf3J<h]8\+d\\JT@\w\r\ZGȀ\*fP;T\\\*rG\m\}˅\LL%\%\R\^ \˵\fV\	hhNw5j\dܮՖKA­D\9\\"m2rƝ2qJ\P\a:j2\ʌ!\\\s!᫂xTpT\&i)T\eDgFZ:q,	&p\Z\\\h#f\:r\\txu0\n4-&[Ա+	˳p/C\	\\vԹ\\n5\nŀIˮaC;,UD\rҞ\;bZg3NL\zC\\y\Z,68別3!#O7&A|z	F09H\\l\r\	\(?xcYD\wڂv8c\Z\0n.\\i3cQX\!5vxbmCérr\Fw/53`ra!(\\^\5\3#SI|h9*L\g\Fp( 帷Yq\r_\'[x\\\\Z\iY&\m¤j\\HR9`\ZiP\\0}\r\qG2k[|;\*U\5[\\P)`<6\>D6\%U\0q%np+Q\[\ \\n\JC\n\n$omEjYnݍKm\0\\+S!muԴ\myǪ:Jr\ZУ)֥\\x͸O\\"qRԹr@(\\1~3)\%+1`\\Ȫ\/|%\,#\`(\3Q\(}\\OG3\'g\AmC\`,\T\aY\c/p5^vILvN<@k5=>,*.;BpG\,hꥢ7\\\"W\ԨF\ٓK7\_>Ss+%uD\\VO!/Q\v\)pݐ\HY\\0\\H9Y\\6\\\J\/HjE7\̜\\{%\\\\\ Y+\ҟp\.FW\Z\dF\9\=R\{#Z[V\6\83\Ać%\co\-0\3q\\s\*\"n(PbL\SKqe\c\r\\\U\bIq.b\6\6\<K+OA\3!s(D\pvCPX#\n\R\ȋ/62\*AGp\F\V:bPr)ZBEmXB}\\B]\6#XYF\\Vqы\`VR\\s\UܺS~`-sH?R\DJ\b2Tƅ\\Z*q{|eBb/\o0,R\~S.<!\\?D\tG4YM7W\4i|K\r\ܻ\n\0)&6)V	VTx\\v\\4wf-@\,[9\F\\\)\2\ZfJn[|F\P7\@˾ ֹ&\ٸ!,\Z5\U\\V\elX\\"Ay\u$Gy3\g>\\9\\n0k~X\\L\B*17qܹ~#>آc:R\r\\"\\kS\gCYԱ!Ԩ+mw\\32\F@F[Py9Ej\U:}x,\USw.\` a/q.o\\\\w)Kb_\\U\pI\r*\U\Ud\\\Z`Sp\P]X\0pq\8w5\۝\ȋ.j;\\Z\y C_\eȀ\04\]\\d\+\\_:\Z\a)k{\_[\eIjy\\ڢZ\\0\;1\,\\[B6%dcVKb*eV	\r\8\.\\eM.+=T-\QqbK\Bخ\\Qh\Ej\\U\c3`\AYY~\:\mZH˳U	\̂{&\\'(\N\\4*3\kWO*\@Y_\"\p(%!jB\&\ZIˊosM\S\Fs\0\xo˞&OR\oJD.SF\K+짹i#2Z\_\\{\fnpG\X\2LL	J5ޢfĮ1jdYl\`׋\C\0z#\\s|KHB&M\X6nX[P\7PB\r&w!\U\gLe{ 	\\	o	\<6PL=\=C\P]Yb+r7|~!塢\\/(u2\x\\\ÏDB6%\B*z\"p(i\*͂\0IQ\A\\P\k@3uvL-f\P\Py`m*_Q\0)˹J\n1hYM1X\hܿ;sv\\R\jU\-`[SZuĻW}x\Z2Wrnf\$Ұ*[Kr\\"j\ICd\u^8\\\r\\P\\	\8<\\l`&s	(\v\\aYNk-ׁ\1\Z.\!\\<\Apw)n5\b\WLd\0$ˆV\1F\ l\\\GD&i\^\#<0Un.\mۤq>9\n5.\P\b{.@\0+\_mM\ቚj\\\\\W7	<:h̸x\r\\9\rn,e&gM`\@L_r\Zy9uˆU\0\w2jZ\	\\rmq\r)	SH3\\P1¥\Pae!	\\Fr\\\0l@Qub\}\UqB.ak[s.Ʊ\#Nb\;^#]\Q\03u;9L*D\\0_h4q\\\+5\\kE\\Q\p0ph^<\Cb\kZ\dhY\cR{rlޚVv\BN\0j\<9l*lq;%Ai8\\\\\\Z\"\\\2Q[e\\\:9Y\0\0\yZ\mȔ\\\\ \1.\rE\D񜶣lE\\_>\r\eW*uZnUUR\u]Kp\\ҡNyph\Ζ0Q\EgJBp\	sM;)i|J_\\K|+.b\J/\*Pjn0*~bfl&x\&/p\$\먴!F\Z\@\\0\ z8a9_i0A.\\\:\"\\z5\\|J\G\\\% %J`V\f\X7n;Dde(ϓ\\T\nk`\:A\m;Xe\i9p\0ў\)m\B^\\QE\0I\\2\L\u1ωk_b9*\'`\\2 %ŷDhBCWqҬzg\/\'r\\\W(\ZR %$qpɊ\y\Rp9\A\Jv0E\\t*&\_q(F:2\\FT\Pv#Zl\Ohj(|pWpٲ61i\Jè\u/BTK1ٚ\\ZOG\\gvEt\f\"; Q\\ZI\\pNLSЈ\\Գ\Kr0n\\\[\[,(UQ\@l<\\^t3FFN\\{}CΛ£FV!%sEQeʝy%\\\vZa\\J F\\ԠZIoQq\X\h Y15\nc\\4\(˱-&x8P%4\D\ $BK!+>\ij\\`f \n5,}\\\\y,7hdø\8)>a\\Ev}Ώ\8P\z\;eO\3NuY{?\s\0\IB6\1~\n\?\^z\Օ~qvWIi\^n\øUֹQF\Zxਥ\3%oeJVp\rF{xb\b\ʄȮ\3s<K-32Z-?&D/9K⢺X#8{b>``M̲5ޥ\SSTI\癐T\	\vy(av\\0,\>\2\ƎĻ	OP\#\r\\X\^H\\ݨ&\\\(\9\"	2e.`!o|Ct\'\\hE L	[\\r%\á:H٣s\0zi^\}\?dO\+C3dg\疲\'\?N;\Qx\\6V\\0\\\0|.\V`\@\\o\z\0ܪi9\Zȣ<%\;>J\u3\M\\\\,ϟ\v9AV\f(m[nP酏K\\*߸J<THiBXQ\r6ֈk\6\^S׸g$\'|\"\.Z^о\1\\C:!k\\0\\ŵLd!0TŃc\0$\nc*H\nb(\nLяO\\RQ\\!7O\6 %U\xW2]\L\U\H\\u\.6q6c\=?ag\J}C]EW\0-\+#ǃ~O\0\r0\n8AC\T\RU\?\0z\纕q\5n\\\:S&\I\\\,\\QR38I}!\\ZiN.\\#VF\\haB\\}\,\\/`\\>KӢghy\0Dœ\n3-/Rd\K\H;<\0w\鈗\Z)\%?)B\n~\;2*R`Fuv0\ʭX\\\0J@sp#Z-#h\Ԡ \Z2C7\0\\\\Sa9r3c~\j\"\9\+\&L\n\bXGs\?\\\0u<U3`}X5\kdX301u\r\0&$6\\"\Te\0L\es=X\$\%3s\2\0Mr\&#*Bg\%Kn. \r-{*	u\[Y{\Vq(FJ¹%\\ue\\08o\<1MY\hY\e:r\0\\0\\\\0\1Lo5\\є\0WLGlk{sF!\r\4VHAKv9D@\q\ħnf\s5F6\n0+pn/w 3\Z6\ELx<\*\LCrs8\\ҹЂڎ0rYV#S\nb\jZF%\\r\"0y\66_T[\l1LH!HV\\k5Q\p59u(R(͇F}dlCB*\\5Nw\\3w6\m\Hn01,%\<\"aSu;Y)9B\\rj]nY/Gҷ!\ǩ`Ft\6f FaJ\\nI4wS$-0ܼgPF-\\\\J~q/ÌyUyVX<G\0%\`؃<\gw؍\\ \"T	y\'\rfƁ\\\jn\'⹁L\\}mv\\*ߜ\0\:hl(\\r+&zd\'#\0G\\\- \bJei\T\\f/\ly΀2ֺ@+\֦\"6R\!\0_4\\=ԹQJ\:\@Ѝ\_\5ai0Z\.*u\6XK\A(\n\%Ζ\0\r\\醔zSnxx2ʪX\~&\e\3\\1\cl\Z\q]y\"j\ZU\0-\\1\xOaD\FQbb/\⮡\Z(\q!&un\Ym\KRF-@aVEl\,\\\n\ËM\/>\\0L.\\\1us\\\\\\n8P\1.\BVȄJ\iA\l\4\+xq/ YUgPpxQ8\Q^br\\"\y\J\\\zM̱ϒjTAo.76q^fo-S\&E՗,£B\ʂ\T#L\nh\UNf3L>\0\nCR\3,/\rG\0Wu\Xiuw$`.EoS]b*O\rc\"(:\\ݚ@iqg\$v\\8\\n:\\\DGjQW\\i(%Pπه-\tG=1\\J\3g#ˉ2L78[\4-AE\]\l\V*bV\\7=A+\\Z\ ]@\A\0J.7u`ɋ$r]ޣ\\.Nc1Ҏ\\@R\<!lΣQe_q*\\	\\2\u`\\\W\P\2\\/IK\P+\ewC\]2\\&m{N1n+$r<\\TU\2\\|@\|\ڱ\nØ`\+^4\B\ns-\I\Oiq\cGf$)ܶ\nb\pu-[\#$V\xBܦ/ľEx\=|#Q3\}\"1m_rCm-=\=Ղ*ɠ\f\\*#\5Xk\[∵w3\Ӹe\+VuFb:uU\Dm\\e\TJ\n\"euN\ZZ0d\n\\\\B\\r\e&M\Ub\n\F\\\%(w\\\"\8&h\%\p5hu\\.Ŧ $\9\İ5\iE9>\ZK\{%j\\"BуawM\08_=יM\\(UK:b)\C`BF\9T\\H\\ԳIV\ZcVK\hE\d%nx{\c9xOm\\\*\6\\\n9X$\e[$\\ܼ[\#\\\MB\\.\	B\x%\\~9X\\}L\eX<VQK\b}[^ɐ\n\q_R~\omS	\!@K\Z\ZSs,N\\ZPt+`\re\r6w(;8\\\*4)gkJnʻN&\'\\q2\K#ex\ZW1\rJ-h.\b[,*oԩFڝ%T\빜\n3] Uj|%\\ԸTty\,	\\K&AC\\gk/ZiG-G_RjҎxMˣo	<\ҟpr\g\D8,ār\\Jv\#\hJ\eV\\\#\\\U\"O@F\\Sul$qc;%ت\6\\\Ub\h*R\q\09QxS\\@\mq(%u\ZuĘ\\$f\ot\\"&Rc\r\n\/Z\0\RM\t\r˗\0 59;,(\0S\1{B6\B\\x{Z\62\\dԻ\W2\r\\\r9\ܥ\EFMg$\7\=\kS.{\u\kUB\j\6\\K|\\h\)\p\\\*\֨#uUv\Z(AiMī\Aqz\]\b7ߔM#lCbY.<	/˔`g\PSΣݵ9s8\\\z`r\F89ő+.\Z`53jeʁ/̵.>Deog2aYX뀅h$+\"#`q*\\`}\^\\\w0)\\yeH:X\Ew*\\RU\\\ߓ\Z\\4#O\'⾓%\";*+ڒ\ɧ\Z\ʼ\Лhh?r\K2\Yqow\ʾU\^P`v\\0\\HZ\B*ZWQ,\e\#0\\\\G1\ayD]Y\R-l,\\s\kS\\&Z\]\ӎs\Z)e/7(S\\զ3ehhvٔ\PYj0Yc\jpޭcv/\\rK=1v<J\v\ͭw{\os\\WtAd\wf\9\\0\6\\,ZqO, 05g[O\r!u!5\\\|p:)~b^q*\\\){\(W %\\Ԩ<̾!\D4\\x\nVn\n5&oN1!`\Ġ\\B\(ˢ\\n9C\ϴ\1\\}y\Za^\F$\Z\kҦ\m#`oK6\\\<\\1K9.\F^\":\BW\'SN\7|AL\\)9t\*0ĭ]\	^\3\\\جHp\2u#am\r\1\q`0Nf\(l\XT\cc[TԷW\"\'_)}fof5Jޢ1\\5,\\,PU{fĩ\-ٸ\\\bɵ˳p?L`/pAj#2\W,d\pzMƧձj*Z.a\D+*Q\%Qf\\yA+-fNemÂ`BJ<2\\4:S\nXl\\Zol\*\\|\䗋FDf\β\r+\!Xcpǵ5QV \Z.Ṗ\΂o\p:\n\Y\,\ɒ\na\kDQ*\d|\b:n#\j\aRܒpU70Me\"\ZV\2l{\nyC8\nh6/q\\n\LL0R\{RBΞ\y\\nf䅳T\\\VQ)c4T\\'dE\\ԶOgF\^s\d\\1pѕ\\R\7\P\`y±,\'4\\\\s4q4b	hs\^U_ܧ,\_8@2Qf.H[\"l&5n\\ZMy\W\tpdt3Oˮg\\Z\"=M\l\<{Rc:d\\N\\R\\\jQg\]V\\r1,a\Eg)@,)\0d\Y\2f(|8iax+]\\V\\sI\qʑUp\\\qFW.\rtz1\rS[7\Z\Ѹv,\r٭r\0Zux\Վm\\n))\!Da\\05s/<\pݻ8gU(\ZM\\\&3o\O3&C|\WK$?k		\e4\\=K&\\rSSK}\\\lT/\L\\|8TxyT\L\	ã̠`òbBΡ(:G[J\CPVb\mn~ʄ\\X\r\nڳ,\"\\\Xa(SU/2R\"p#/(\Wk!\\EPpN<MW,]D\َmxEY\7kr\6\t[Mkc\Ļˊ725\̆(եBg\\\0iXN{N{e\0s)\jo\214;\F0DP\b8\@YB-\x&\ZP\0q\\~J\.T7}\G$@v%+\;\+ܵ۸\t.;d\\0L\saxq_\\}*\\\\TKW\)o\K`+\`c\\	\Ģ\79ql\n;!\\UIϛff#CYMN@y;\Ǩ\3\Y`\G\/l\0P#l⺃Mw($]7;\ej\U\\\İ\ܨ\r\np\\uKDTo\\\\79\}LE\rpqsK1\7q!WѨ4:=;ִK&B#g\\Hoe\\n\rݬ\6dJn\]y)#\}{\e?;Hd\Ew\ê\\\\rw)uP4<U\j\\\m\]J\n\x\r\\\\95)(\q0.\n?Uո_7\9\L\7zG\q휭\s.)\\WN\\{eY\bzsT,j\n\&#2e\KI.\P\HeiQr\/J!w[k\[|qqC#\Z\Į`Rw\(|LkK;\LC7K\*iD,(]53	\\^̬Zlsݑk>V\BΎ\\\\n\\rp0o\)`\D\\\n&\=G\ZW+El0ǘ@r\1\nq|D_MK8\\XmK:bc7G6\>d-\pG&(\ؚ4L\'1:\]\S\n\/1hHic][[Fڃ\~\",~\q-10\)\9.\Z\9 p\\R%)4J\\\\r7ʁ~0}\\\"\&\\\"^+(;_\R\1d>`cU1\%q\L4A\Tir\\_mR\\R<1Z\4\\nԮjV#\:\\Qe`,ܴܦ\\\ld67\LA$\#b܊\\3\\\(!\Cx5\u\'20\\eGJ+$sMDi\y\0\o9\q\\0\\Z\\ MW|KHǩey-\_e^	,\mw)\\\FX\Zs{rg\qjz~%1\\ʉW\"\4\a\f<t}:yr\3\8\b,3\\0w|@\\3EcV\,4\W{mn)mb\x\\l\s{SmK\,X\ \ \}DynzDe\œ%2\[\i\\\.IZ/Q\Z7\s6Kv[:C\غ@TZ=\\~clj(DUpf;\rԹ6_\nA\\,@ɜ?\\y\+#VM6\:9%UB?\\0\\'2q\\5qP=$\'\nYi:\Z\H\H0yܠ bP[F[\>(.\\\"/\A\\36\X\\	fR\Hj\epc\Vu\*\0_L\6p&\Bd\\\ԥ\\|y\\^cW3**m\~\b\ͷ2B\\b2ҪtW\\\l\72}+\^\Z\r!Et\\\0IQ9e0\ie\S(fQʚcl\f\Ȃ\9\03JG\bEjn9\\Z}s1M^˓+\7>1IEd\p|YF\\r0\bE\O\\#)\4!]w\g\\F\n\7\watukȍ\;?(\S!V\L!UK(0\8a\\{t\E&2\/^\\\\\Oʔ\ñl\6l=+ܰ۾\\+ԣ<e+;cCj1S0kw\40</DE\\RM\W\\P\h1B\#=@5ޝ\r<\4ʪCrN`M!E\i&8`Kܺu\Q!ޡ\\\\E԰KG1-\w\\ C_2sexKfz\R&	[I̾YTnJ9\1\Ʉ\ucB(f\Q,zaT\8\'Qy\\\2\\e.aC33jf\#wWZ%4Ւغc\Lrq\@^+S\\y\/^xV.g\J0\0W	E/Z\e\0XRL*R\h7\\\\";COa4\\\\Z\K\~\'\'4\h?fJTm\\^l\b^F\p\\,\G\\\-\Tm\XZ>=K9p\@\\X0pƇ1Ѩh\oy3\uU8a>DE\{-\,2ebS\\({%՘qjgI\@.r\2нTj\[b7M\0\\B|>Ԫu\.ycJKNC\=BN:qm9;e\3S+ۂ\bR\"\/1G^P\r Y޻1B\"\\Pɂ7{\&:\1UC\-J\\\W5e\IeJ\ų&xm\\*4\lµ\q`F2\Ԛ\!\`o\\Z\[\:\"aa{vùsOiU<o$.\E9U\],\-;\L\}/ox+\n\\cK\0r\iYa\\\\r;w\Ek\\j=Un\<Cx+[YqKه_F\Zo\PQ82˅d\nP\ڜzx̤[nʨh\\'1\F\0iU\)R\9<\"Ö1\n\Z\%^Y;۩U[e\\\\za\\P\@a\ԱKv\"^-6\g\\\%A\yͶ\(w\0(y\Y0\G\0G9b+F\"3)Tq]\\>\s.\i\XԷ\"\\c\zA\j\77Dþ\V0Y\3\Zࢹ\\s,B\\V\P]\ŮV`vV\0r]\I\U\``09 9\?W\QR*[D<\\0p\p\H|\m`Upq <(\FL9\\Uo3?P\`Xd-#,\8\oi\9J\\u\01Nש\\H7ڢ+̷\\]wO`\-@\m!\nv\\=\he\ .~S\\*92jq:X\$\-PICL\'\Ź\rˇ\-[6,0qJ\T	hrc\)@\j1kD\<K\n\nqy-B`\ZQjԪt1Y\ۢ\82\\uZ]\-V%CQhG3Ʊ\\\4rBtKQ\Q\ \\Z,ܭ\nWY\\6wp,\\9f\\\4_\\\:@eTjb>m6{:QN!Fm\\S\\a:k2Z\r\\zĪq\OӞ\4\\ĲpCi\\`Cw5\\kWI\\s\4\(\̂\@ab1(Tz\Aq\KɈ\'\%\06̻\\p\n\h^AԺV\u\@噙*Fa\3\m|E?]1LO;\0?st\aЙմ\LN\YS~ \G1>e\s\\\W+z148%ajp	ql\&k\\ne% Ur\\\0\0\Kuq~iFPkrTtų\n0\lӉj\(mPWq\ZyK|G7*Yj$\CiQ\?p\\0zvQGPLͰ\Wn.l\\0\0+f[T1N\?2ogt\\ZQ\u)u[q\0t	{\\Bxz\z#O\A\\nkb\l3\\\@SUh]LYB{> \kn\UP\0IUV/\U%\b\7\0@_s̙\q4vx`*\-\̏q6\`^\r\\\ራ\nb\"\\X\˙VtJ[*_X\hng\\"{U\U]\\Z\1\m0`\Q\\0F*ݦ3Sbc\p0 k\OR\o(\jcD\1\"Vi?NU\[h&ٖO2+\tj\\c(\)\\\52\NT\r\e \0\\r#>hJ\=m}@a1V\Q\\A\Ԡ\BF\i(;>\sz\]T\N!̨rPz\\0\kζeɉo(h(b2\i*a5dU\@l\e	\PK\|8\R\0`L\"s[q~_L\.&zf̭Ei\l\\i}\_`PSYx\VX1`wZh^X\?/q(v\U\e\Z\m\0\*\#=8\Ĥ5bK7\RQ\\\<\'N,H\*Lolw\\r^\PGQkxx(\\[(0_\Z\D4\J\(˂}\\Kd񂗜\iOS𨾴\ =Zg\9O倇ă#\>E\\ʃ[K\n\S#9wc\\r}s3\ZN\( ݸ\\ː	\k\\Vl\GA\\\Z\O\3\Yqj(S.k1\'vr-t5|\*\#H\\b\\YpV\"q+ޜ(Fm6&f0\!:_,@<\r\"4O3Q\vÐ=@\f_=j}\De\QLrX	\\5AT\!\\m(&؅Q6\083%س\'<\b\\\\rqGUz\LL\\Z|D\h\DS\Xsxb\\wh/in\	j\V\V\"َ|\C#\0,DA$gu\'/\G\4}0\rB\<\ש́\\s+ȷ\",\Gr\\c>\'*yj3d&t!j\ \P85pipއR+\c\U\pIxtYZ\\,\5)t\\0<w)ucf\'(H-\+MR,\"Y\Y\dщh\@js~\2\`&\r}\ajܱt\RT\!gZǄ4s`Z\Ti-]\q仮\JkXC[\n\,npKh.(\\Ύ\0\f\SU(ԣ˲;1Es)\\E`R個ja\&R9\*p\s;(9.cpoϋ]j\\ZYvEz\'d8ߩ@\Hڦ\\nj.CKut^r撰C\0w)\"\a\r t)B-ڸPqm4\\\9W5KZ쁦iz\\0\a\\M\rw\\W&ɽL*1=U\E|\)\MKZ\21\\CHR\嗱Ff\eW;ǎ\lS(x\6S\e\|˚ı/25@\\MV\\\0(\rmRN*̲.0v&1pQ|\\\f\&յ\-6U\\W\85F \(\Zޚ\۹P^Qq\#\V\j%\rKHK\E4tE);\SA\;[!rR\\̴޸r\J5}\誎\9x\\`\\~\T \\_G\\s+k5h\/ Qʙ^\\(\,3\4|b\,9\J\\"Ku(r8H_{g\,Pu7sW1=^\G9\7T;J\C ʲM\.4\nD\8^\Z\+񹤷\\L\0\E`^\'d\'KiVeܽ/szFOgNU\@宍\Z\̃-,\0G\-ǈh\P=KKhqR\<̎~\"P\\0n0ZWS	d\h0ظ#|\@em\Z^S*\ZnayxMj\k8,m\xR\E\Q\R7\P*\2Tz\\QW\\r\mf8jhkpZ\9.\e\@re1Ǖ\TP\p\\\0Pȋ+\\xX^Qc8=\\\74\r\v\\]Sr\\nTh*/\tr\fEǚK\C\e\\Z\h\r9KMI\5j\\\E \Bt\\Rɞ\Z\Xf\$Ҧٗl1\\'JW̼{\\Jx)Bh\X50\9%<\Ur>HPhAR9bce1H}&^\GP\\"#`\\<\pe(N\U\k\%\@jb1@\nJR%8#\1\]Kʺ6b2~f`(L+\T7\r2<Q\Zm1\YZ\\y\Wu.\'#32\S\5+i\'E1嬽fWխjhq\\P\'\l9\X\\ks$G\ɼ\\k4n<px(\g\9\q\Z\=cc)og\FaiC\\&\Zc\0ЫFY5\E\C\lpe_\+Y\Y\\\V\⥙4\38\`\0&x\}M\\ξ(UO6\ʷD-qd\W◛XI\TguI\\"\TAazJ@6_\njєy]t\ʆ\\\il]#X!\\\&F\0mXX{\n\d\\+\)bRJUs\\\0Z&DbD\C3)ȖBĥUQ\\[EꬽBWzfg&àA3HD,ܫcyU\&\!	\G,\ra2X$At\ڣ&m\mJ]O\^(\w\Z*\rsbYA`fZ*,7.\\F]\\\o#@\q\rb\\\$RՂ,Ɋ̷b_Ϙeںgw\n2a\LPԦg\0\(f$WVF5WG[\\6u(}ćC\@G`{`y!	q%\\p:p\9Pb&\BG\Eu\\QF0h\0π坮Ҧ\'3D@\\"kcxe^	_q^,\ď1Ʀk=AG\r\\^Mܦw\lwe<\\A\r\\rW\\3\n\sw\U%sLK7EqϹM\"\"\\0sz\\\0[zoXD&\\9x\)\o\Z\@ԭ֯y	E \da@P1\\\\"\H֠ћG&\@\F\\;Fa6\\L\\"[bPU\7bE\0p͙I\r\\\5G=s\=Փ\rw\q\nq)\\'\A<fNwn\yH\0\0:`YJx3\d]GnL\ss01\l5|G\g]x9\\Lwg\h.	\Ӝ̉(Pc.hkД-j\Z4S!0kL\r\Z\A\0훛\0zXJ\gs[\9@J\|ka6	ՔE)\:Y+`\\,0)u\:3S|\\n,N.\\-X\CeJ-C̠\\dt?C\\rgøIj\\,Z;\=B(ق\'ZB\\oM\\uTN0\޼@,L\Z&Q\\:\\@\eu\]i\h\\1\SA\1\Y\;\0\\rk+x	9L[@QA0AKSitL\Q\\71\0@qQh\\rr\ͻQecp\,*g^sp\m=n)e\\f].\po2\L\0R\\^ \vʄ0[\E+16\:(He\\y\ 9Y\HXy\}QMB\\0\m+˟(<5n[\r\r`\r)a3ZӤ\DS\{Ľ\l\\P\ux\*\\@e\Z\a%Bњ\/\\6<*c\y\s(\zNc^kR[b\"ZF\̾o\G2y̭MB\\\ǿlƩ<ÑT\f\\L]\TPkz+Hx\ǡsaܭ\D4vE\0aG\\.\\\J5lKIm̰$\Ě\\\J./tn|ASpbZj@[e#\n-u3/yGϝz\<Uu-8Q\\E\s&-=\wmn7GЕ\n`+a\\MJR\n6R*\\Y\\%|\V Ug6\ħ+\@2wabB+o\'N9y\A\\9b,\'%̕bj\e(%\^!\n\5\\`\m6\\\(2j\aD0xY3\\>\\LsyuP!Z\!]\\D|\\)x:kP1\&\\;,Vws\p\̯Ys@\a\^dl3oQ\;\\R%I\0\OU-\*֠c\\0\?SWZ;\n/\(D\\P\̦	O@E]9\T)U> \9&6]ؙ6Qx\-\w`SxĤ`r\\'Y-\ƈ|񉝵oQP7MO3Aaigyc0ln\gډ\rLNK\dJp\SvGT#P\2h|̑hN*\(\g\\\rj#%g9ߩ\\2\43O1R\0s.x&=	s,Zı\4^\\G\ U\RP,ڰm\9g!\r\]\d!\<@0_e\ԯ7\\Z\0Ij\\\\\,X,Iz\5\Z\\:X2\2[\\29baa>Hiz\sd\\2\v52bl\\{f\A\Zq|\ljPؾ%+f\Sp\ch\.>%7\ 0j\\u̲ Z\{\0Q[U^2\, 1\\[f\W{Uj8A\\SٻlX.MM\,4\r\\(\0\ت\[ܨ5puPZ\\LtjF|2d\n\\r&\\n/`C_4[h^\"\\ԿS\"-esZ}JN@u(\0MQ\QocgvPmb\\\,Fn:O	\`Ġ\\pmYYv{\"ߔ!\`ḷ]r,aKUsBm<H3[\s;\\Kd\\1`4Th:Njz\Z:{\\\\[+6Ŭ\"jG\5(\:\x/5\C͂ uk6*q@s\\\Z^QıW\,\\\)@q\\n\\X2\rg\ǹ\,xoq\o1˷US}%%Du8\"̡J\\\&3SǜD\\i\6	cA~4\Pyr\t[LZ\)Ň6\Q\a1-@\%\ClB\Kz\\+Ը!zS/).t\\,ӘJ\\cv\\\n3p^+\L-\+-\0\F~\F{BVuq\LV\\\:r\\LtV\v\5\SuH,t<!\\$qE\\Ze\\2\nl\e\n^\\AwġS\\'XT\Ǜ6\X^A\2 \+\%;ݳt_VNbf凢a\\\㈀e\ZK*,\0\(q<B&S\+\Z\3\.nӇqM\cLƢ\/D\hUK\<K\;#x-Q|E\\R:\#\bp/Z+bL\n#\*)O$\0 %\mJ\\Z	j\StsA|\V\5\v`\P,,JU\\o3ZBk,R\^_\KX.R\\\e?d\Zx\ۧP&\\|KNGtŻ\"Tj0eS\Uh%2<8)E\sn0jỘ1l\\FP\	&I\@\X\K\KWu\\\|L\qҼs\dix\\%SQj0:+\\\{\\\\\4jx1&t\_$0\o,\r\^12[Bʛ̹\\=K\|K[.d\\\\~\T*x?\6)򍖬\V}\\\\N%6j\fR̰@+#\n=N Z)rG*D%|%\\"\5=6Pǀ͵P\\\ϒ$g#0,<ZR-&$\WUE\"\\^Y\']\;1dQ	ʍ\j<@\ZVņG\\Ys`yfJf\CW\W.J`l^yfD7Nf\\፣`P\\\\R\\\"\|\\a}\Gj\0]:\o\Ao\\\j\Nya\M\\k\'n^31f\qjX5\s(\Q::6\\_\n8V8k\@\j\\U.lR\EGY%\\	EMjT\]mb\U0}F\\\Z\\oHwԹLB\n5+<Ѕ\n\!Crڢ1*x\\	\\\\	l\I\n\R\\w:\0\*\YF1\jn\@\\\!xg\\r\0\\\8\RB85.\\\׋j\\9	,sɝ{kQ`	a\\\7\7\\\}S\\\;\"\UNb(:\0\ƈR\,\`v\\4\1\n꽑\\Z\;#UN&eQS\\G\N%lJK3L.\\\\nTh\5:>\Ut&̆Ӯ \n\\'5u~`-\Z?)\]\y̻#l^F`\s\(T0D.\\r1A|\\l[JZŘt\ʨfױZ`q\+\\rB\P\n\X 5g7\\R\?5C	\,\%\\%|\\'a·b2pa+\\יD\`\z8aB\dna?虗\Ƙ\rq\0O%\\@`\0l]KLu,\\9\Z_R\ĥ\qٸUL\n0\\\\\0:\r^%7\"\[\Kn20\\)\\0\$gG<>d*`\0\\\̛e<](jI2;|nLq\\r8VC\\˵?W\z\\\.%)?\>QL<Υ\yx\1;\\F\d\0i7+o6	X\n;o\\rs[_zk#H\51\YԢQ1\=\}̀\r^\m:\5\vv\90\,+rô\U\\r]xgJT1}P0\-\!\\\0\-\\\wPCٽaeAU\^ar7d l\1W\\\*\95z:Z0\bŬG?s\\r\\1幍bބ㪈L\%r\\n;#֕\04fŖ\]Q-O=)\\\\\\\K&3\0\r\CD#\˵ڠH[0^\rJ5U\SJ`sY{O\*y\Z\\Kvi ?ҭ\"~\\\0\uY\R\\F\F(\;\\Pb> \Sd\I\V؄\\"\\jTQd\,\\\PN\\I\\n:P*h\sʡH	eˤ,fh\\@-\+{\"\:My9|?\\\QV\tҸ1dcje\7+\0Ŏ*la-\4=A*Th\nJ\\#%\\6o\07-`};Dǩ\r^RZ*/\\+tj@ڹJbB$qq\XX+\Zq~\m\H+Z4H(e\\qqS\y)\x.rJYLSlsY.\/|\\8!\Z!\o\\\5]CD\\%\\ELf]K;-\w#*@\\^~\y\M̬3\\6pL\qM\\'^:\\<\d\j.)h&\0?i^\ZfUUU}L,,$!AOKTLG0@\nsh\WT\\7\2\Y\oz)\]*\Z\E\n{˱\f\\\\Z\KVME~rC\L\K\nb#\\TL͆\\bN6Mq[bm!/1q0~\C\r\\\\qA\ɸX6\h\\Z!IVu)#\lS5\y\nw.2q\Z\nZ\sL\棋[w-N,\\\n7\n\r\9 3Z\\h\P\r\Y0\\"\\"!p\T\YWd1\n\3R*8S\\Z0%\99\!Z\\noa\Q\ֳs)>Fƈ 3:cX\n5٦C\6<-\\Uzў\uRdJ0\,gTâǹG鍕\ww](L_q^\MH43We\%Zz\\)WPN\\<L1̵\r/S_\0\\r=F6d\Z:\\\;\'\\0\/<S#JKv<L\\Y\\t>`rAs6E!CS1\i\b\S\2\LMn\Zg씰\	d1Y4a*;+w\s0&\0ѰVNd\7䗬\%\-ՠ\̤	P?(!K-\\epFjY\r\\$((\\\\\]xJ\'酵.(~\" V^\\RP\%:\\C*>`\sl\m\,1c;vArWG0XV\bl\L\JU-\{kf>pz+zF\\\\u\*\X\;\ZJ\ [9eόb]g=\Ե@/\\\PQU8h+\wO\B*gqN(\:k\\\H\rmyN@3\Zt@!q\0\Gr\\OqӖb,,^l1LE\'1\'LAD\<#\\re+\ r\1\p\\rY{z\Sz\n\atJJ\\5TIM\5o\Ϸl\\VF\\Zʩ\\\yj\Ɔ+%\\qM|\\ VK1DAw\<d)\ʭ\*G`\]\z!\0	(\c\>ٝoRl\pZJ%y\9Q\U\/\\o\gݧ%*LL\\'mܩJ\\*+&xi\N#9\iY\YSI#ea\w\J^҇μM=#g|@\RvWR2<ϑ`ƒnG_g.XMnSQQ\_\\^n%&\ֽD\\\\l\\{Q\\\\Mܺ΄\.Wu_5}ÁVlW)Uu)hv\\\C@z	w+QS.su1͍1жa\}JBAj^0C\n^\a\*.v\`[d\\l8\\h&UgffrnSk\\U\\~lVcxTt0!DKF\^X\\"NO̯9E[5@8spT\\WN\S\\\b%@K\Z\	k5**\n\P6.ˊI7o|\wڱ,\\4\'+a\rk`\\n^̳Jk1\h\\'Rr\\.ي\\zl8$2nB:\\\rn^\nQ\nX/H\n,ԼF{\\\0,p7@\%v\9>\xZ9KF\0\\rV%O+;%k ~U\\npV\P-\nfi\n,\Q\()Es \\s,.b\\,Ne@PM<@YK\"E\\\\eUy\51F뉝\0]\"\ຘ\rm|G\Q\,y\䪊\C(Zj_<\0\cMq\(F2UmV\7-\v\\.\"\UnQ{\W\\p\}Vr\\lj\nh\f.\ըq3m:Oq\\cVGY{\"vӨl7\\HFV]@Ў9\K&G)3Hc\lti{_\AJ1\OB\ɧE\s\\M%1\rjaAZe23\!;\r\\Z\w-T\\hW\\Ou\\\2Ӂ\\ KHX\\;+y2認\k.4Ql\0\MY\b\\\AJ\W#&V\\aSXZ\Ed?X\Xlkf=R\`@BJ)\W\\	Q\\@A@Q\IfBӪ=\ni\:\M\}3+ܪgf\}j\v\.\ٛb\NYx3f]\pw\\0\F8\iŭ9ŭ\\QQ\\\U\\19S訏\4`)UK6Fǒx1O\F0;>\\0;Y1\\rFfmS#XUb\"JA\ukqnc)r\rSp\Zy\\P1*(\Z\\:EMO$ل,[K\\||\!b\r\@\n{탌r\pH\xXE]U\qd[-\\0\T^؆8_\p;2T\&8=@C\\"\lЄf-q<PN0Uy7CW*rQ&A(lTU\b\uE/J\*{s\Z\\YܤW#B&\Ԩ3Iׁ-Ρb|&\\7Q\Go۟pKch`qp\9\-DU-\N\V\"!T0MO\\haJ0JЉtJᦜ0<|#/߆\<\**\)8a\3Mv?r\K\\{\\rW@:K2;T7rt\fe\niE\r7uf&MBJM\\6)\iN\\n\W3\\E\-\Z`_\\r\%\Z\\\R\L\"ܨ\0\qR\(u9:īdہTWiL6q!P0%XUR8\Pmz\7)\\0\]mkLR\\nds\0\\?5&]T3.c\\\\jv[\M@V{\E1\g2Ђqk\\ZN*<iC\\g}%(̨x\1`\ѹ:TVTaй}bʏQF BhB|[BS5GS\n?7eXJ\0%ÅLVw/\{K~\[)vpD]%e-\0̩J\\Zs\\Œ\E(#Q]ag\J|\\niO\\^l\\f\&\Ӥy@\n\S8JZ\PG\"zV\@\\\F\ZU\V\VC:ۯq\\ \\ENj\b\8RYW\n)z\\\\O\\\85ˠ3{IT.6 !zم\Xo\jSM\lH\pUcy\s*\"u\5/\\+w&ť|\V\\F\"yj\r8]a\^P3vJNgk\na-\UVEGL@\'l\n\XWC\Zȷ\P\`6 fJ[KU\Կ\n|1*=\8H\Xξ7!Kqa!@Ye\6\gcϦ\\0R+\\QN\>5 \i\Am1\Z\0$\\0)-B\y->%\\q,U,tf5ϸ\\vEQF\\849-k-\;Nn-\r9N\Rp5\*\1\q\"\.rtl\08ET\o>\P\rb\g\5\\\\[O%.01T	]u[0\؉&@j\HK\\CACX\\\A)Z&N\V\\XFU\K\\rb~.\0\J\")͚\\\rc0m{`[ev\'E\\15\:\Z{K#Qo2\z1λH7\ZN\D/y-\!kqqqf\\sn*5\Q\0C\%\\p\<z+-!.R\%֥?\P_MAI\'q/Cpc`8W\bN31\,RQ`8Vr\l$ƕ\.+\0S%XUauLk!Hue,/\"vnNf\\<@ܺ3\\O6R\$\/\/@Q0\\'Ha;\w\f/*\\53l≠(n\\Fٲ\>cMг)\>Q1\o51Ҁf\\\0\a/8\"m\\5[Tu7F/lF\\]b>Vvhc0f\(\F	Nӫ+2\\'\n\",c\oS\0Uq\\Bܺ\)(PݩǴz\Dlpglr\Z\l9+e6\Βua*Wty\HC\>\\-u5^\s㉓\0TK,?*V\\\\.;\&z\R$2Қo\\0\\P\\w}R]\w7\+\\Zc\AA\tgq\Oąp˙\zvLf\nێ (\Jή07\zDZң\'|O\c\o)Ø\\nF;\Kj\\Z\0R:\Z,h_qkaѨ\\"\2vE\T\"\\3v̫9|\\\_k\ry!_7G*mb\",rX\iuq\QtncUQ\\\&\x0\\\\n\]Fljj%xuY-\Aj\O6\#H\\B\<\f.\$ p73<ܠ\r\+\2Iϴª\03n\g\\\5ͫ\/\r7QW\\0x\"f\J]\n\W*\e\Hx[r0)@uu.x˓sϙg\u7ohX\\PĨ-S*n\L\r\/4-\{\n]̹wE\V9G^\jˮB\\n_	\0\\^\"R;	ze+\\r\ I|\ңRjU\J\T9.>}M\qZ$\rq^\Z@\(s\Zk~\h\dZ\b\\\0\)\\R+\@\\?	<Ae8\\\ⰼSK,\h\n axԪx!vF-.x#ɧN-_\!{\q9V/\\A,\IWRFmv\QT؏\W\WIX\b\Y4%\O`\Ucr\LM(QJsQg.ay(1\\\\U\\cߐ\\0-0R&剐\<RS1.\1O\e[ETZ\^\{Q(u0\ri\re-m\\\\\Z^#~\"\0\\`;gR$fN\0<v\ndʣy>O\7\e\֓+ MS\mLhR\r0tK9GL\r]\8\Z%nO[z\͸jbXq/F\\\.14B±(\Z}Ҋl\J\Cd\<\4L\i\`=L^%5\r\\*9UG\\\\2LzbA\Yl\gzc:\\l]!\}xQT\	\\n\\\\0Zv\QaM\r&M9a	\;GR\t 7$ԽJ\3{m\^M\smT\U\\pӿKYXw3-B\\eS\\ZAWRg2\\/> A\4\O#\rL[21kV\n\,Q0e\Y\s\N \\m\w\PL%D@#\Z\0\6#\:7̖Yۨ(\E\\ ʫAC`!\w\F\%d%SS\{R-UfD+\y\OCP=\nQ\@,Z\\%Z%\=\\"-\}t6L]	\\/q*#A\Zn&g\>\e-,\\0Ɩiy3\ny\GR\idhm\\\"[\\e\AJ\:&xR\\Lٿ2\{\\&W*\\NLv2U3V\f2\Vh5x\\0\E\0\\ϙР\Ë`(d\/i\\L,\*\\%\\2T1\5\yX]/@ϔ\\2Ժ\\*c-sI\\'\\0fZ\n\\J18ƒ\\)a\\Zܤ6d`P\0\\\\\?GrЄ6\u\n\#5\Y8ZVp	k\\s\\\\\'FC\\\\AjA\8\l\\\!`R\ 7ݺ=XUQ]aP@H^/\빐# \"J]-\N\Ѳ\w3;kGl2\yE\Zɼo\\0Y>=Fc\0ǼG	]cnb\D<\)0q\·\\<A\'Bxnڭ\3E\nY~by$!\f-CIs	`!V)C$O\X\R\F\p)\\QNHYW\:o̠|u\nQv^<q(\rbқ<0\6\ʐ	\G1U\\,eQC\Ehb+en8,Hkdlwj\TQ\\vJØj\a]M9\n\-r2\G#\HDn]\`eĹ,\qӅ\\LD\n\i\?r.\BY1GrAsVeP\d\\\L\\\;<=Dcqp)F3\em\\u90EnCT\\0PU9\;J \S0փ+\\\Ñ!\\bTF]<Q\ǹ>ʣ\\ȧ\3Թ\!\#\'T:akqV\#F	lx\|\0T\9%kZx8be{\;82:\n5\\[8D8-G\!d\#\0yqR;\Q\=o0.R\x/\\UUny`7\\Ү	y&)qFܚ\+\Z\\o9<{\0b)m\0bS[\\W\r7\\FlҼj	4ò\\:-3\f\"\"ˮ\ksyHȃ\+ق\\}T}K\Z-p>\B\q\.\\)\\wP\]7mKn\ǒ\'£k9\ kb \\Pd;ۙb4\M.-\e*u\"0-WT/\ڡ$Bb]	\\\ܿ2!2E8]J]9a9c]\\-[Vs~η)ev\5t\ĲPQ\r57y1s0)o,J0cp\?5\VY(\59\\a_\\(Ռ/9\7vs=X\	\\17Z\\h\J\\[m&\\bH\\j\\ZJO\XY3\K\kԶgJS\Z\\\8cWx#C5<6\qOr}3E\Z&\r\)Au\$`ᘁ13\1wQި\g	A;w=6\\8BӖyE%d\xU\\\\w\\n\"\Z\\S\\ZgIUШ\\Uj=b^K/\\Q\ZKN5\o\0\\]=LF\,Xq1di/ o?.\\w2!0J(\\lV\\6Lj\S7.g0.UR\rͨ#G3v<V<\\0EK7Յ\\nJtc\\lޠ\ۣm\;\Lj=+\q\\\0\\G膷l%}\,,.Q*C)]UV\\\ncԻgO_r\eb6\}J\'\21\GK\aQ:@\]\X\*Ӗc`F̫G&ZD\=	\3ܦWU\0(\T\x1|\\~L\l\*]eD!;\bܢّ\1<bj*\\UFC$;g\\\$@Y\\eEc\3r\B+OP\\Y\|;q(@lPĀשK\R[\g4\lqW\0Sk\@\\W\n۹QB\0\\\!\ZeI5ͨ#q\*\\j\&歊\Z5\5eY\\n\\\U\0u\*Qx)\LY\pE\\+\\eY穮*ml5P=\ry\"mB\nVBSA4\S\\\L\B\0͂\P\;\\DXV\P\eXKu[2\\\s\x:\\5ZQҌywc\Z	\˃w1R\Y\"\0$m\9\\ਮ\\+\c~:\\\\=y\]w,V\r5\\n/i\h?hM{Fd\r]͊\r\Խp\b\Eo\*-5\'\E\qmy\\rri6\0.\qS\V\SDE\Z\\'\lK@zy0BЂ\\\#lF4\``SL&ӰxU*)f\ט\r\r\n.*7i,{Nnd\0w\nt\u\3&\w\@\a6;V\R9-Gs\CX+0@mQ;\<K\\ Óy\\rJk\\5	*tJe&\n}\JWm2\2tB\\6\%mFQ\S>H4\iC[:\Ai%p\`\\B]ǥDSU83H%F6IP\w	\P\r\Z85\Q\\x%SH\\\ʥ\\\&af/cR\9a\[`cc~\"\Z^/\5\2r\NF/n\"BE\ZVw+qj\=\\d\.\ܳ\$@y	*\\)l\%\@\su{\r:\F\B\􋌮\\;\\1\\sF!@֛Y}tJ\UuR\\\\\.;̨ی&\ ٞ\cF\\*s(\0{79\ZEB\04Yخ\z%@$\y+ڹ^\_pK\\}5KzRR;\x\;\\5`\q[lm~8+ZlZ\v]ӺJ% \^ #f\w޽\b\VK5V\0²qQ\PElu/\\"\"\ui \Hl,\.U\\iu\w)\\\c\J\\U\X,T]=;N\\\-\*f6J*\\ŘV\"\\b\iE9T\\Z\6$8B.5\\\IYA\z\)\|1ʆјY\(dl\י\\(\Ws\K}B\Sr\\rQRDX\Gwŕ	\%B@&B\+\H5V;^XPN`TT<#2y/f\\\fR\_q/{\n\<\r>cZ\ʺShfs\ZV0`\2g\\\\dV	a?\rMK\"Pd\\\\3rL\}\|\7lS:S1c1L*P\\清\re\Z\PӭS	nsOp%\\*V\b&a\5\pZZH\@\0U\02\aTn\pJz\Ki\\QR\ul?\\$`\\\sH_\Zku;̆1ԑ/\\.!uD@6~㠭\\A\\\JV*\V.\\]\>f\nf\<J@0\\K\]1t^:٦\\\\\qT\[m\LłsPvDgȰM[Yoq`1\&\\w2\(#\M~pGK\ns*o\j\\v\D\pLK37XW=\\\K\r\Fe*\\ħ\\̯A2yA_~\p \r\)hnV	\s:f\D\\\\4n^g\L\0@/v\A`\	b=.\\nлjf\\'@`9[Y\"yM\\\b2\\v4\u\T\0Iq=Kzz\%.C\&O3!h9\v\\)\\LK\)UNe\\\\\R.\Z\E\\'ݞ&NUW1.\}a=/8?Z/\ܲ%a\\ J\\N\\Pl`en]\0\cOQ-. \>\pb.ә\vk\7+q(ա\ܷ:\\FtK|A\\Y\\\MƘ\:4R\\\"wrۊA.Cc\nig\VW!QLCfTGs>,\4\Hp\v֒\q\g\-\5~eu]\k8\qTs\nyDW	u[e̲\\S\\ucLS\]d.\%H6D\\0Jd3\*6wiz	nhp\Z\n9(\\1*\E(\I\	het\D\r\-*U-A\:9g;Joc\n\\o\\$\D\+)\Qw\D۫\\\R\\\"\S+Nz(\\nfjS\\\\\sTn\\\V\V¹l\21L8£⧆\T0%Th7\\r\\>s\qdkQ2BMi\^._ʤ3<H>}\¬n\h	ᅧq3\\\\\n=\\\{\@3u\\\BA\ч,\aEh9_3&\'q6]&	Q,yI$^y\k\:\\^Y\F-\"_ıwq4J\1\P/q\r\\pVG\43\WM-wn%4\7}\j%\)\\g2\\\Sq(e\`Ar\pX2\#X#Өҙ\\0&R!\YG43\cѩ3˸\jV\h\~\7E\N\\"\)hY̵\\cFs=IT<Ht\\\qP\n\a\y+V\[Q\@%\b{\\r-;\Ve9!ެ@t\g\n3/%MЅ\lH\\3Z;h\n͹fe\f\7{pS\0}BL;\f\h\\\\U\CkM\nf\,e\3\穚M\L\\]\rCo`<\l\n\2~\0bWu@h\q\*!(\:\C\3\r.tA\\De\b!!\\\N\0:X\'\sHXn!yLgF\FYqb\,tG3ҭy2\4na\\\\`YcqB	$nI}\j`\c\\nH\E4\ǳB\\)\\\i\rMeK`>c|\r#@X\\\rVيl\.W\eUߛ\0\\\U\%j\avBW\0H!:V`\QT{֢Uоb 򞥭JwÜŊqg\0	\n9W\0Q,LT폀U\(2\R\\ж\NU<\Wj3	q۬u4^!,6	0\(6\QeưV^.bmm֍$Q`z\8r<qv\zEKHG\\nYu\\\/5ӔT3_\T\'\'7\^\\Q7z<@0\\\ui\]\OD\bgEAu\n@\¤\Tp(A.4\\'^\"h-Ik\b\d\<(\\4ହЖ\᥵- \fr\"Zz\0\)W\M@\8,|JK*\8u)\R[R\[\"<\\'eSxȳ1\&tl5\[MT\6\,\VX]\>)2RF3As\Y@+UfPWF4EYZ\\.\\c`\s\ղ9K&;W<%\\0f&aYK\0Dh穽SX#o}Xx&e[\U*]t3K0hah4&*T۴T|\^CS\L޸e\tL\+)T\\\id_\\\c\R4A\"\^.<G!g̡\\\>!le\&@\1Lc<\\./.f$#VSԂn[JH\"\\\Ԧ]j\ŢeJCg&\S8\֪-q\\c(ؿ\\(.\\GfC5\q\n3F%/]\p-N\\'\\ĩ_]ƆG+\)~ \H\s!@t\\\;\\rˇ2\&Q	am9G3%f\\	\\*4\*;c`\JNb\%ܰ1,q)5\]h	P*%af\\E`i7҇\bQ.&L\K2\o\0\\ht<\\B8J\\l&>\&\r\Z-|\8n\rR\K5j+Zzt8\\T\e\\\\忈h4\ZLYJ[axt|Jl\\7L\sgs\5\\n2K\"N\\c14\NY|\9 \u$UQaU\\'H% [Rƃcβ\nLp\52\U\r^\,\'׉w0MFSKAw\b((\Ae\Z\ZfU\\\M\\\\\"Vb;R\3ĭ@7	x\W88\4+y\hyX\_^Y*\r\\c,gaF\ZA\Z\EP> ;	2\Q|@\\Zw\%\U-<\'\\er\#©Q\מ-\H\\ܰJp\\Zh\RE\Z(!\!\5(\r1\*{;\n&f\:Tmd;b\07\"pΥ\s\n\އz[2\	\@!`\\Iy]AcĽ))76\ KJ\\<XfS	\"ݢLs`Ez\\\M\\)_$9D*\\\VQN^¶KBj(Fh\(v\J\-\\rw,ڽ\P>W\\-Cn}\Y\<<Lu1Au\f+	BrJ*^a\oa(\qC(*	GF[i|M\"q\m\\n1ᾥԄZψ\\F\Ekq@`\1\Ze.%\{{\j-!I.߁n]n-\,J/\dI4j\r\Rp\R[17Jn`@\-hTRnġrJ\n\\\x/\\\>\8؆\\\\(\\\ZQz-\ݘ\2r\:\TYn\"%YmjXb\R\\cJQ3\\\(\0kR\\\\\	xz*0\\b]i[2@Ne$\\\d\q0\\cWnȅp\\\'t\/$?\\\b\LAw/\(4f\d#}Cwф\q,%\bg\U\$w+$x2\gXK\\0\\\\Y\4	C\Z>e\ں0J@D{U98*%yk\V;\Z\߲eیJf)tӋSY_67$hE&*\\\SyzUE\\r\t\r\qC	O&W6\R5KKdU,D(]y\\F;Sq\@r\\SCAQgq\ 0\vB\0JEæg1uk	aP\\\0&0\}\Zc-mKϱ\.ޥ+\Am\\5\Z*1@}G@)\\ \LZ\q8\r\Z99\2\l Un;\2\\0X/s\)Y\\\슾\!b\W=j:\L \\QS\r\f.\\\\\\/\\"kP\aG\.eRq\o0`P\A/u,\m\!RP\hġWozaQ+\ZĠu*_JX\)U-\dJ\"D\G1|\IA\8\\78d\ t\"/\\0\\\./\-Jj9X\o9EV	k+b\	c\+je\\d\u\<8P+\rM`3V\'\TZJA\bj\dP\Zv-\A9Ƒ\\ڈ\\\_K~:\cUD\3QҿR\\ j\\f\(8v\K y\n¡蹀Q;Pٔic \Gi#D1{JZ/\\\\r͐x\"󨙙\\r\m\4\0e\\\QoYL/L6{\mB[\'\$c\(ݱQq\0+\0\.\")Z\*їbA\;|\\T\C_\.ĺ[,8\"Se\\UL5\rA`\\/S^\;B	\\JU]\\0C0Ht0\~*r.\\Ŵ00\b%x\7\')\"\2\0־H\ĐcS=q <\mD̰\_|@m^\55\\Z\\Q<\#\gİe\'fA\,\%\qh<Ĳ8\GUR\\FhB\k\W\rR^IV\2\EУr ^\)K(.L;\rX\8AhSeKXB\&7R\(b\MqU\\\k܇_Y.N^\0ӤؗQm)im\<\\Z^\fiCM.T\C\\S.\9e\9]\.f&\0dbd[,<y\\\he\A@Ry\5K,.%)ꚙ%mj:ׁ*հeL\\ OO\(\\uT:L؁\x\n\;U,F\/C):5#w3p\pKP\\\03yU\+^\[.\Ec%\\\r1\#Gٳd9gi&+L\y;ꠎ \{X \\\R\\\31\ϊh E0\::\\'2õ\\\"\Wf\#%\:T\\Ƀ1q\3\@`x*\(A_0r0\\3\\V	w\ܪ\\ 	h\rN\\0~]\\0.|#]P\r1\@j.	vOD\\ [\ļW\\6\\Z\"\T\"\8M2vK\\&r)j3E\"RqYyDeՒ\\*~ Yݙ)\\\a)԰\"*\ -\-Vi\aVѰGzfC_EDPmB\%Nj_-,\2R\\≂xf!\b^\YyiMuÁj/<r%8\An$S/Kmu5\nd\\U	x\4+R\^Z\w-.\\ARX\ZzK\j\xc(,\\Y=ͫZÂ\\\\G\\b*\rED\GgFEp\\n[\2r \0yچ^Q-\5\Vb兕\]WQ\n)\iT\KȔyeN,\/\\q^\A)Ò-:וH\m%\"Th/\XJP%#΢B\\ h\	v\t2W!;0z\"\˛\\\Y#hf.[*\u\\\,?Ihk\Ï\Z>v.bYs3/Yml{U#\Xjv%V\+oXoR썱t\\\O}ʐC\'\gR\n\a\R\׏Q:\#:\$U-5s0\|\px%qU\Z\(+pydx\\\&)\\\n`\h\\M\&1E;NY\ZYQ\Γ\\\d\z#^`l\\bS\n⼕\\z\"wP@XVKz\\`\e\Xdڬ3%[Ps3:,%Q4,2cQבk;\\:8\2|\g9T3E\\j\\\Y\Wq\a\O\\\sksuU֏^\\69^M\\\Meh5kB\[.\!l\\\Ҋ:A\q\n\,3Yd\PּWQW\ʤl~`X(\A>\\ܱ#X*j\Q^R\\\Zhm\u\:c4\6>2\R\0\%\c\Z&y\H\\Zi\\	aC\j,`	\0\pFB\yFX~Ή݆\z\\\Z9\XRjFs\nA\Σ\t\͐\\ܴ:\.U\\ /\\Kpv\[;\s\\;^fjc\auntF4:\2\K\Q,:\Rʷ,}S\\0G\\pngs/39Ws̸\n\\j{\t\=\nB\\\yEs)w\\Z\0.0{b\\k[+\0Wn\'Ry\\jȿpJYxC\sej6\K:J\\;\SN\9\[PC\U\XB-< \0r^lrG\\s-v\0֖$[\\5\\cc/u.X\n\fUm71\Ȗ.G\n\:!} Ad*l\T\\ \\\\T\\\R\\8;\)(l+YJ<e\i\\\u-`\\ĥNH\Nl`)\\쵷q߃ڻ=\o\\dAh&e)u<J1<\C\37!U:t>\EpHxp\W2X\=Ծ\,rR%\"w\ŔT\\u;˘2\\\^<JX\][\\UT=T\\`tq0\VԢ\\\\oZ[TT5\r$%А%jR\ʋG	_r&\s!I\&LFN`鱘\ɷ\6fOX\\jY$>I9e6eQCSNS˘BX_D\6D sT-\YL\\GO.膃e\=p\_<QgV~I,.\-㙖P`&\\\cP\\Cjcgs\X\5D\q\\7\+ARʘ\\%-aWRۃPb_-݇7\ʅW	\b\\MC\@ે\\ck\zŸ.>«\l\k\\X@2nE9|^MJ\LEy\"8\\F\\\|@XcCLdsq\\n\1\ZRb\n^\\\OS@\X\ntqn\Yu\\J֕q֛N$\\32WE\V\FŢDX\n7\tL+ܾ\=ĳo\8\"l9/R(/1\B`ٗģ&\\\7#@s\Id)Ɖrt\{E O2\j^k\\}o9ml\0\\↱\Y&)g\Z΢ϯ0\0`djz\\E::&Vx\-i\dJTb!*\+ߘr%s&\NZ\N\\\"\\@\2H@V\fr1*Pu\@\Z0\!\D\r\\8sah!Ya\}xNP\ZS`ڸ\\W\*Z̵,L]̼\\\/\\0auP\r+vT»ԺVf%\,څ	(\\\\0\01;)\舫\\Z;#<\\\\]Dm\\\5*\݇\h\\&|\.\xkeMHB9xq~\f-\Z\\1aљ0+\pK\Ff\\ܯUn-C߉\k\\3\S*JjE帝\6<oSuW|@[4Kq\9e%޳i\n=MW1\\L\|A2{J`\]\S040ƫu0\V\%\E3	OvT}\\%IX; r \&=F?h\u\d\xN\\\;L0ԯ\.,^\ofF\YR7p\0ۈ>\035ȝ+Z**\b*-kMdanf!\4*c\\\\0\b\\){\\\	\e2\p\\nݴ\eJx\rfvrK7\F\ͨ\n\3]3:ҪP7oP\\ˢ>]\\â\rhٷ$ܻjj\'\%i_[%*ʢ\\[\^$\\R\Υaq\h**C|0\/A\D\@]p`6B\GH&ABӈ:YG\\X\BBբHm+}`%PLn\\"\\\Z\g0CF;QCԣPH\<3\clX\Q\ԣ\% \sA˖8t\n3qc0;,0E\5,}FJ\^ᐪ@(b!gKJݪ\\E\g\ǜ\Pa5dN\'b\%\\SJn8Zq\09iI\RLK1h\ať\\`G\JVU)@n\#$eU?Ե\U\X\\5PiF͠K\].\\	蜧\\\,ͲY\q^\n\\kܣlu\-n\\պ\g@\\"h\p\\\3U5=..\{B\\u\`MZP_3V4\Î\w{Aa\2\(jѳ^c\02\\\Z\\X9eejȣIP@1-)Bb_3\r \0\\\\؇4A+\r	Dgb,r\Ŗ\D:\C0Z\&\+R\\\mT\2\]\Z\\`\oxcexBȽ\X*g4\7\\JCWft؀|ǹu4\-Gp\r%>E*\F\Nb+a\7M6&gVq(\0jb\}rm\qWL֯AU;\ܨbV`ȅ\#\\n\i\#*\")k\\"}.\kh\LG\W 4b\A+	\(gYD\\Pgd<|b55\0	W@)cyXa,\B\֏2\\\J@P0\qn\n]%eǖQh\.b*\-t\S\'\ r\JLW\(un&V\\"\\0xPsGg:g]`y\\й\4\K\\0\K\Z\:TV\VZiTW\,\Zjb9>ff\	f/[%UYcN\w\\~\\\\@zg3c*e\{\rYJ18.\bԘ\.q|Koc2r\CNGk䆮b\-aAD0X*/\]cE\'wH\Z\)PX} ]\l\tW)Ѽ1\K\f\\mǘ/؀㨄\p\ہQ*VLll&4Y۶`P\Z0\QTq+}\\Q\ᣖ2\\]vj%QL+\+7.YS\\\\; ^\A!2su]B{\\\8yfBh\(mmuq\P7\=\\^\\\\n-D5ؓ)r\54D\E!@ľ\:#\AF\̡X3]\V5\WivGW(JV\Z\r_sz\}\\L\\Z(\0{\$©xv\,<{, \l@;NKdmK70P`^\KB\\\Z\rP\0ǲ\\0.T\+@:\=26|U\n8DQ\\Y\\\-\eEpNeYZv\\"\GK!A\"\02.T^*0m\lü!\j%8#; `\\00T\|\qi]ă++q	\\ss\=J:ڟp\\\rBî.\ZK)@J4iyy[wTX\EF\ao4\3\'$\0Y\\\\\\\\\ģ5*Dm%PZ{3(׹eTcszH\w%l\!\\\\0\k\-|K\IC\\c,\99\aۿ\<t*;\6&\\I=G; ♗\f\Y73s1\0c0\Z722dzJ\w\b\%с-8xB1+Nb+\]\ &`Պ\gJ\>q\¸\\vQ\G\Zk\H\\\8%\\\n4*\\`\\sv\\@#^B\c\\\(1\r%\A\jGrN\\'\\B\&jќ\\\\kB\\R8u²Yպ\O7+P\jS(\neIkv\Cbm\\<Zuh\[?&\U\l\Z::5\WpJ\\\r\\.\JdVЫ\\gEJB\vDZ\aB\jSB\"7Zi#FկA\E\^\J{\: n<D\5t\rrp\3b:&b\|#d2\:\\_\*ZoS繬LR7\<\A%[@\\"\%\R)\\h6운1[Ō7)(S\A@LT&\(\J)\4$4B\+\0\\)`\"\f:U\c\R\\Z:v\\\UG(\nl!rXb,U,\7\r?\'e!\\RpJ䜁Cp\\IQ+\VX䰉˰\\"]%\\\.+\\Z\R\q3qcxX\\\L\nad%alT\#LI\.=\Z8p	\l\jḞ*\\dT&\C\%n\\޳ \)\n\=La\`ś\n\!\K\r\e\YZ\\L\eM\J\DS58\d\1$/\!Xp\n\\\\ [\0ZqatH1\3),6y?\(fÌ\\̶-H	Szhaȼ\\-`_\;5Kۙ\Ay\4A0%C\6\^:6Qĸf;\\"EM\p\9Ѷ90խ28:8yR[i\\b\(Ȧ`A\1\`y5+X_r\\2\\7\qcQQ1I\\}A\&W vR2Jn4%pѨEeq,\\\Lf!%V\ZA \f<]A[t\&]3ڷ-p!\-q/GJ\\B51IUJ_Pviɖ1[\lg\"b!-\ռJ;\fA)XH\)8!	U/om,k\|a]\Z1\Q3/t\y\r\6\\\'\\\d\b\`V1ťߘ\:uZf0\]\YYHo\b_\h%œW\\r|\r*\l4wU\n}J\\\#m\S\n\\R\\r\!k\*Ҫl\\FH\\0\r\y\5\\'8\C\.E\\\<J=K\0Y+wlE-Z^;!\Fqfzg|~H9\p\0C1\6D6\\5֣dk\\J\.&\&xB@N\41\\n˴\\\o\\0M/\-9wPV\d\'qej\\\\9zau;\\gr\\nc\";\')\9qJ_uG!!QE4훞Ha\\"\\Z\\\\1L\G\}\L\r@J\1V9f\X%_14J\\U\H`\3\QYC 2\v[+3)an/l^o,&sG5ħ]zH\Z%⎙Wqik	pUuagS\0re=f\Yiqb\B+Z+Φ\A(\L/-u_s\Q\ņ-0\*fS\FsNʫLe)Ld\\2@1ҫQ\n*/N\\r\\0j\0m_>r\s\\\&\\py!q/uA-1]\4,L\\S\P7\B\\c\\Y}W\ld\!\J.,Vu(0ٳdR\\r!霈\-MY\4^PK\\X<<\rr\\r@}!f\gLv\dZ\B\fQWl޷-VrV\ÈN\h/0\\@fu@yatK\\<ƍ$yfy!R\^BQ^LB\4)\o\\rK\\LʄpY|^*\3Vd}S#\pТ#t1HS\04K2X\Z+l\\\:A\Ҝ-\\ذ\pREnoWX=3T\#y	k(%؝{\ZԱ\[P\7w1a|xw/e`wxϸx o)4gK(\:4\CB\ĭ\"\2Hfbًqp\n \bZU#mO%|.qEp\\4\"т\\\r\qq\W1&|L\HkevZQ.!HWi!K8=T[*T8\dØ\*\\"2[\a\C]%\`kǸy4Tw3L2Ɖ9b\YӘ\\\OkƊ[p۳\\0x\t\-xb\Z\5	\M@4þ\\.]<\HTV]S\l\ԯ\n\B\\71zN)\\(uPd\\'\d\\kSH4ElbKU0͸\'\r\\\0Y\Xޜ2\.͋\-B\\:p\!o0\F\5\*\UZ\$p{jhbe̽\"r=Br\RKy%qv\'!(	cUf\ĩFw\Xy8 \f)\pN`\n\\ï\LBU,K\>{y\JV\%Rݡ\_\n\h\\nV\"\\\\\\ŎW\TEP\\\0/WP\\\E.\{\nWPˢ\"\Zr1o3><D\r\X<̲\yo̳\\qqR3=}˖cSCV{b\r)X\\\s,\\C{\ٜ|+cS!-1mG.\K0ª\3ؘsA\r\.]ʃY6\ȑg\he\\\Gq	l啸,9\c9[c\x\0]\&`\gR&4LDis\SKNq˘Xc\\1\\E2v\nLx4\%\rM\"t\ps6c\\w\n`ܨ\Z78Mz\\n\\\(>&\#m~(p\\ܠ0XOs\̺\nIJd\\\aљ\`W\\jZ,-ۉ`Zx\\9ɋ3\-\I\J\\,0P\\\,qp,H\s\\0\DI%\;pBޝűQhU\/,f{EFA\v\kE\Zg_\\^\\Q|\n\Q,h;mn&YKԠ KD\ad2wq\P\\\V%88)d*G\RS̰\0{DX&j5}8\&6\r@\^\\a%opv/SU\ĳ,AZ:s{\YCQ\_Q\YE\.oȤ*?yeE\	˕U8\˥}ib=\-8ȃԬ\\`+R\2/\E8I\0/>/X̯W\f\\Ъ\Z\.\"QGF\\EHY$D\\׹\\s\\9̲^(-5YFnCa\\>X l\$!Y\gDz)5,2\%\J\\,Ӌl\.J*1*\6k\8ht%Ի\rCR5\[\\oeceUO.APڍTqSs\\sƂY\\\/lT\T,Z6\=>\\CT\uK^\̵M\-B;0\Zkݮ\\\rJ>\BjR\\[\	UcF&7qd\ݶ\D7ơT\\y7m/&\n.y|FˆVch6xE\8\r\\'\q\\%CI,U-\\CMrӵ*\LԷWl\4`SB\\nd\b\n\7\\F\gghE1\\w׽\+ԥ^\$ʙ6\"k\"\ӤPS\\rw5\WSQHl^\`\J\nCm\\nw%c.pL[\p\Ԭ8w\QCDQl\\\YX\\\\nĲ\Ѓ[rLYrr]EW2\\8\.Q\EL*/\z-`\$\r\]\EL,\"f\S	CU֯\X	w\k\0|{w(j_1\@\\1\a]¨-Z\>6w\n\-OȲL;%\\Yb66͒䉭C*n̚,2j7\\:-+t \x3,\\T\\\k\8hѪM\.;\n\\\`\n\e\d\rI\\v\]i\\*1\p\4!L<\9~\"\\ǂW\\2{3\\:\e\2\ܳ#FޢM\F)\F*\G1\^h3\ʅ\S\ %\(\nloq-ݳ\"|\\{y;vDƽ\h,\4ؾeaLu%D\\e`bI\([oGD\r\\E@\-i\\\\6\1GV\&?8ǃ\0~R\\Z\ߝD[Tb)Z5\B={\\0\\0~j\n\\n\\\\CtC~Hdra\PMx\rvw^%W\\\r\Z\n\ZV#X%ǈӆ͈ +\Ư/(2L\λƽK6j>ȞbB\n\\vSG0\\,z\b\^U\rΙE!(|\nS#*\U\U\\ۂ[\\w7W$W\\7\0{w\Z!D`\\J\{5\0L\Uc\	b\\T%Y\V\\\\\\\g8׹Z^\\\\-I.\Z3rG<T;\\-\ m≤Q\&ݗDY\*.X\n^	Wc̭\SWf(\\0\\0R(Nj-_u)\n\\>U\MU\T\\»kǃ\0\yy:uf\b\f\  <CyH\|\0w\$RDHs\\"Z6\kGXG%M\Á)\¥\\\\nJ\h\-K]y\)u@0ic\űg09j-{3؀q\l\\4\0\"50)-rj[FJ\ʹ;SR\\,*o\昞B3c5\u2e\뛜\)\n3`q(sI\"X+Cֺjlp̰]V8~\8r70{t\2191/.+\ز÷\̀\nqrps\n\{\0$\\Џ6\\Yܹ,\A\\4\XB\\Q	zŢ\>\D.rT),ʢW \D&ĵD\Z\w.\0?S9\\\Lg\ \0Gl\ZCW\R\e+ \"siqe\iS\K%*/\97vW-an&%0\54\Zq\.;e\qSG\0\\Rn\ְ(G^PE\n\\s6\\ųSkD^+Ev\Zw:o	eyp\'K\\d\cTP	s\K.\\7wR𦽒\\T\]BK&\_qER\0pCa~#u!8\S*͇z\\n-\aܬ|<\CMG\\\\f	\e\lQ-[\'\Tg{\7\\%\pp\\ǖ\X(F\\a]\D\n\Y	Y\ A\"6\un<@\Y\\"\sp%\\TYЫaGكC\\psz\Y\\YLKOpll0U\aP\Pp\KRG0\"G#\	l2\Z\/q\\Zx1\n8\\\\\\ũ\pIP۩ah4]}J\{vs\?skB#\\\\\T\P%!6h7\4pl91\\r_\;00\rk\0\\\:\(J\B\\nU?\1xCL3\1\0SL	2lnO\"NC-\/̢\cQ.nA\'=\\Y`B=Gq\j,\8\AW	58\n}&]T\H(\\,&fh\\0T.\INa\\\\t\\\3\0Gv\\\0\\zy\"\u]\\UB\4\Oq\F\\\	ܕEsZ\0@n\n@\(\bDhz\"	\\\'QE%>p͖ͥag\0J\"\s2 \-n-\1@q*\%\p&ra;z~crԷA-*8CAN\l?iBص\\\3\0b\Cs\$\ B\+9;0.al\rSqg\\0OjG`m.6\U\\K\S.\	\\d3bO\J9y%٫/S\,a\\34ڔ\\M[\\T\t	˾&\\Z~C-\o*\nM0\Jξ!|\\'\O#b\=\^ U\@vF!}FN_rB\'\^䛘Kw\{c\"E\\-K/)Ќ@\\\0K\x\PJӴ\,,$(/sn\}J\p%efF *\3邲\؋8P<\v4\J;\lڠlS}\7,\"in\+%\\:\I\spC\\nJP\eTqҥFPL?܌bU0Wl\׈c)Et@in20 ?8\r6X阧X\Շ0s=LQg\P\0\d\*Y\@zV\BvpZ;s\"Z\-%\\gQ`}\r\0uOo\\r\+\sOY\q\ǡ\rrK\e\ugQTlx\L^\00e»:N\5\R\a\\~S\y-@a\\'c\\ZpP\\jj$/\\V\Z̳H\\\\\\l\\xW\G_\޷\\Kt<&<>f\$(\\@lc\!\5\0RUmK\e|\$|\rfJ}@Q	Z\VW\,h2~8u4\\"b\`\S\e|)q\0*\]*hn:\\rV]x\(\*L\cM\'з\(wܨ8tʉœ36<xCcZ)\\\z\\sP)5ܷ\\U\0DD߸\r\;Bs(l\\g}\ƢTĢG\\\u\	p\{b/y\0q=]\#\e4e\"\e\#Cc\\\0^چr0m9xr\~H*j;\\B\c\n\U\ܸ\cO\,jD)gH\tEjm\\}0\yy&Mff\epC\^\0<\ \eE\f\ەW[gQ\\\rP\0\'\%G=\\sJC$0-V\SJĸE\D\yMbʎ%`\\eʧ0\5\r;\P.gcO\b!a6;\5\"\\wѲV/䇵J\+\9LFAH\Pyƣc\T&\\0k*T\-\\`-Rk\\\\.5\ǽ\\\Q*T\Fی%\DcԠ\\`{\RZ[\<\8\e&\\XڸS|\\\v%\ p \P\\є	\+\\'X\x\si9]\0\\R\f\xL LZ`+ԪRP1[	cPD\'\Z\C\{2\\BPK\Z<ϧ_\nU\Uo/\x.(Y\pBH:Vh+8+\{V:\'6\Էn|C`h`vLBe	/p\ZFd(><*b[j\YV`\Z̰\\GȨ\ZQ9\\\\0\\\Jw\%GL!\Nb\#\\>\0/\)\\XơGz7Ĥd4[\\\0Q\@A\VYZd\ mp5L\k;\q\ax:\-\Je\\.ˤJZ$\\\re]ʘ5s\0\WVb~!O.0	H*WRp\\09\0v+\+۞ej\j\q-DhSp1th>ҁ\\ƠÈ\a\d^\,p9\\Џ.\\F5KÛQJ0eE`\e:#K0*\-\Bmd\S\\\(KJ\5J\\`:F<v\K#\5-({[	\\0\^jܸ\\\@\#P/+0,\QsGI\\\nQP3TGƶlΠ*)c\\X^\Uf\TW\\"\r\/-E\\nl\2a@.ť_\eDN\"qw(\Ż*\J\\b\(\%j\r\0\މB6k\|I< \'ne\Ԥ	un7\Fd`kCP[\\p>\r8F`VJN<Dިoܴ\z\\\4\\\Z\\ǸBݎ`g\o\S\7\\\0	mm\E\\Dt7RZ&\R\L0qf::\"7\\\\s\\\\rߢ\CH\Z\+zܣ@}\\<jn{\\ra\\S;DR-J\y^%΅\0S\\\\ׂIR\ԷrQrv\(\\\{5%7P #>\\K\Ю\t\nnT?\'\\qIr\P\\Ҍ\{\k%\\0*[e\U*lFHnJs+qY/R\\ξ\5$\\&\\K.\06w\r0%jeKk\\2W§|̀\OS&_#\p\)*\\_\Цk+\\'\1Aw\0\\r\\.\\"$\$U+TZ^\\rLaS6\WPu,W;LW#K2LZ~a\Y\TҎ%#@\Lʮƺsq\"-|LJ\\\n\\fS$U-\{K\\X\7,\"\\1H60W\@<xNfޱwpԭ;\0~G\[\'-u\:\pm p\\0\4ۧ\Pp\6\\\\;\D\\'.\f\?\(\\1O]\`.\Nz\"\B[a3e\rRd\\\0Kp\ì\Ԡw\dAX7WoH/\\Y\2\dCK`LX^%E6GD.{W@($\rʧ4tQL\p\\\Լ$\P-C\\g\Z\\\UjpJ \RAJlɑ}\zG(TLnIQJs<K}soitkL@yje\\Z\\Q4Kʴi\\\q;[\\'Xj#h[\q\\D\Yk\_#\TVӔvB\^[#4*\eua\rΒ5\w\ZX\PN2\Q\b\u%\@C\t\\R\B\b5˽I\0g2\\c%\m7\reM\$H%&\/\Z+pqz8fP\\\sSj\\kp`j,-̴u+ei(ܡB\DXU\9\0\\-[\QK^e\Z<L{Wr~Q\\hɂ,HUf/ZDRlDZ\\\\1*\1\C٣Xq1py5)\P+\r1\\#,\-Iݽͯ̹}V<~n>9?8fC|0/+tj\kٕo\]J\r\@\q\0>f]ԩ0~y\hʨ~vI\`S^0prg\=E\\8A;\^fn:X\0\jdPu؂m3\r\c-H\,\ \0[k\\QR\6=w2>\\N0\yC\\8<eU6G$Xι&Ap\jS\w7\t\\\$\@%eܥ\┙q\0g19m-X\\nq,PSr었\G\d\}GW(\rR\oLȊ6~\'[\D&zu0[L\˸\\.pKj\N\\J/\\\S\\԰\x.+\(`W0uLrE\}MCP2\\.0pf5\:Q\Re,\p<,Kl\Lu21\rW/l\f\r\-ƺ\xU\\\6\L\tyupf\\QE9KW\+>cؿp\+U@iUMr@o\\f\\\\e\\uw\[>`@\\\f$\\\i`\yn\P|\\'W\f&9T\s+\\Zu\Wߍggv@\yyV`\a\"⇋Tǂ>/o\p0\\\\03C\\ʥ\q\*-\JKY*ܕQD\s\2	1@f<\;ԥ\\\Z	iBm{\\\ZYn \`\'Iī`)Z]\\#v\!\Q6ī`lB\'`\>Ʉg\Z\\TX8\\\	\fh9|G%;\RNH\kKDk\:H\GGn\}N\g\_ۤ\'yRX\%.>S\9Je\ɠ\\Z:d\\b6R)\0s\v\'!/0\\\Goc\e& \r\0kO$n-Te\0rzb?Q\rG,*<\I]\X+\\'\r73ȅ\DKXϙXl\\p\;\"F63vS\ZZ\0\\՗\"\:Q\jJ|smej|@EPBja\h\W	\RrbL\f\\"<\˴jPnt\\r\n\\\Իh\q\\Ji\z3zw2\8P36q\Re^\@K[vKd\G\\0\>L\=9C%\1ZK`P\Z\R|@$By?L\R\\\EH].n\\4LC{Jn\\Z庛uiK\bpFQDi\"Tf\gFs׻_\:Uv\0\n%r\\\0UÍG\\_\<;Q\p\\0\2\/\0\Ġ/Qڰ~\\6\n,-^\/=\\"\"Nq.\p}KbXlܳC)u,gfL8\\R\[&5VpR-\4[嗻\\j7R\\#E2\J9v+q\\\7,\\03\q*\[f5L\|vLf]\`.\0qC.8b X1\\X6\UP\,\FiC\eމl.\\ܴ\]\\J\:\+\6̿E\"i\]%1\r69gJġ+JԞK\\t$%]ƽrb[+B5\&Mvm?\\|\5\vM\>:\\7\0\"qr\\:!,4~|G\\%rW`k̸gS*\\zKUf+\\pq\r@qYc\\)}\ܸ*\+\\;Ԡ\,3\P\f0\: .X%y選{\rMXf\r\0\#SXbxL>R\p*<V(ud\rpE\p-v]Tgjn9fN\\X|1=X\p\\9oeK\AXYH\.(P!)8\?&\\n\Z\pZ\\\\$B;fx\/$\\n=J)\0ne\[\ĘsL\UM61,\`K*|Z	F\wBd\\وZ\`rfsL\\\-%u\UAQ\0\p*q8̭\@\(\\'̦\0\\<ж\\1\;,\P\+iߒ\9bV\nS\P0!04;{F\\lgKO#\d\`a|\n~I\T_\%\1_šK\Ȃ/\R\\jS\2\\\^\r\\vjihB[+}E\H<ǭ\bJ +\&DU&\\\ƅqFpO&ڙaг\F\VbP`\WNcz$\\'\V\@WJs&\Oa\nnyCq\\q\Z(\\UZw>\0&4-\\h	\N^Vc6F5*5|u0I\\x%Y%\rd\Zr\qݭ.\Z.bl?QlL[s;\\nT-J3~H%\\\\' _\\:fU2D7M=B58+5\sjxpN+y!6\>=a\\	DhN\V\xCX-r\O\v\soн\\܂dVÜ3Q2(BBT3_s\ZX\\sF^|̊\n\H\e&^;ȇ6\E$U*8\\D햵\#\ؤ뗞%\*\\P<$^cd\\Cq\V1a3w\˒Qh	,*\\XR5	P\\w\\\azOP\\\228\̹I[grǙ)L/*#<\)\"PN<UCIR\MfՁe$[\r\Y\7.bv07w|G\05Lg؋G]Ŧ	-ڿS$v\\Q]R\\S%KŸ\A l+`|KU^`$nm*\\\r$	7H\0\\\.7\	\rG_\F0\\,-\Q>䥋\FDwG7_)\\,\/ȅ.ap\|!\\Dp|JeB6¼;{+Il]g0p\O\'`\\\ŉC\%iC|%)\A\\,ƢIxӯj+l-,m\c\\nɮq\n1\"Kt\k\\\Wl)ـ!(\\"gԫi9b)~>\љ\0<\\\	oksb\4[,e1#r(\=\nY̒\ľ\\\Ȇ\@3\r4uqi\|uͭ\*\U_v(hs\.=NeVDR\Z\P@:;ӦW\\Ue\"|\\\q@(\\^In@\\T*w\jodpIl\\^R\ٸl&0\#R˄ciMK\\p\0}H\\,\\0\\Ee5\\\\Xj60nb\ZeX\b\&W\b(=\)7\qS\\`NDDv9\PEcjeDx~\	\fhZ2|\\\y\#͂\ԅ\c\QzX{\8\\\E)DfPt\l+\:e^K\^\WHm]H\Q\K,\\e\vHn,^҂hT3l\0@o;\d1k]r\~B\4J0\\KqX\\[*g\0HNuqL8e\͒|mܡU\ReL5&\u.̭:\\L\\\U͸\̤\"얼&\Q[\cߩB\&\\Ф+	y\B\୺s\\\s\\\t\"\N\\-kF*1\\\\\r\~F;#B\ۢ$/zٝJxDSkĮ\x5%9\\?\%R͉}\\hL\n1\r\\UpֺA2a\P`4\\LhfW3Lx\0\0PES\%_(k\ffӎ(\2\a{!\c\T+\\3n\k\cUQ_\"SvE\\,\ű*-l\SH\k2\Y3uL\\dtz3]OjP\X\\5hg͸\T	偏*\'RxBkoO\\\2V.\\NC	ESgn\nR\\H=3BQ4r*k\n;*];fZe\ae)26\U&%\Z{|M-Ե2\\6T\\+_tڼ\0\wq`N?hH-IS4\\\n\r\\\Z\\43M-RZbN;P\Hd-oʶJ%֥\i\()q\\0&\\UQ\P\\Ĩf\#k\McR\r7=gǌco\\;	OwL\S(\h?2\{K\p\f\1\Z\\'\K\\0/L\Ƹ\gyG2\\Nfӡi\\\\\o1)\\qnIj\\'\"׮gJp\\E%\"8\q[f:\"3)O{(\\'R\Kvb=x\H\\옣36lt)\0\Q`\M梾q\\ps*3H\%C0xs\Z\&>V1-\\0oXw\*lM\7\?VAG[2_!3\\7/!ݳ\X\0\\\XrteLA\\\\"h\_0	F/\#̨frMe+q\"m\3p,q\X\\86f\13+3\0]\R㲦h8xD\{ewq\\)U\R\٩e\\gq\egQ\{\V\)\V5>\n6@6zr\xDo_\W)+\aB>\Gs.ӏ3Q\s1\&>7.\i\X\{F;9:\\K\qi\2\KAh:#i4P\u4GW?g\\@W\O\aB\r?JQ\\e=G/US$T!\G!\)(-tC˥(a39\N\yU)\T\Z\0[\\\1\\dK8b\α>!\UC{d\)ȵR5ߤ\\<\.\lY\h\GH|@d\qG,\\#Sܳ\0BRfপa\+5Iy\0o-!Z5\SkPe#\F\\\'\y9F2\,L\\lbJ\ܡY\	-\\\{?št̰B7g`U?ҷ\,\0\\Z\5UZ{BvOQ_X\&@El\%\Z\\Z%7Wq@\Zہ\\:bK\"\H@Yes\\,\Z\\nŮa|JJaa2\s_\i\\Be\z\,1EG3\B(k\%&my~2\s \,|q\\0Å\E*B`љ}U\W\([\lCH\"q\n!\\f%-sE\\>°\Cp\9\)B\\c\\?\\Xr2\\\D{?2`\"gcfOYM\&`Sc\rq9\&~\\\\l1\r\\nQl\\@vXI}LvG\Z\EV_(ni		f,Q5I^!ucDV\_\ll,4\!UkW9@1+p\zwehZ\\0\0\0\0\0\0\\Ȁ\m_䷣@\y@\Z^\\\"\0[/``QcH\+7:\\ m}xb\ZQ\SWpQj\$í\¦;\'\es\gT.\&5%\\s\\I++e\v\'\K\.07ߟ|_?J`^\0_\'p\\/ހ\nD¨O~g\D\\Q!KyW\\<^\\0#Y\-ZJ-eG\ʜ\;\\	\b.R9B\c\E?\0OƑ\=G\}w9\\9\\\\#Y\9\\B\\ \y\\Ae=iva\Ҹ\",\J\˩n\Q(ͫS*\\0\nsm\qn\r\k#zM\\]&WL.\/>.:Q<l:\A4!\\_[\"Cr\Ѽx\@è\|=\@	kq\JN\~\\*!\`ǖU(~<:Q\%\ZI\\ߒ\BU \nr:\\h&6G)P)u\ҩ_`d\\Z#0h\sMm`ژҰ2Ϻ\\\Z\@\/\\Z+k\&*fC\\\\	w\\ޏdf\(ǮSٍcs0R\s\o\E\%\>v\г\\"j\\\\\eo\8cJv\τ9]\\\}yԛ-fF \aK1Pya\Z\=)O1b@l;z\ \0\\	ӍwpQ0\rZߥ0\"ߎ\FyP[\Ì<K/\\00\||\\˴IO\>ۦ3kDp|=\n>D\b6#d[ƽ9.Y^\@#\r\Vxl\`\\HFb\0\\1s\\j\\h%\rȹK,\D\i\j6*	\8HO쿡iQ\iX\& l\<\c;B4y\\3Pb\gFk\\:\oDe\Y\\R\\@u\k\'#+]F\ii4JR\9\\E\\\Ԩ\+X\+%Bm\\\0(_9\i8m\Ux\E=ߚS0\ll\ei?;gaCi{%\]\Z@\6\10+ʮ\\Pg\rMR,[f\|4Ьd>\\V<|ޫ\^	6hDdO\0y\\ggQR\\\Pm3\\\\:\̵8Wid\Ml\0]v>\~	ҳ\#u :\d6(m*8MZ\G]i\b\\Pfh;\M9{\0׻2\\<Ѐ)<ex\\RMvU\MWݥA\	\+O\e\p![y\v\\N\\\U\j=+Bκ\\A{;d0گL4NT`y	D$ŀ\G]\d1FP}\itC\'\\\hw\L\\k\C4\-\\O\\e\_PSft1r\zy\\\\Z(r\1}Es\wD\]\r\\\"\nY\gO,G\n	\ow\"#\0L}Vj\>\- HT\\JiWu#/1\^xA\A\\A4\\\\Pe\I]\\u.<lO+m[\\r\3)\'5Q\\'\\0	|{\"\XQD\0Lm{\\\'?r`wKM7{\o¨+h\Iw4\@ۂm|\;qٌ\=݋\%Ji9\1L\\.q\r{\0:\\\-H\M\\C\\w\x\\bM\Xp\8=\\0a\)vl\r\\LUhG\x50g\rz\\\C\9+eɛ1\[Ѧ(\\.и>Ȇ7\"^鉀ac\\ɥ\\\tS>i\\q\fM(\ua:%34\"\\~0H\4\V?\\n\{dQqD\\nP_(;<\\*v\9V^\\73C*>\\b\5x\\E\\\\ŉGf\\\<qNi80\^ U\0\\0vӥ\0UULU3i@\)\!\d\Z0F$Kd\0P\D\\\0K\"\p\0\P{\\\\@$i~:%\@3	\|3\;AaI<2I\\\6=\ZT\x({!$&\Z\\\>\\0}5I6g\^k~\4ss\[\\h\K\\\\\\^\UB>HR\E}!薸U}+ڥ04Dp$3\\v\6o8!\6PU[4/yf.]0M?=\_}ߋ	! ]n+\p\z*\0~c\\W\r9<\\\)Z\c:J^d\'keJșr%=#ǌO[h\0m\\Y\~\㴫\=GL6lҳ\\\e0枘\̕J?n^`6:\\LAI6_y\:6IU828f?yM\\Z\\\C\$vn\wQ\0OSo*MXBq\M\\\\yr\\6V]\@G^m@S<\09Oh^y\\\w\inAO\d3>\=,adrI\A\'`d;\'6\N!PQ\UPqSM-\--pwt&OER\9BZv~\x3ቸSK_bl2mG\\n\\\QC\\A\{me\\il(\Z\g? \Gկ\G\ղ|3g\+\dݷrB}ن\<젮ܤ\(O\\X\͓a@\f\y/,{$\\0\$!\ë\	.F:L|+\(\(\0nYCյr=%\\\A\)Xi5\03]i\~{_I۝\\i\\5?\Z-RS(!\^Q([[ϱ\0?Q$$._VMP\+Q`2+&n\\\n\~w;Y8\@8|?\*\jB\4M\<\\I\n8J9VS˅>1n\w\'e\2\:H\\Z\;\\\](w\\\\7S):\\Bv\0\Ŷ\S\\\\j\06Л\\r?1j\\\\\\҂\\\\ÃNgpuJ\\1qMZ:hL&m-+\tg\'8q|\r\yD̷\nnWMG6U\\\Fj݇\\G7]\\\\ne zVm-o}<r֓l$\\\)W\\\{\\N$2O%aް\\N̡Z`axH{\0y\0\\c~!KK\\+<?\\0їhv\Z,\\(~\[H=vQO\#KÀ: l[\\\j̏>Ɣr\>؟Оt(=\\\B\0]\\пw\\~?\0\\0\'\0\0\0\0\0\0\0\0!1 AQaq0\\\0?bțqO\Mi\Uҽtnľ\n\s\"_+Z+\HKjů\ΫboJ\rtM	\$SD/tvGh7\e\Z\j_\=\o:[cܪͳFK[)[6\_QU=l\\6.hP\lKH\\l\\$11\cU>\\'?؎+\5Ϳ\\\I#\0^\0\?K.TwlTz5C$BBsEzДXG\J\qT6F\0O\1F\"\A&\8j\r&\'Q\H\m\\n\ԏeG\D+a\"8\'\"iw\rwq	,o\q\0\	upm\衲^\rV\?bt&zh5]E7NM\\%P7OV\0%^\\N\0ؔ\\Fk\C\r	pj:\n#v*?}\a.J\6\PUn	\\C\\bcr1\H?W!B\r6:u\׆*\\i- \Cf\&zM\rZN[b[p	\`\hؖ#Ie\U\n\ލ\d-i>q`\2\r,,Bщ \C}6(ȓԃ\I\ZKWD\rfFIDlŸm%gW\0\)t]\nDJ\Q\V\q\\KES\CCS\\pj$b4AF	Q.ϐ?|e\8Ft^Tx\\\\\ZLHLi\r\\\ڍVl\~bb\#\B\^:Y\ٿOA8\\Z\ʸ\"sC\\n-x\|.7\JBARӢ΍xe\\Q	\S]e^L\8,_\F\31\_^pf(JY\"m#V\rE\\/䐦ˡcc\!&\E]FS<L\\^XD\"%D\\[\~\\tM	Q3qJ\\4$4,p\&5BD\"1<)XFڙW\O^\\r\\\S\l\\\Ә\.1lE8T\V85t7xؐby\ХK\g\Лx\'b\\;\po+Cs;GXXC\l\=!(T#XvO©% H$I I$I$	 I$Ha!C[\\"eF{\K<\\)JR)JR\ZJʼe6sHi\2\?\q|..(\)JR\"o\G0$[.YA\K6x./\.K:\eq{\Z1\Z^A^\\ٷRҗ/7=\\0\\tO$-aDb8z:C\fa/Q?K+\5Ж\7ȚoBDL.~\pqp<WG\gm(OHc?\\rhEMec\\r\~B\E.\hjhf\͓R^+HYL\<1\2at=5_N\1\r\\\\\\\x\LAhC\!!)7\\HH~Xc!OEwc\\\\\i~K(З\\\r\Ǫ?Bq\'\p\q\k~\\t]&wN\Zg\\n64%MX(\\\\p\;\\~	\=\\1	\2\\\\&X\Mb\&!+ba}\axw\xs\\ׄ\.t_D\F\\ħ\$r!t\Z\n\Z\\XY\\,\xs	؄\}\vA\I\\\<>-\\\0VH}XŅ\6E$}\\\\xx\^n&\pEɆ赈%!\ўWhn\R\\Y\)h3|e\-a-XPB*D&-p^4G\V/\G\\'\\؞ĬX\\CBHn	\\\'\\p\f_N\r];xXCct$\0\\\%\<&}\\Ї>\X\'6=BXp\t.ǹB/0\\\\z4cM3#\\<\'K⅊\\C/s\V\\cش\6\\rQaH!\\\X\<=\z\\\\\n\hhġ($p[\\W\D7\lb\n7V~\}\Z\'\B\L%~Gc\\s6\"lHox4\izǲf\ä\D\?Z(\nys/)i\aMϝ/\y/Ct+\ZL!v*\<$s%E\p\5\"e}x\<v2\ab9\\l}:\B8tt$L5P\k\ë}~\\\\\	d4\hEϣ^\OF\ܵz\\YB%\E,>e6\\jY\a\Z}bNC\\bcċR$\|45๞b\<\\q\}b\XLkxg\(ר-Y#@񢞼&n(\"B=\8/\)qXn;\X~\!&,&?8dgz!!\4D|7\\x\\\3ӹD\^\<BD$Aϥ\rd\6<zI\"BxR\Ƽ-ǡ!\lC$P\F>2b!G<糹\rb_!\ak\\<>Lz7\\Z\^.;\Qcb\Ã\D{\ph\!\͸\\hZG\*\6R\r\4l\:\	\r\GOjt\\/cBИА,ӨOF\Z<;\618\'踟 ߂\lPK\'j%D@#\ZI\~qsE\\\>,\a8DO$\"\\z!I\q3ý\?R?x^-G	Bbh}Wy\\<D,7DGF\\ٳ\r\,3T!\s(l.V`\u\#\\#|\\.n\\\\c(N𓦽(&\4/ы\[\/Q\rC*D$\\\C)q\a帉ٱ\ZQykYm\h\Z\.;-pLp	&\\/7Gx)\o\1鄚u!\'Xв\YK\\\\ly\]\3ўb\\cYW/,Gppxm[\4t6\r(\\0\'5\'o\s_ؗ\-$\1t\\%\\D/\et\R.R\Z)\nJ\#\ס65d\Q!\[/#aL:VG\?\r?5uHr\Гb\g1\p&zt׼!\tQ1e؍5\&[C~OHrc\ECZ9j腨h[k3rE\\л\h-A\\Z\DW5\"ǥG\a}ꎄ\_+:A\`\\\=\n\\6A	!{\DN}yFا: կ.2\rf$4\Ć\ЖƎ`^\ZG\nw\\0aS\'\Q_!\[\E:y6\\Hح\\"M4\'$lI<_\rM)C\\\ʔ\\4X\#\"^j|	i\"\Z]\"\\\f\\@t\߱cH\\_L\"5\@i\"%\/f\"\ZL|\ZF6D29\\<s{E\B=C\Z8x!	T:\M+%\d#\\>\C;#\:}	\"C{泂\Kc^ψ$tz,f\\mle贿aj\\\\3\\gȈı\rA\M0l̐6H .aH44\"$A%Fh!	tha&&D$h\Zmmj;(ס\S\"R%\nB\ T!	\rl\rVB	\rac$A**l\\Y\~|%t\\*	t59*6\J1Q!]:BǃxeLSx\Z$C\P\E>cTSZ\$\Cb$\B[4bj*6 \7\Kd\r1YJ&RQNڥdjq\\\>\_\>\rl{\'\:\ع]k\3t1\\P\1Q\O|\Ez\\\m\\"\p\"16}\n\rdC=xP!\%4EeC\aYF0,%i~\5׃g>En\y\D܈F@??bh؍%&(ɡ,C\\of\pjN!u\",r\\fbuG١\b\0\\\\(@B/b\|\Z\\c1=m֢\\\CbT[\r\#F=&P:ǹ\\[6\\\l\	XD\\މD/&$\\Z\\{\ƭ$+\1\bc$Dlg2c\BOc(RR͈H\\b;Ǭ1ǁw\'\F.\G\\=^O\\0(\0\0\0\0\0\0!1 AQa0q\@\\\0?t_DnA\bQD#Az5u\|pJ\GbDU>[\bMz7\>H/InO~li#o\\h+\0{zqKnX\\\6\F\HV\\'\r-}\4U\M#\A\c\Z\r\n\rv2\\'\4ê]4e#|.\Ѩo\n?\}֚\Z\\\Z&\r.\cIz6ǀF\[\\@\wO|^6\'\CWЎ&\\\#bm\\rČ\\ۉt\\BoBe.DͥY7MVDc\\؈q5\6G3a&ڔG|%Olc7*\\^ELJQq\nC?\\\\\9cMD/\\OTrH\\\Zc\\HiuM\6bB&\ zZűGmʴ&ޙv\?r\\"\\n0WJ\	loQ-M0\\\ZסDlWs!1z\n\_\Ƥ(..4\"H=L\\Ǳؔ\z,NT;\i>	|=r!:n\fm&0hoz5)p@[b\ĩCbQ\r8Q\L\u\юE\8\̊3~\JVRc\\7[B\Dlm\vl\jQظCu\gFv\'pd\Se_A&\X\gJqa]L1!ߡ<\rCD\"-v\\BS\K\e<R\l\N	\"ƶ\\b\0B2\[ЕC\)Ѕ`F:Ќ/|.A>B=\\g?ȑ	1eDt\\iV0Nhf\\`\\O\\o\b^KȼZy!-\T\\nbg\\\|Vf!1	漦\Z&PńLLibVR1#\W]ؙ`6\?\\!B2yN\hu{\	8\\\hi\R,/)$)\r\	݊\\r>I\.MSBx}J)KT&R Y\Z)p)JR\)K\\=҉V7EBs^k\	f<R%\3EA\1!k!\\,CG\\ˆ?\\iUn2	]Ƅ(8R)\=\5agX\3K]\n\:@\Q\	\,NP+$\0+\(}\\}\NY`d!\\QBO&#\\\\o\0\\\ZaD&[\CVTډǼ\	\	\q\қd\|:%O\K<\p0\\CCoO.D\QBk&(L\fb\!L.CYX\&{!Rt=1Xf4\\<\\0\2 \"x<	fh[$\\tm\\dc5\rϲBabyL>x&\qnrOc^ߡ\o<D\\A>z\WpL\4mD\0ٚ\42_#\C{1\!eZ_\Ţb\8\Hd?VϨ1\Bnk\>x/\'\\Z\\r7\\\,\"M\EM\\[.\J.:6_`ߌ\!|V \\\\&\rIGнbL==F\S\\y\X,Hpʋ3߱\\r\d\0ǆJ]?\nM\\q\\'\.\7B\h\e\x86[\0g\\0x\Eh\yZ\޼i\{t珯<x \"W5эCObxGp?pHYeͤ\X/|\\6D^\\Z\I\Do\\\8\o/\k4>.=	-\z\0%^\j \o\\\_\ryA:%\\𹇇\0\Z#\ޑ+h\&\h˼\\tXbYD\\b/\"]bU=\kHӆl\l\E*\=\\5\/X+x\Z\\0\\5j\T{(\n%$\u8R\{X%y\k\#7\|T{`\!\G\\pS\ã ̸O\m&1\f\\nb\>n[)E\\]~L{\\e-!I㤌f\\n\r\8s44C)\\<\c\\Ȇ:j[x/%4ǟb.VPA~(pLm&\_\\mM{\F\H,{\'<fvpx\\\\\"e.WG\GJџP1+HtɄaw=\\eg;.\rp\\1=\OGlfg \\ !1/\<\"\KQCHք\*\\'\	1J]\by\J,\#~0o\,E&\\8ZTEa\\|u\&&6L_\\\Xb\&`D\"I<\y\|vsYaCxX\\"\\12	{_.`\\_X\\Na\\-cBO\蕠\\,!`D\͹\~p\'~M\e/]An\\z(+m\F4tZy\qz)3x\o2=\ 1MD/fh\\*m%bt\\a\|\e˦\l?ر\UV_\\5tb\\ \\*̅ŧ,2\n?^b\\\>-A;\E3\ŞyA\\\J_\n?b^(\ \\Z&7\\e\>hMq?ޏ\w!\䋢{\ Ns\0Jb\rx1+\%z\Zioxm\\1G<$\)\m{\R\,hx\b\3JOбJ_w#<?{\I\\!1E١B\\D\'qqi3k4[>\?Y׌\y\FɔF\6\"	\Q\\pyZ \"\ef\ٯn-&<gL5\\'b&|L\\.(E\\+)k\r\m}F\\Eby.D\%&\!4D&\\\4LO	\\'G\?ȈC|\zɔ\7ǲ\]\Oe\3\Z!\pl4ǋx\)K64>\r[.\5%\?\\?xdg\	~)J,z\f{cd#gk\r\\	6\\ۯ4YS\а\6QQa{\\n\-c<Z&?d\\F/\ ~\ؖ\\~Ɩrd\zoh\\01>%\\Sxg91p&\ZM=&FЕ8B&c\\x]̦?ƕ\JK\\z\	\\\YVV1\1endEI	\d\A/\{ʩ\X2cgȿNzI\Zdċ\(8\\\1\{$\Z\de\\)K&oWC\\~\}	\\0\b|z\g6\f^Z[\m21i\tq#\\	&-\r\r\}J~\Щ\vOO\{)J>|x|c\4V-ж,[\\({\0\0\)\"4+?LJC#|\\+*\OB\\pdHZ{S\\D\"hL\J&mR:{(\#\pѼ\"6!\rBXB]k\";\07]\Z! \C{mm\0\\Z~\0\LKD!\" \"H-a	\(IܤG\|e!aN4AQ*\Zl\E2[-160\\rHG%#\0#4|)nl&&R&6\el\\&б	ds؁)c=}\Xh~F\\	(bk$>ϋ,^b\ą\\Z\\!\F\\0Q8!6x]	\\\rxQ\ڈv\\6~\QO7 \2&YGM\n<R!DA΋lV|)h\=\\$FVR)pJRECLR#64оX\$MGz8\솨-َ\	$mYt%\"cpLMѰ}\lQEQx؜\\\V-lm\;	,p!=F%\гj1A!0p%f\\>\A&L#\L%64\B*KG*8*\І}\Z\Q	6-D1\D\z(\<\Z!ܤL%\	\rEC\'x;\m8{(h\)3dDD=\Z78M1#C\m)I%T\\X$DD15\M6&\(}\og\n-G\\\-l\G\\&ze|b\\$RGgP\iR\ l\'QF\Mz@,6&c!\=\\z:-\i\4Pm-\{ym{>	Lh:$E\:Vk\΍\eE=-\nM&1M*J=.hX\\e\':hH{cTVЦ*\\(L\'D8\'\\\pMlLb&65G\=kc\\HR\b\\\_\Y|K\^:Ѕ\\3\=Ǽ?\\\jǼ!\\\0&\0\0\0\0\0\0!1AQaq\\\\0\0?\֩/5wDivڳ,p*$yޣL\IJu;I\\%f,+mU\QPJPSç\\'!\hSUL\acP\r]\S\\%B+\\/AKP3\3\\n\{\"9#v\\*ߟ\\ZBeUx\\wK\m*@Uvce!6U\x \}o-\\`:ٲf\R\\\Z{ \]yE4WG\oP.x.U\n`\n8\\@\\فo\>`M	,\f:\ &\dESdX\L\ۜĒ>co1FVYJSo\!RK6pX-\r*\\3(+V.e~V\/t\Re|\_ǃ3[ӧ\-T\|q`/<\[T=U\b5\nEr7LŁ\ڱ\@\ִ\\?f(\l\\\4S:qqC 9m爊w\0ۥ#P__hh\0Vn\[\KG\)\ZV\\\b^%\05NtƴWrse\\Lu.[8Tҽ+X;YԨA\\Z8\\UA\r\0t\[{\Iz\\\Zv\0\'E`v2[/[_9Ǖ\_=\AB\rMڜE̪wp\$d\\\h\vht\\#F[\\\f\th`\n\_0\\4\\jj\\\?co0=\Q_P`sRŷ\\YY嗩\0<-ʪ\;ƚ\Ewap\3S:a3U\2\z1x%\o6\q\\r\`U2I(\\\^\"	(\yK\0N\ʙ\\QE\	\@dJ*\|En1B\4sp\0@\7\\G+Rs(\r$WZQDAr\w]*\L\"YNy\3%7\rC\v\0A\{֡0E\Hc\d\BƠ7&Fغmb\|\ó\\R>ƔU\FA,\=ːL/L~\ZfkDa\\1Mm\.,\r\\Z\c\^b1ubN\\"q\\KgV̠\H\/\\0Z\3\j;V̫-\!\賳w\u kmKzmZQ;{s\\|Fa\:\CZC{	a[\r]vs.h(\}ñ)Ur\h(haE\mkQy\\ny@\2΋}\\kp\\[!P\nPnNV3n\4nGD1aqyz\M\n\\\\|.Pkcf3ޟ5\"\\rP\\\\\Z5#\\tw얍+1XM\H۷\\+.ⴘ_u\r=5-*U/5)ʞp#N@ռ`\ncXA+8Ɇ,\6\Pf\Q>`9\\\r\]i{\$BRo-rƱ\vi\Raq3%.\\`\E3\kϘ#\r\H\ *$F.W\n(ki0AYˁ/\Zy\qW\A{\0\N\0\dUw<\E7g\@/MD\ʇ\_ļoV\i:b_I[-lb\]\(w.%RÓ\-V\5(\0/9\.\\,)y\\WЄ\|BX\'Vd\r\ u)Z?6\\-3q\;=\ 10~jw\V\ }\R\\%\IOsRݗv| C\`_-\jqB\!I\\\7ՐZpkiYޟFz\0WR8%s\Z=\'\z\)\Zo$GG\\nE丗ejM]\ؗ\{\"\Q\;\\\\*$0{@b\r\8\0\\\\*<a:\S̱I\\$-Vƞ[D\zJ\6--g+=Yi\?\\rܼA5XE^h\:C0{`Z;Bį}\\E\uXj\r1F\\\Y\\z]@S!\\ߘ+\mxZv0ze\\@r	 5sjH_ZI+c\/\er\\S\:\\B\[ר4\\~)vSr0 WDw\Z@A*\͆0@9\nk+5@!\n\1t\|/-\u	}s\Ķ熞Ɨy^}\[([S~&U\]\mw\a|VB\\r:x{G8j\\N	`\\^h\"oE\\\ZYI//38sR\X\\Zy\\}@^\\[\rv@\\\/\\]D\\Z\\;岃\`PEa<-^V#\Z\i1D\U)\\$@Ap\pDL%V\\\Z=Զ)\0,$V\g};l.aVyl\\5CD_G@eB6UWz^G\ʀ\>g\\\mW39`K\ΒEX;\yho\0\k_7\Oll^i\\\/\[`\\r\v\oi̮2\T,\i\\ߒnZ/\0mѐ=Eʮ*<KV\HW\k\\c\]@!	c5\IhW\;((#Jֽ~fB^E =hW*Q-wObm\\V\\\\I\FKcf8\+8`!::X ,лGЬL٥ˀD-hTqpe\ \:ݬkľJO+<Bnލ\P\Z8x\Rr)ZUf\/<\p\4W@NBw\\aP%\D\n\"eӃ\\(7N,n#y,\/o\}Ց\Y; V\@lݪ\0\r.%.\ZaT\?\l%d;\n\"\\\eD6߸dEMR\\!m\Y\g\mzW8n\Cz\0kX\g$\r` &M\'gL:\y\\nH\n\UIj`9\>IVt<\%X\^p\Ġ*\\00Y^?q\0\\n6@KP*n7\0\!n&Ci\p\\\\H\֨C\K*ەacU\\-Fo\{}5-\){qS0\\\V\4k֫+\ͣd\\\\pl춪)W\\䪃poD\ {ůX Fw\\Lf\]\n^9	F\G)M\'Uq[3RP\F\S\\r\\YtмL\X\r\\\`]\\X\/t\\N\6էw\PoC)s(BjRv\U֤F6\'3++@3\\\riO=\]4\\2\\o~\\K[W\ro\\\^@D\\RPUe\\k\0:r\[Lf%\\0Y\l\Q::mF5\^^\"ʥZ)f\\Xr\|yט\\ְ\\j`3\\n`yo\i\uU\D&ˢ\l\-jt{X2*EC%\Y#\0B\"\hl\5R~	\ALOs\DsE\鯒%\\ѯ\.h\Jҩx  G\Dq\2<OEgt2oAO\\\r*DeO\\\\\i\>Hq\Q@M\%ݨ\\6\VgLFPkuN\2z$w@i-b@\\l\\\\yr@\Jˌ\HN18Vp10\\0fF \\\+0У\#dop_\7\'5⼄\n G$\/!!~a\j\U`%U\x\Bq̐y\Ux\/Bon\Ҍ4k|\\;^\0\Zjd\\uD7;]\\.\\Q\x\Z\f\p%\r\qV\av\pvJd<C%ʡM\0`ZU\\\\uPShK\\ȏht\\MCU\pE\0$4\^]\E/={\n>b@n\J\\%t\\x8\\Z;h?{\\r@q#@|*c\;\N~ ԙ|l\([2 r+\\T.+\C\isKjAY\6ɠ\VC\r[j\X\r\R\0dg\Gc%k\7U>B\V@c.ŔR\\r&`ӆa\|KG?\\\\0\S-|e[$r\\|{<z\'+h\y?7\[)v-`%\UH\\\Z\n-em+ORDO:zzb\\C̰Xp4xV\/O0\@pzŮB9a\ӷ#5TƋ4Xha\n^a}\h!\VUMQ\\\\Z{*R	T\3fr\AE1qZ]\;`=\\c\ϩw\\T%\'#\D\\096\8\nT\-\,\\. UWDxw\eTVly\rW\m{\"\\^!BkX\\7[\\e >Kľʶ\\\\\\Ek1Z\\\\MMY\\\\0\{\\,Oqaǀm9֦rX\".?\CE#nWc! Zihi\K/j\\^kfq\\z9pW\\#\&&P^\"\\0E-~- \<FQ\"ӹw\"\PO\5+hr,\1\Z1\Uf\\e\P\r<\\\H\0֦\\\c\\\0ݮA3J7PN<Lٻp噷H\\RX,h0\x4#mfSZ\QjmĠiDFD\,\`J\\jP\ݲc\"+_|\\\f\'b͍an0q*<1\\ݰX\K<4sWo)!rh\ʿ\02VpCF\脰~\±tz\n~X ـ \V͓v߈hZ\"\+^aT{qcܶb#Z\0\ݖn\'=־\|\vnF(ݪLr!M\\e?Q4\5?@п\\&|\\ṋ\Z	{\\\0U-O<yCy\\U\\Rs\\1\$A\;\)\)(\s\\a\\ZE!+15;\\c\T\T1\SZـ\|\\'\|m!W\8\~eɗ\;Z,- Hnt,ޏs\6XlV6\#EnAq\Ea\"R-\\\a-03ta\z}3WAs3%\rEL\\K	)\\Rr\x\8\r@y\n*X\W@\ޣ)Ңj\\;\٥\\rL1w;_JX\'\ߘEz\g\k]NX&\#(Yg\xQ_4`(=\6d+\k\Z\0 T/Y\7g&:\u\\V(so+M\K0	V\U27Ϙ\R[hL6o3u+\T\t̀G	f\M\\0d\ezA\\\ZsQ\+cJN\"\^\h	[f\ OhU\uVmkX|+\׳ a\avo\R#LyEA\6\q\Z\q*\"ѣPI\̹G\q\\"zS?ļ\!K\ZuqZ\[\ī\>	\\rTm\V1\\3SɖR{4Z\\I\\0Yqo~aP\c\'\n\%q`B\\\AV.L#E_/5\)=\BB۔S\7j\DCP]@\>eZ7\n\~\\IiB\\iET\#\n*a\\=;\\\X.3YΥAVp\Ӯ\"e\"\\,g=`jA\݀y\5̘p9b\0AJ6HX]	J\\0g\Ze\/LBc-2Xe\/Lm\I4\۱\e@m\^8\]cyI~^7nYc؃%K_\2\ro\`\w\\e\rf	\}.\\eYjxA\\s1(\r`\n6\/\\\@vBSqam\0\!\\v\՗dm\\AV;ynsW3\\\r]׸\2*\0=K\0%+\\r:\\s6\eŲk\IM\J\v=f[hQN\n@ݭev2\	`>\\X\B̻\'1\\r\r\̠\\0|E-Fs1\JliNM1|W%̚\r7l\_qe7\ei\\U\\\'\n鞽#\9\F1\\\ľ\\u0e[\rݱm\<3\.ns!N\ʥ\%ͻ ڳG\o4\nR\T3\.r ɛ\F\\r\z\0TCڰD{|n\)\nۺ$\\zdQ4P+wOJOq~`Qⲏ\@.*\Z\n&.d\a\	\<\\fxqlL~VN\\\\3\\BЦ\08.:E6VaK$^\M	ͷ\+8\"rJx\3)\HE\0.b\D2\`Q̚R}E3Ī]K\,*\Z_jCvi4f\?P\Z4\g\n߸\lf_id_\r\:z7`XvW\@k8\nB\\1²^\"h( \\\1\[\]vq\Z?\\B\\[^\dKz\\xT\ܩA\v;J\\0ݲ\\y\\E\\5LqK{C2QU\҉ʽ\jCnPUPպéˊe !f\\m\\\h3kqUV\$WLj\*\^ΡIq݌3i\\f\토9ˀ\Ab6].1\f@GZ\\\"h%Ҽ-\\\/D\\AӑP\s\\6\,V,ct?3	`Y_084X޼f<\qME6(\7\boc\r\\\]f\0iuz\K\n7\Zv\QdǠ՗lȨqq\\[+\\n+~\\=cϸ=A-\\F	dBXZ|u+\ZUP \ko\#F\=K\\6\\~4E\]o\^\\QA]\\0\ʁ=A\	j\W-R4N8iՃw@kAAE~fR`\0\e\\R\0}DTLfOi9^=b\$\\\rfP*0\\nQ\]\\9x\f@Gm\0pTGa$6SjΫ@WgwmV\.;b\\r.\h\0\\\hwd^s>\;.<F\\|D|GEEp5劵g&f\O\\*\Z~aqhx%]\\F\s\q\hf\\\JW@E|J\\\IH  ]\fD\-[\)i\;\nx\\\\\Xݐ$$uq\wU+\\\a\?g`\\LG\\b\rf\\%\"\0^h\BV\kXc\J\/\X$\\m\\~@E\R\0\D1\r-V??\A]]k:/\\\S\53O,\:\Z^\\n4qb\n<\"AkQ\"\\\\2s]њ \\\*S3jh3ĢƏW\\A9\_P\nچsF j,_ps-qb9\\X#ECEty:\Um@Ӿf+1nJ\E\\ @A\}c\\r<&&ED\\lh\rguV\\\\=Fp\\I\!}Ň	\Z\r%TZI\+Yp}C^Sli\X\^o0R5\n.P\0\\x:YPS,\\w\n\U\\\SA\'\yD\n\Z%%!ёƯ1\\\\(;\D$X\n^\b8Y%i5<PVii\\n\'y}d\\\\&h~o@m*\nh\"dZ-,4\8\\\r5RZ\ |b@+3x&֊{c;g\r\-I\\n=6\a)z\\󈶐\LDX\\0F\T	V7<\Z0Pla\VC;:mhn\(q+s[\\\@Qn=\\"\\\\,Ѧ+\\6	R\dJsDZg\2F\\\0rl\T{M~o\\Z\ne%\6?\P\0\\rl\\beqYt\\Z[$͂k[9\\Q|˱\1.ލڣ\";*}\\*\\\\0#%rA^gz\Zzq3/oR	\8KR\d3C\\+cf+{xJa\Z^aMia2AVSJ\\`\Db	$Kl,\r\ÎOy%)M\0yW\\0kP(BHt\pA\o\0Bf\\\\l\>\#I\\OÃ\p\'X o$@\k~a\2~za\o$\K;|A}Q\V\\\\P\\\׉5\\pL(\eR*s\6B\\reqjbض.\Z=\@\\. h &u4+.ex0\U\rv\h껎oVUJ6ݷ\0jUҌp`z\!ʑB̧\0twRj(fr\1r` Sa}f\0\NWs?m-ip@\[4]\6\nje\%\d9-\pam\ZZ%6G\0p/E\(\*\RU\7Sqܩ(\\T2\c\_D:Cϸln\\[\\nS\Lտ]RcS0@\Zd\7bv~%V\_\\H_@\UrK~dFӫP\0X⃖\"b\V\xjH\\LUaI\0J\\0cZ\<K	\`	..4[CQ\<\ɓ\۱\0E.*qm/\0\O\=P\0\\J&T빱kb7]}@ kVWhw\SkJ\ܯ\Q\4y1\s\Q\_땋5W\fk\\3\Uh\r\i\\\rן\&Y:Z\\\`ݷv]z\r\r\\ *\\rM\'/nA\\0q|\r@3.\J\nX9QVB0,.\Ykk\^rX\qPW,\\tQ\\:\\0UO+mж^a\0Ň\\\@\IFB\-CM\Y\e)2\0/u\s,JXLElÃ\C\\mpk6hrBl0hsw.\-zqܴWҙsU09\a\_\\"ɔ2E	\nbn\/!5.\ZfK;lO#by\\r+\-{o\Zrp<\\\r\z\[4acKó \Ki4ׁ\0\\\ʑ\F\\]gyWXM*	`\qc\4\)h\Z\UoM\.(nQH\.C W\Jf\/\}@0Uphf*\(pb\\\7XaUm~#KC\pT\r6ngW /v:\@\A\[͠\wp)\@[.q\n@wg\V?r:\h[f9ib\\q@ҽv\\.S`\\\m@uU2 \\\\oR͍ygG![2R}TQ@;y	\Zs\Z*Zź,6C`#Ioz\\#U\'q\ t\\֖\\S#X\=2Q%^*@-@m][nF6@U\\"+\ĻDZX֍\M$\rλ0@\nT\\1^9l\0\*\\\j2-e\wt\0\\J\[m OK,;3??\3;E<<~C\l?Hf\Xٴ.\#\\ehB`m\AEg\\+@&~pL]\_īЬL\!&X\\\\U%)9ANCG+#\|\!?\miJ\Z\\Z<\Z`4\@47\H0RX\\j{\L]K˞K ]]\A\5ȐҖ\RQ\Il\J\T9\0\p\/ -EAaP-\,\:\\\T^ޥ	)\ZoP2b=/(7	3G\0sYM\K4\I3v\0\m\hf\:KՋ\cз]Jd5+Vޡg\0}a|]*\Ub ԍzҠvy Q[c	YQj.\\\*܋S\.Rp\4+Uܽӆ!sGCti\,P\\0)\\f\\\g\9\\ɔ	\%a.4&\\\Six630(HXxpuo©\H\k\U\06y湸R\81\q]Ck\ng#K#\'2M\r߸0Tt3\s\\5,MKa\M\\\\\*\;EEh[1\\\u+`/\\J⹉AIh\7\L\uR\|P+\/\\Z-DW\\\\^\u.\ \ˏ1w\\Z\0=E\\\\2=K%\\;\0m\n2\]-VXWU\n\0e^ʤ\n<mҷnTۢ\Ҡȏ\u\ru[aB:\\\\a%.*%(!¾7(\\sǗ.yw\Y\:\#\0[)\#L\r⇩8JpC@\A+߸\R4?uX-TUޠ=\\ڟAg\(T2益Ը_9nR\oQ*^}sY(3$I\U\00;B5\dIR\o`,D\%\0\k\\U?QCT+\7\`]@]\7/_TMzDt!R\0E,\OAZ\r;aʤp[Q:5@0\sī\q,LC>\\\\\n2\b\*\1/]-E\4\nLW.mE\\`M\\0ܴ\\h\J3-˫RY7fWW`8&0dZb\h(\wrTnv!\\\ȃV*n\A\^flGB\\o/\A\&Jʚ\0\0\om7/Q,R\Zʼ\\'+>N~%SC:o\U\0\+Z-JԄ\[\O\\Zw2\z{\r\i!Y[ĿP\\jAdPj\k9\+u^¶W-̝.Z|\\\0N%3n2\\ \ׅƢ\`1\Zu-\\\\'15\\\Z\@i\0fF9\42m\27Uv\C؅j\N\\\L$죃\"\+)zvX\\"*7\dϘ\OQUZɓHP\z\ܢH1a\\"G\|\R,\rLZV\\VqL\nIXʙ\q\t>bV#XJm	B:\\WhȒtK\/ժRv\\/`2\!KuC\t,8\	spU}?\0+n\Q\Z\\\8E\\8yK vq!m-;?UeM\0L|\)e8\1\ĢZ\\n4\&^F4;9\5/iZB\\Z)\\Z\\"\\t\r04}z`\\\Zh\1([`\a\\2\\Ѹ\\\&\r1E+✂`\$@P[\Ԫah\n\r\n]˷6_>\`XB9W\*`\\\I.G\0]c̺D\u98%mV0p0q耞q*¥\7`ǶY/\.Q(Vu\Z,n.8ó\	M\"*m7lӸ5\\'Bu\!+PK^]\Գk\\\c$QV5>p\LW\\r8\UēJ\\&,؃gU\\\p\a\\%m%(\\\䂎-,7\?4X3WĨ:BęӨӱT1f\O\'- \:\\b(\/\R\qi]\-YF\ZW\\p(\u9qOb\eҵ8Z\\b	Ub\\*.^\H /\;U *p\m\W\ϗ{4\°e\!\\\\n{\Z_Q[	2PZ%M4~^ʵW\&5UN#\Z\\0\*\\"ĭac|.\_~%\seB\TbQ\Ti4R\[\(E,\\n\\UטvnD\\0pwLъR\ձ^Py5wPy\\\ #R\0:2nM[D\P^4I\\km^O^\3VXD\;UVrE<X(\m67׈,{:J\宄d\\^\\\E\R\\\l\̠2>Bȱ\v\\\\n9Z\\n\\\\\vx&BT\"\\(%m\$	LCE*\\@Z1+`닼CJ\/\0\\\\\老îx^6\W1=KJ)mW$w4S\b\\n\\"Z@MCv6̨eU\eYd8\o2fu1\˪Pp;R:ΡNXm3\\n)[>H\'B\\\%t\`,\"\u\ZW%y\\\W\"F{\|GbaV(\רl pׇ0R\ja\"[\\İ)]gP\Z\mH\-UCl\r\09o]9+E?pZiYYl9\\\r_0\!W5\$-!ƕ|JP0>\R\ɦrږfy\\ \5^b3^\\k\!U\~!\xn&\%\w9j)*)[</\\A=\\Q\SM\2bqwU\t\_]KD\\&U\H&\:@<ĕ\\r*\w\c$l7\U=Ĵ`\J6npkuPH[$`YD\nEw)m׿5\ʏ(^DJg\\"A Z׸\,\{\\}PPU!\5C\\\k6\\-\\L3ub}\"76NԢ\\Km&561o0\n\\`H\l\Mk\\n圅\Zjb\\\\0Pk6cR;*E:ܨ4\\,\\X\0\[B\(k`\0_R\\LC԰\+\-AJ\!QcR\n.e\\ơIA;\Y`0\nq\\X\\AEg\\\\\\\\\Zt=o%\&@\\rR@%2j$LԹ\0\C\\\\0}7J{~>_d\t0&,1v\K\r*d=KoՓ\w\n7L\h\ne\\*T[ʓ\\R4௟30We\9 #e*6	6ay\]\ڵ[n\B1\\\\i0GE1뉨!M(G2\-ȱ(\m\J\\J\DF\ \\0aҭvJ\_\N\Dk\0l\\j2\\BQĢՄ/؊nM\#\50 [\6\Z.\\P\-㪉Mq^	e\]v\Bˡ\\Ygh]\n\N%˃^\&_\=\T\]\jo\'\/zT\R\* q(\飀n\\"\Z>#E칢`\u	)d5BlJ\\n=9`^Ccm\oܥƜԱ#0\=@6sn\\\\\L\r\Zs\\pejU(ʬ%[SZ \\x&\a\\\\<\\\Mo ^l3\[<HpPσ\V\o\0ʶ].\"G\_&\9\0Mt\\FcKI\rGK\z\\n\Z\s\ erx0@qU\\3,\]fk\\!Z>kPJ,5Tl%1\\UrJWw4\}2)ȝZ\0Sv$Ã\oNb\A\\\X\r\ZWhdy^!\o<\l-\ޣI4\\n\\6	SeYb_hys\\\	2yD6\o`/\\\\\0a\>EïShnй[E\d\0̫#G\b\\V(lG\\Q9\0ZS<ӊ,J,ð C\r=)1oP4%2KZ#T\"k\GgR\D#mY\\N\R\/\crxzV\F\Rf;\)r-[\\0LQ^WML6sԵf\Z|@\V 8~\'Lb1`\r{\\"ZԺr4p* J\\n.C\0a2mA|6i9Bi@]L\\]8 h\\\qXr\ZZ\n&aPt-zJM\J\~+Bg-%\`\.P>\B\\!\\r\.\+r3w\0HmaH/jS\4[\\-e^m\l\A\n\\96B+AU\Rbjbʾ\zXS^EX׈\r\n\nLP|%b9C*}\Z.aU\f!ei\\$\qU5Ќ\vmt\\6\9pZ\3(x4\\GkJ\\+\\\8g\\u\)\\|\zk_&{\)t/9Ԧ\n\\9\m\C\",]F&Եk\\?\58s	X*\fG\\nT#{\e\\Hj$_{9\fTZ=ڈ^wٹr/#E{\Z[70\0\ނDݏ_p_J\\gGGs\nC\rH[z\o=@e%\\\f\jm\F>fa~HT-\kԷps\K-\.\Z\\/Q/Zq~;\{ʚ\]M0\jv*\	\S\\s{\*a_y\676Jd)\\\ E΂.<\ZQbzj;\C0Cp\	\0ġЙ\\'\~,\&ԣ\'\?Q*8\\Չ)\F\0!]Qam[\xAhܼ(E\rhQx\\:JΡ<%\0,W^P\\׆Cp\\\^BKXn\\">2-\K{]#\J64>`\01]J[8@]\g.<: l\\y2}\ﴴX\Qh7K\,u\7x\\EC]\Bs\<\\ZV\'=;\\\V(.Wd{n\b[y`oX3Xѱy\"+\FhlYf\\\0\\u2\r<\\I\\-ߟ1pZ9`%LqZ4o0\B\\0\!D\+^%2fŷ\h!\\b\'9\:OX\0T\(Cb\E\F\n4\\ƅw}ʁ\>L\L\"3V̉h\\nYL(!\Yc\n˦4_\q\\X>fyj*%\\`\ъ\Sj>G$_\V}Y\-Y=[sˢ7_*P\i\aV\\5*2\\\r\\6X[\'Mj\؟\na{}Th\0\\]\"j`g\:\kU8:\!_4g~ed-T@\\'w\B5CzA\R\4ޠ[|\r\/prJn@\*GOp9\\4L-U)\@L\n\XOpb\+?XT1\\0\\'NX\,y\]p+P\qTo`,.Z,(\ެ\n\e\i\U\F:\DL`_g\3\c`*-ϘZ{u2V54%\"g\\b޻{u9g\cjuW+Z/9455.3ҺX}\\07-SƒfEKZ^\ێ.D4\+k4_\]e\\\\rgb\Z\h\0\\aɐ\\3)\j+r؈-6T\,\L?Vڊkav\)荆=\Zo=Tr\&ɚ?6m\\xw&b-r\m_(r8#ZA\\\\rSP*:$QUc]-/3\"`e]\<WYu\n\6]3|AM,Mu\\=tc\ZaQAJ;c\nqA\?)&9O\2\n S\\\d4ms}+\h\r\\\a@ԇ\TY\Z+5\0I\\?NP\E\tL\QÇc\|Dy~9f\\fU\]Ez@\|\\u\:;E:\:̸\0qY-\\\0̪F\^\n\g\ZU@\\d\KKw~.Ul\\r\TK\n\nu*\ÙP(A`q\@L@\lrKV\п0m\\c,M{|\Z,\@\U`\'1*\\\[\K.,|\\	\r~ca)^\\kXmZ} (<l\1rT(J0\\J\7	\\e\n\Ӛ\C\\0U\\8\J\UN\T\'brC\\nT\\h\IrU0\\RSw]+oW9II4f\0\&\0%\QEV\j8U\\\s)ZN\.G\}8\,+\\S@\0\0a\n-hQV\\2H7w\0o02:h-\r\\t\'f\rJn\^YX 2a\KB]\hz\"\\r\)QA\\p0^\ufEk݈\:ڛ:Kp\r\#5\\1`[\\\[\ᚦ\\\p\Sf\+5\(C\n],\0]+k\㊚\"\4\%02\ME3H\\0gq\\)l:v\'5D\M^\r\l\7%=#\\\#u\\Y\\H}˘+o\016\o-D\\z\Ajyl?1~%M\\0Q*\n\ܷ`*Y;C0r\tشC\'{]@QVg\\6Ÿs+-0gؤ\nqMh\n\^\n\㈡Q\F\`\0Z*<ˀ\0!\\-x\t$\\\Eޢ\I\0<b\R<EKVuRvN\?O\0nPEeͩ\nvJChM\[ڌb\\7\F4ܥ\n_o7\\E\*M\1\h+_r\7\p\]]TAz;\0u9\.ȞWJy\o\@mW(ķ\A\\\n%\u\U,\ܦhفxb\\rU\`T[ƱT\f\x\\\e`\0\nl\z\/\ZUzC\"\\	N\\\\\+AMZC.b\[N諸0߸\q.H1_KU(W\r~ \\Ruz/k\\si]KWIu\r_-\4j\Z\EA\P*w*\0@?\,0}\7 \z\^\\kܺ=\ۿ\nҡM_(\\n:v\b09;\+CH*ap\43\r\\67\\\y[U4AyLa\\Z|\\)/P\~!\La\\\,\[\"^^K33[a>\1{HB>bTe\(#\\j\0KM!;\|4\K\\r\cT,lJ\\\"v`S;ei\p%)\5Op+o,`\z`.jT*\\cA\ MOZ9\/\'%*l\:A\\\\j\09Լ\ʎ\\\r.9\\#0U\Y\Z~,1q<,tej9\xSk\0-CW[YlT*\&|,4qy첟=B\nZ~\7.\rZ~sC\}[2N\"_2Xx8\\<5i[,FlW\\r}=5c\[.\]4NcDNP%\r\\$\r\f\\,_\\\\Y\\\" _1\J\7<Rn1QB\QȕRZA4\-\0f.d\T(\bPaR	+{Lt	\Cξ\\i5˨\\\"1jUjޖ;5\#MGJ\\r*o>\.\\\*o\e\n\7|qsPv\g\e\D\\*io_\J\@\NT\\dfUz\i3\&7nanXYWCzX=\BvE_\Y8\\ơ\ٙ*&o5OĺJvd{\9\bO\\erw*,*_r\T\+U`.	\A\r\V/G#\0(T\\rQ\g/\ H\\%\\\\]bi^Fh@0?q\\\\{\'!c`\ЬuY\r\rg\\\\\I\\B+\\@U\sp\\8,5\\\)-k\j\\04物<!\\"Y\&	\j\o([\mU%\c*\\ZGs(ȱ\r6\]\\t0\\`EL!MƾeAEjs#1\n\n\XtfĎ4\05\\D$hwjg\\n\.\\Pn\Z\>\\pM67+N+\l6X{qQ*\	\똗6l0R*	7\\\!ؿ#{\\\\0\ԭ7F\qeM\r;Pp\gLl\~,7lWi-FGȜT\w6+Gu!\3r#\\\0\\0S\\w3O\pa,s	@᷿v9\\0~)P\(%\Lr\\092j\K9qh\K\0\d\\ \rtG\Z.9\\)ǯ\yz	\!O\4A\r<KlV\m[\*B^\\.-vD\"\+\M \yw*JD\a\\3\CDW^L/_c\\\"a\gn(~x4\[U\\M\n@է\o\K\%/׸x!U^V\`1n\qD\4p\7Ps\\\frˍp]\k_,Fk\T\\yK^\&\^\0+R\\uȠ\r\\H򨪆\\a.`h٘n\rrL\r	m-T\\s\r`R&x\K-?J<\H\0eفvg\[n­\0(i\\XEՃ\@W0uy\(\"j\'\"\IPC\\K\!qN\\rU2Uhy(T`K%X\\L\1M^KB\\ͻ!tP\R\O\ܹMdJk#MA\V/\\z\\0X\n=%uNAl\Z\\%6&% a\ߧ\lxx\\\\6\s\d\n\|<\qؤ\.\rUx\:\8ZUKf̻]b\\\(T]\q\\+\By(\qs\s\\`\]ݒ\)bx@h]st\0U z\cRF\ЊYT>$D6\hg\ \\\rz\ДD9we	[8W\\"2ӯrMf\\n6\CUFXS&fOa<|\W }˃m\!N\FX{B\\Om\\\C\r\\jQIL	!cuԨjW\đQT=2T6	}^\\\sc#O@a~x<|\ſR\\L-W\\IvZ\Ak\5`\S\Pĵ\X6\jE\\3)B\k\6\ು۰]V4O\d\SJ\sOnn\\\:\\t6T!\\jH\\\\05\	\h\\X\ $1W|s\MņrqE+BS\*\6`|F{j\YUn%eS\\'\0Vʦ\r,B\ab\\\r\\)we5\Lĥ|BElϞMCRaPq^\0~q@\͆&c8\\\{J̰3qW\Z2WECDV\\v\;~?ފ)\h{\\\E^b\\D`p\Z+?z\7%M,1P؊6^IG\n\&^Q\`-\\B\\E\Rd-}L`?\Q~\V Ԡ\jA\6XN\0FW~\\\|EجÈ\Iu\xK}[\\>\:drg+U\\F1ڥ\O`X5t\?g\ѩ.9Ϯ\ϸ\.\ezm1aXx\p\01\0!ƽԲ\7Q\E\8E(\\r\\9bp\\0^\\Z\\:w#pE\P\\n*|B\)ṕxƮ\7VM\ت#`C_p\\QU\f\\"F}\8=2qܿS\rTT8dXOWQ\hx\\*kgmbSPQE`G\!<X\4@s)D9K\%\(\$l\ZE\	/\\.\ZЯyLJ{F\]9\\H\\qP\=DR\0`\\B`\A\/\n\\Ӊj5^ /\\\\n/e\\q|C\+Y\nŪ\+\pp\i/]v-k\\f\neLw`O93-P]%aY\%ᳪ@0j\ȽRk\e|\nA\\G-{ni]:6Ǜ\\#\ʚ?9iL\Ht~ʅ\r4wli0#9Q\|\ \=\~^1d+P\gy	_$X9*\Ĵ~84U\0etE{5\rvo业x`A^)\!Gn*o1\rA/h\j\ *\s\E}\zZhh\T	nTMk\0d\::\n-Xk\\T\v¯)\Qq\3p\֊[lj\Πvn\[[#Mk5um\05inR41\)HhS\ZɹaF\eݕ\F)4\nv\ne\ne\Sm>ʙ^s\n\\@֋\tǅ\\\Zdt@OlE\Z\r\5/z6.r\\\Ogd.\\\\m\\/S!l\\\\aE^.\E\\\`b#cZKf@\"ڤE!d\r\C%j4%\ޣSOI8|\)A Y\Yo狭Fc\A]%\#:KM\DP\\P\\)=*T9\\bGpƠO$NTs\H\BB\n\"\Bby\\0\\!;Cq\"X\\ ً!E	\,!^\\T\\"6G+\\0-o\+cI+\\/R\=KQ\"U{\F\l,P\n,sʦxZ\\ap3dX\1\Znοb\9(]W\\DCμvn\\\A\n\'\\ъ<KFt8\\8,ͭ\RE4ƠÊ\	m#MB\iaH\\\)jGU*$\0Ziv\{\t!x\"^a\p\V%g0<\(\D*\rS~\8j5>|D3\\0\\rP<N \\YDĻ}f\r%ܠOcab\hҎ\cd\)]x\o\0COR\U\nk\3\	\\ptXB\j\"\j0TVjM\n\!{j\hR\0ĥSfnf\"\\n+i\P\$A(.\"\̤9 \RtX$^VXb\0\\rBDҬQh	2>17#BZ\0Uj4JHT\"\&[`\qih\"*΂qR#\J1\GEb*9\BL\qFB\\ \y;D;J\E{OJy\*	*\b	q\Z68N\%4#p\n\p͘\\\ˈ UA\޼F\\/tTC*\j0\a\ZN\0(\߀\Ly&\\)J\r9\\ܣw5\3-eK\ܥ1ԤM/rRp\iU㗉nhKd\V\;\\e\r\\\P\nDZ)`\s\RLax0n\\r\\"ϡ%\02X\0\K\*טKq\0y\"\0A\h\r\\.\`u	H\n\U\/IY\\J[2٣3\JYRnR\SĮ#*%	pZ>QѲ%em\0ax+\0k\\"g&`\\!D-R\	q.JP\Q\\r%T0R\"4EU\4]\k<\eK:8fDY0\.L=[+K\\"ĭF\\\\0s\\\Flƌr/pK\ZҞ\\ni\o\0\).2i\7@Sz\'\'Q\,	\"N l7	\\Ub@jQ	\0tR\ڨFd\1	K5\b\$w\o\S&A4P߈,;7ʘPk\\;i@`Y]x_KETvA6\F0A(ŀ-z=٬\Yn]X\\W\\Ծa\u+Rڠx|\וq\\rWB\\P\\094TQ\Xs.F\p\rL\\r2sxiV2\"eE֠KPx.6))\\W~\$\1/Y\X+2\լV9v\'\\9\\"80YЇ\\nGA6\0H&\2Ч\"\Q\\\)r^c|10\CO9\Z%Ú\H,\r\7-bf\0e\!\\\\D.\<\\т\\{\_uT7\z7\qȷ2=\\nAi1*%\c\0fK\Z4r\\rIzP/qT\h\X\R ^ x\Z\n3\\"T8\:\@5\'a>T\Z\\\\n\\J<Ŧ.\/2a*ge\p}A\\HBeG\	QC\S*<\M\pAp/\\_\(=0L\\m4\t@\B|\f{\5B\6A#)i\{y1\Z3@	lL3r\L&\n\\N\d^<X\\\hlCfZb,\r5t׉R]g\nEJF\'\&֮f\Ky\\,5/\0\\hZ櫏mq)\n\dQ\\A\Gb\n)\4-\0	f;Xwrtj\I4\9+fIEyٍe&`9^~&N	\n1F\xXG\A+\\\}u\;X6>[8Բ=\^F\n\\-\WŁ\D6׈RA.ff\',H,%^%.eq\riRYO(\GL\0R\׸8\\Q53CP*ɔ\\\0\\3M\9/\"\\\Y\0ej\4\m\crh鋪?\?;KJe(J;VPʽF,JZ8\(ܵl\r\fT\ F\\yK9\n6ƫ__\\*3\	{_Qk:=\'ts#$r0\[<9H.k\nf\\J\`Lpm\\5~VE~S\nԞIV\\eB\ƪWt)Kh[\jYUOq\t58\\a`qF\u\|KZ5\0\\Aw\\:R\0#\"0\g\\-{X\\"İz\'(Q1ܦ\\e\\7q,\0+Jaxu(.	:\\*L\5H*GT̥PSc%\5Ѡ\0\  [g\s-Q\p\\05[$\nro\I5@\n\QL+`@l\\[?j\;o\\ZP\Z-7\tγ-Zb\\t\#љ~x\0ިu\[ޣhHat(Q\\\\8n qlHC6\WvpR\\nu\"\\_UFcޥ\&Zx @\c\\rLX`\0\(\,\%\X@#۪QJtByHsg\_Muசr\w\WP$Z\\ҖQ\\qO\"uPH\J/uوT˘@\nb\BL\:\w[=*mKd\\Na\rSS\,,n\l+0R\\U\\ю\\0zUQGS;:hUe=;M\\d.̫Tg\1ĥTL\.kU))^\rR(X\s\`\\xLi\qKP_Fa\w(lFaC@.ٮx\\n\\i\D\Ls\ZU\\nZ6%KW\\Z\9.7\uw\|F[]2\7P̀JoLs&7is*]\eKyc?\.\n,\\n\e \\0knt-\\\n/-\X?J)A\fSMj\6n:{F\)O\Pڗ2\D	Cw^e(\}(RۢxZ\\0D\ZhfL\AEe\ S[\u{\(6]U\ub\\>Z\Q\&»]+k\\\\0\0jv>f-\j5C`FzȜ4\rmzBKi\%JE\(\գL_P0\\\]#\`\E\`L(9G\"\\t\\0`\\'P\@\\Z\OmbE~\c5\"9Na-P\x\tG_pE\Z\ryF\ospW/~\f\\"\\\B!0<KJ}Ԙh\[Yd\\\v˒{+\\̍R\\ \'?R\ǉp\k\r\^>S\n\[xEɫYKa\K6Վ\PӦTо\!-6\\A0\%\\nO!\/\"\ax@\Wc\\V07ĦdR\0(Z3\\&\Bx%Qr\v\O\\\\0eb,|#t4(oq2\n9j69.E^B\#c\jY/qֻ\\p	ӱ	]\:ga-]ʃD\\G\QhD\tq\.\&gsX*`~Ҍ(\}\P*@[(mԻV\\1ޜ\\\\y\ZI\?\L\Y\\\\\\iԂjhz\J`j\rdD:s<W\\\mY\r\RKZ\+\;,\VKp,P\8a\Ay\<G0cظpԵ\Xy{KTn\2\(NE\\aM\@7\\Q\\v\\$3$8\Q)|\_\Y\0Hw\T\\$d\9\PP,#ۗ\DLBrB~[\\pK\F<GQ<\@\aO[\\0\uj\'2AMg\\@\Jꩋ\\쌲\ԅ>\"D\\0)P\ZKC\xN\V\4xV\k(ڇG$\\X2\۔\֘@	^Z0\Zϋ%\\0BF\JTP.\q\75Ǆ\@\\T\\/+^5Q1&Ħ,mˆJ0\eC{).Ɓ\;*GdY4\LR\c|\rkd\\'\yH\W*\\nq[Ñx`^!N\?p\A\vƂ\\y\F\\V\S\J:\Z|E*0!0Xd\g\0<TSr\O\\0\X)B\\\B \y\-J\mmIH\lF+q\'v|\K!\\ZQY\m5y|BՒ\~!!r\0\4\Z\\'2}#Z\ei;\0\U@\gbyAeQ.,\Z\$T\\\E+\rM\Du4̉Zh4\ 5\aU|fZ\\nm\bof2DE\\Z`\0\g\Z\qE\r9k\KmY2GW\r\ZV.\\r B\DH\שw%8\\Z\{\"ط.]d\AxWV\f\QB7*뱔Pxt\7-\!..)\dט06n\\ZD7>^(l\\_#-7KB\\0\\ۨ0R&A޴w	h%\m5@\nX\r\0O\J x./m2\6bf_R2\\z\ʧ=eq:Rgh`W0LQ\\\"8*Zڎ\r_WWh\h)\ykR}\\\Zl\/\PT-\Cr\n7\lVռ\-{\1F/\ql\\@+gtԪ&pĺA\pyX(X\)\0|AÖ+\\TfA\3rC+i\\ro*C\\F;zC~pQY\\Ev\@C!y];XP\\\ͨ\i]\\\7\n\Ůc-\'\\\\\Wa>\9\\\w1R\]l\y\ 9em5|Қs	P\N\0\ +\lA\??\W2eN\mK\+_X{&\m\%\~P-\Gkr\	\ns\6\\e~\j\њ\\C\rg\!kōdzѝ!\\\ĤV\\Ȝ\n3\(\bVۙB@V\H>\pSyn\n6\hj=\\Z;w\Rм#]N춈TYԼ\\0\\.\\Io\se\\Я\\`,\z\0z9\v2\_c+\\T\BE\(\#\;ں\\eLѲPUQ\?25q\\bX\_\\Jii\d[\0\01ɣ.\\^\0/?Լ\ɖg\\b\0n`\8`J\r\PPZ%T\n\%O@A\\bI\36)Iu\ˤ\__r\1y~jҙiR\l\\%GS\>Uwqd!\d\9:%hGp,\\p UR:{g6˫F\07l\jSXxmJ\h/W\0 \nsC;\T9\U,^A4=h@\\	Ahd9>|\Z%id\\"Kk\EE@\A\x\0cw\F\F\fmYAjd\\\\\\P\H/Cz{a<Ӄ\\r\\\ \Z돨\@\]\rPDUZ8+ԨS4G\!V\!TlO\x)T\PU\|J\[L\16Vk%CD\PZ/\0[\\cMbصwp1(@\B\0jrԤ\\\P\,f)	 v\0nYa;dV\<>C/p/\rK[*:\M\\G\al:x\A\7\֝C\\pwrUBsA\\t:Ϙot-\r\,ac)ʹ5\0U`V戵\Y\/Td;cB5y/SL\j\9sOqlB\Ti8,\Uq\< g?\Zn/\/q̨VQЮM\K\p/\7]5U3>\rՒ\͊r\aP\\b`P[P\t-\c%ˌGnl\D\g0r\\Ca00u\rFP\6hfe]^\%TĪkF.Nҵhw#\2\D\r\\\' ў\\bb\pk^\\\fG&e|-qz4[f\]`Ƶ\\Z8)\n1\0Q\A5\9ޜG\\ ./)\=7٭MTYl\ \\\6\u\d\C\Z=_2\9`\\alh`(E<@L\\0XŻ%\j^+\\>&)ON[\Os%P0\w@b;s\8#6\\\\^al\\L\Zʁc9^\Y\PX9/8S\\IŒE\0)\rC\%\06!;vc\C\1cVR\4+\ekQk]\\ȃS\+͡F\\\iNn^D\\r5\P\rb?[\j\yC\0d9uj;Q;CX\UjQ~R<6\\JU\#<I\Znj\c\	\r٤#ɨo`\lk,g\F:\\kF7H\Ǟ,\n5sF\H\\Gm\``͉z3\`x\r\`\`\ԭ\X)\u,AB\1W\\ħr&M\1(M\rmw0B`qmy̻Q£/.pH\O\rC`a\s9_YIR4\_O4B\\\r\\@ii;%V>\\\nUbPA\TyfQ\\\n[`~\\xW0^*\\ln!tE\.0\\a9\b\0\\e\X\Z\*W\V\\0v\0p}B\\Z`ڐ2$s\|n<\;Pv+vq_+܍d[\fV# \z@@m%cP\:\s4\2\`Dm\\[\nϘsurVƣc˛PA\f]7\|\ Wr\\eṠ\p\.WֆZ%U(\DvƲ\\(^Qa\n+E`L.\\/`\"\\ڔ\rl \\mex0\\YTE`_ܠl1}\ʡ9W^\%`c\\l;EZ\RaCUa]EM\_-<psVo\S6mS12k.\{W}Tc2Ij/\ZR\\ւ)(@V<x\g]e!P\\\,e͡\d+~\X\=+OFfǱv*3,C)zU\\\\ŁlJ2q\npC-.\\U\\"#}/@1\)\p.-\ZzP\Z\\eS\\nYULlpH\\!\WP\Z<F`\4\\ѢTk \炦ll\"1\K-tۘ\&=\B\I1dFq\wNKJ`zm+q\\\/02jX	Q\0w\+\\\+8\\.:ird\\\ek\ã\v\02qC6ƨ-\k	,4\\yE}T\9UK\Yf\ ̎@2q0Jh30ڌ\ˊ\9^UY.aN\bG|ĸmj\28Ebw+zٜK/\m%\\R\Z#FME[tz#Z\\~rEh\J闘\PP.X:/$\0i<<GqZ\ND,\VXY\\"!\\\;j?c5!\e/\k\\tQYkɯ_\JC3<F*\\5v\\0\|\\vaj+`ZyJM\Z\o\d\Q\RmI-v\\ZNkt˰\\o99>?shYLc>\08o\{k7+\хS1!	`\z\\sEW\ZkY\$\n\\LU\\\%Y\\/\Z\vb\0AK	=\.`Xd`z-\wԬu[^~e4gj\n\5Vۋ%.\?!{\. m\T\ʹ\\1\0\\\@t<sQ]n,\\P\*-\F\r̪(%˩\\yJ\fY\eM\*-\ۖʆ\;jk\-l\0@Z\P\&qj^k\{^&\U\\\(PY\ށ\b`уYf\7F\S\GGIxk2\\"~)\mU|\tB\\KX\[6#色\\9\U\W\oT`3\b\U+±W\0y}E\Ũ\GGmB\'\"\4w-أ\ˤ+q출/a	y\P/XQ	U[r\\3-|LYFj\]jvWfbS!Aٙk\Fp[\l\~b\"\l8-`W<b\0h\"S\pU\"\n\\n4-q54yJl}\\[Cjm^R\v7^ rB\\\}/v(D\XZ՗\\mp3(K(\\\\"9\0\\n\zԵbFW^/6\\:\m (}kPձY2_D\k\uKa_0+\\Q\n\nDף\ajye\rgE\mN\%.\8\\*Y³]b\0\\\yβ+&ڶ\q2\-]\Y\@u\|Y+\\0\\f5J\Z\ӈL+,\\3\vS\1G7f%+J..\6@p	Ir\d&k6NBbzZ\oPT\\h!vlc\^9\SE\\rکgE\&\0]L\0\4\"U+tܞ7Rq\?1C\p!T\ōZ+nyJPm\\0˖VP\r˹-\\Ô\u*`Xp5戌\\.7`.yii*L[r\\@L\A\Ǹ*\\\q(\"\0ޭʿ\X\0\06(츑`X/(=K\\n>oR\UTX\{\i.g!4?߹]BPjD\.\\#,r\dJP\\0\\4\sQWWv\\\\dV\\\'`+AIH\\\0l	\/\9bQbb8Y|ԩ-me0\)\\\4\\Vwq\0fjp\\~yz.&-ϙ#V\X\jq\\߉fTMVSV\l\_1ѲCM\"Q3C\'\D\\nM\؟<AiM\\0\Bߧ\1$\\+QP\WPc$\\u\f` \<e<\\Y\<xeYq\r\\0j4/_QS\\$TZ~a܈\Qݥ!(w+|\3{HBbY^Z\":VVoW*\/|Y\KC\)x\\\T2V*\\8\nh\ˏW\@Qp#Q\\>=XY^\`n`.XjТZ>?q;*!i]\"aI^\.ڪX+%\ѣ\\",*4EU)Up\Z\\`w.P\Z.ir\	u_\Z\t(\N\g-߁\n_0\r\\\!\GAtv8a\z={}L;2+\rF&\(\UfD@\oO\n\:+ʕ\\&kK6ՙ\:Զ*\#\r\Z!tV_O@7{\\\v\\nՒ9-+W\e\\\]Z>\\k\"\Zɍ赥<zK\0\0\\	_,ŀZq+\^r76\q\0jQ\\6z\\\1LӢauQ\|\\LYAU-2\%m~^7!^ޭ\0H\O2\\j\1rnF9+\Rĩ(@\\nDt\0q(	w\5{,.%\0=\$N3W(p\0My@U\Zlqt!\0b\\\\0\o%F\\ZEa`t-Q`\ZdӨ\@M\\b^އv/,\rɊr\\Acy\	aDG\f\f@<9vE\\6\\Z\xzȧ\~cԆ0t1:Vh\?a\~\8ݢ\p;eM\\-bS(!3\\B1\-h\\05\0\Zܗ\X́\W\9rzك::y!˂3SX\\"\*\b,lf!C\\\nyv00^B}\x%hpZ\\\}$&k\\0(edB\\~hٯİ|ǆcAvm\"\hIĕZ\S\V15\\O\iI\7B;0FˇwԬ]\g87	BP%Wy(Y~M\\\o1.ű\0\O\'\Z8tm~b\\:Y\<K\"^\XЎ^y+>fCp\eDS\\ZL*ZC\Q<#j8l)\r⍸|q\\\&I\l\\W\0̐\QDu\\uϨж!<\_`\xtCt#?r\Z\\9[rhw֬\DM\28\a ӪPQ\F\n.\O\:MLЅZ\r5\\\\-\u\\av\~Z\/\"T\\)4]v\\TMjN\@\G%9p+ЩcqPL\	aYI#\Z\\\d\nͿj\\\Wq	(\0\J\Gje9\ew,۵K[H})߉ih\`\ku+\· d;Bf\0;!xË2\ɀ\*\y&dV jP%мGݪ\諸\>`l_\e\;\+\0\\"8s] ]gfqEq\0>ɀR\\rB(=/H\媂\:\\G,\nc\n0W+\rCW4\rX\0i\g<fa%y&\r(2\m\r[pY\0EBa	\n\\\.\\\[fc̡\-\0\\^&\\\;hT_\\"ۦ]^ĭ[\'=\\9RX\qv\XG4UF\\\3i\\0_Q\Fo\\(\n+A\\l=4.;-;wq\1R;v\\"AԱb \r\&\H\'\"\Z-+{fi1q\R\hR\r\\)\<U\WR\\\1X\!3\0:E@m:2\$\d@;_7~+\Kÿ\=B5zG\gx,\Z.\3saA\Zm\kGPR\j\<\r\\\N5~j\\\v\D9M\\+Y˖ZV\\\\1\_X3C Iִ0\r,U\Ze\&3\\n,5\wZ-6\\\r\*kq\K\mZ\q\\\W]ˑQO\+F\\"`B0 RĽy\+xe\!1z/2\V>\\pn.S\IV5Ewp\r\nri\\Mh,D\s)C!@= k\`yZsU^2pm\cZL&N\,\ջ\n\voq\r8pe,h&BC\q!\5}iKŸb\H`ؐ-\ZUGJ|1B}\B%\V\\l\KE\\Z&`S\PT՚l,c(\v]s]\\Z9`SB[mAh [\"̤{8=@\>2$\\0\\PSf\d]<x*\IIM\؏p[V?\p<\\\"dͽ\\[v\\njB\00o5\T\E\n9ᩝӮ,*ߙPa\R\1Wi\\B\UH\vD>.Q<\BE\媔\!\pC\'o\/\*XW\j,]W,@|os\\aԻV@\7\Rj\'\\\(/n\\g.:	)J2P=[L*\\r15\\\"ZbVVӂ.7Nb=p\rЉѬD\hr\FQ@YLe5xz`Ԇޑ;\_S\nf^؂x\EXR LM@\0<Ga\0׈ޡU\\\\QI$R\0P(\.\˘\ $x2욗_2\]lٙ4W\i6ҐJZ\\2 M\n)s2\,8`gD=\]VW:`JM\j?p\27\\0Lmfj\[7~e@g\rP/\\\\p,]_\.m);̨\0\A#9\w\>T6\9ϘZJ_W[\<\%dKΪPɒ`x-!\7\u\\n\n\\n	CpS\\\K9(R\\^+cd	X<\J\;\0QATq\D\"M&\u\,\rf0\U!\:-^\Y8\b\rb\0Kr~\:lY\s)eR\ݯ\Xbk)u\0%t@Oc/IjcJc\ё\p{h9Mk}[#\\\\ï\̄\\R\&P%&-\V@\q`hZ \\@R34ǈTV`\+0\8^X\\\kE\]\\0\呎R\fΣ\(G:h#f\0fYhZ\\(	ӯxm.)Kw@R\l\01pLjݭ\V\RM\!S&j8\Q$\Z%4\\\3\(\Kφ)GAo+\00m+x \P^Uŷa\\AP6ۉGb`$mc\\Ct!b\\5\~qǦ2\c\\KzQ\75\Z	\qwѥ\nh\M\\\ZӖ7/\$\\\\Z mm i\d: Sy\\Z}5͌q.\?hhҷ\r]kEyU]+H\.dNs\bl\nXL,\\tC+\\W\$	\Jͳ\ri!VǸ\0ර\hx\23()l/\mٻc\X\\7H\0\q\ݩ\6\ZX\&\G@I	IN_\JKi\jbݶs^.ٍ\pWVשSY^^b8\\A!!B\_\RM\B\\\`t\\Zq![eiP4\0x;\\\\0\\\o`,\\2>\+CKg\n\\Zz=\Z2\\\T@\6]|C^f\\3\}A-\\\!\=Ī 6GQ@հl`\\\n.ҙ\jn\v\\`*2\\VU=?\:!php\a`ѡ\\\@6J\0\Xo\^vZ\b (.2\=E/Y\kAfD0tcKd@\P\F	\rGZK\Z\g7\o\\V\؎\\l\\5r\\X\Q]IC5\X1#sb\=\u-$4ֺ\`\Rb7-\N\\mJ;\~%RЫh\\\'0݉\P-Ի^\8[\>V\D\\0\n\AW\\Q:]nᾲEFU|8>}UOTYX+\t\ralX\r\K\SE&\0\(Q_Xҭ4g\\0\0eY\o\jq^x\\aθj醪Pc&\b\GW\\\_\\0M㸚\rN0e\'\\Û&x\\?\Ƹ+\\t\|\A\P\*KCo \\\~C&\c#\R5)\{_*ҷgZ*\Xq>%޸aW0ZPopi\=+?tD\ٳ\81`bsJ#\\sߛ<=b\n\\X\0\n1	\N˲\	Q\r]\\EFݝuOl|\"\\e\\nu\;얀+\#%/weNvh?\ρ\)}\+5QQp q\\rP1_\\rc\\'lΌauk\\\U Y\lp[\>\A	ms]\ \R*E\\Z^Q*,,i\\Ќ0>Uw{KK\{fӨ$ˈ,t{n^mg͵^a.G=м=\\\~6Ю\|\cIFo^\k\xQ\w\Z\-e7\-pqchŏw5)Î\fVڗhY\ZSQqs)MA+\ QZKF!8\0uXa\UO1\\8.\01鎥ͦeoY\n0\0\\00/^\ \\\J\Z\73=tU\_(>X\P\e`2\\{6E\\\!oh٬D\wQ$AF\b\vz9N5E/1h_GXKY4\-iX44o>\\l/,\\GOp\\m\\Af\n7ϒm6#]\Jqк\\_R^B$c\\gi\\\i3\\rc\0eڀ%2-4\ZXl\n*\\\.P\ND{CRU-G:\R&E%\0q]\\\/Maro\\AE>/J\ZgJNž>cR\]\B4R\d+K<\B`\	d\\/UONJ\0evWF\\\\\n\8|b\櫡C\Z\Vl,f\Bu\=,souRH\rq}\P\\H9?HL?\b\\\\&|#\c\/\\0I-G\5\ݛ\<k\\\r \\K\1\`\TK\\,Lsu\L\\5y\0\}P^ =I2\Q\*\\x\g\\g\yē\k\V̰sQ<W\0\\\.\\u\-)<~\h~+\P]@lNle\0Lغ>\,E{\rLs3p4)\fg-u\ZeisD[]|Jܒ\\\0g\K\\\U\h, 8i\0-\q\\`c\\\ܸу9LHíb,X*\\]\0\\\\"kl8\G0\1n\-LT\nt݄:Ní۪\X^\\CRUY1.\n#3),, \0I.\7`\P^zosE]M!j\i,\\\"ګ/Ty̨(Q?\;\r!SIc\`\ZD,\#Z\\'\ \7\섵\(-JW\KҒoC\n9\+uN\* mu\0|8&\Iy KZ\\"5\rzji\\PJV5(\nZn1k;-.ZV#a\2#\\*RrAE;a7\\ 1\-ֺ-\u\^\0-\0K\<\G\o)Q]׉2סL\nX~\F\\p\&~\T(d\\\Xލ\N_\X\^W6n\\>\\Mxr7!<0؎\"n\pm4^\0uX\Z4\nUe\>#,8\ϩyEpzy\9e NWVH]@6\qwCs-Uܨ<!|V`Rq&@\02\l\Z	\u\Zh\'\\j7ο`P	ID*\X=D(j\F\~`H\jP\Ze{`!w`B9l%<_[\ȣxVR*N\\ut9H[P4TEpO\CJ\&:\n\E~w*6W (\\s4\|>o}L\dA[c,E[c\\r)@cXӷ7IQ7\-YF\rwG+M\\+ӈ\[NѫΉ%\ZYYT6`:\ef\r{A\ؖ\͗c!Os(By1\R\\`t_m\Z\l;\APU t\&@\*=\\0q`1z[d\\r\0J\\Z\F\kc.VTָ]ֆr@ld\\\\nY\\M\\&\0\sZ6H%{wq\0dգ?5L\%\*	\F ;\`bPP2)tG\H\n̢M\Ej\j`-ijԤn\\"\BaP\\(Yḩ#2[\M0ӷp~/,xq\0Z<\]ψ\T%*$e\^ \\'%O\Hl!\\\Sr(e`\2Ua\*lu(=J\nx\n|\K5\r\\0\\-+R,\\8ӛ\Z\ɏ\-E!\\2\EX@\mGg\Q\0 +Z\rL+\0\0\\\ܯ\\ \r\\@~P\\\ߨMb\\0[\-[@%	\"\4誄Y-\\ek(\n\\ntjlk*ߨ5y\EIw6\$-v\jRľc\Z\uR\\\L(\Z\*$^`j\\*tF\f֤\b4߼A\ˈ\Ak)\o=c\0j_5i()\D\04%\0\"Ƞx,\=l{L\^\F<\h\\DCG\\v_ \\\p$X\\@n2\d\^ya\Ls.Pa\mWzؒ\\yNBB\è\\E\LG<\\f0\\\.k,\\0\\i\+c)̶\0U]_MGR\+_`2Kf!NE((\Fܵ9.r\\\r\<\n\"\\0/[\7^%;a+a\	yKJw\\\JJعI_3i|@A+\\l\f~C\s6,b \ZkRacJYgf2PPӋX\2\\"\Z]ٿĢ\E\\7~Nyh\Z\ī+wyws\"t\к\\\4yϸ\.\<\&zڃ\\p\݈\0\G,%\XM\\\\\0dY}J\*\0U\T\~\"Ɋ7u\!Y!cMm歷ܤB\\r\\\Ϩ:\\e0\\"o\A~\\\Z\_l\\"Lkʼ\n]w\\rFF^c\	\\\\\nR\\\0`\.[c\UՅ\\\i(Z+#	/\+\0\0~Xl\ͬB\*@\\\}\	:FVu۔S!XL\\]aV\}\?()oUPr⡺\\o\'0,\a(\ZWdx\=¢MX\\\5\\7p.qG\q%\Ħu)mG@\tn4a׸\`cԵvw7\Z\S\0j\<ʙhl}DW4\t\\Zŵ0\ƂCL1ul\Z\{\i-߻\\"D+hۚn\\Tޢ.\8EeM0c>c5<ac#T,*\\\\Q3u\\.7\]TS!Wg<B\A=OGy)\Mth	`c0|JQ\ROeJeUm+\Z`\% 3^u Swu\6@\00U\wט[CVx\&J`\05Xw\ZUq\K\\0\nk%\Ie`=L\o?0p-\p\P\0<X\+%\-\@-_\0a.\9aWJ\\",\Z\\縠j!_\س\eZ\\R@ȫ_0;\*fmMoTs0!mB\4u5\\\'E6Q\_2\]S\	Z\n^^خ\\){/\\^\"[>\06U\\(\7QL\˲2\qnay7k\Z\UEsCbD0k֢q 0t`P(@&aB\8/k%\T\njld84ዋ\:\\n>?|CjuFJ\\,\SMWS_PkUK\DpxAji\)\0 f\\8=\0Q x!b\B\\%q\\£G\#]as*_p̫\L	\Z}r\rl8-\3a\\\ƫK\!n\ZEF\N\\\KJ:\\vԭ܌\'\\0T \"MBK@)և*K\sZ\BR\OBY6\c\[GFB(͚)\\ʔ\\i\(jII\Zp ]\r%)\\\xAL4\:m.CuѠ\T`\X\&&Xn\d32M+ia>di/u\\"go\0K6\.\P\d*l\y\5(\Pr͍Lh\\ou54EdP_1\\r%zbR]]6\@\)i-#ɳ\Z\\\\	mGCh\\ĹpVIQ[7SN_\?C6n\X\My\\"_qV&n{n)f}\Akke\T\=@JJ٨d\\>H\n\0\ޟԯ[\z@o@dRf=5~5RyB@%K,@	lZH]\v\cY@\V[)hUc\\sMSQ$M\29q}AQ\.<\bUn\\b;\\8\I|s0\\B\\@k@ZʔXk{Z	e\\n@\_d6\PTQ\u\5C+\e̢^a\\\%\\_\0f)湅/x@VJ\Z\ZBB`JS(\ fص\eקC\$\Y(\r\pjs$\'W5\r\̻KE0+{Z\V\\P(v\j\r\\0`X\n2o\&.ؤ\u4X]M;Bto\0\0C,ЬG?qJ\r*c\"^u\8\"\Ԧ\2p!t<sjĦ)\i!jjkS܇\0?ޥc\dG8)i\e\KnW/@\Ta\\\\&R\N!67\t\\\Jp 2₁\Bb-X\r\njc\8%\@	\Z\rROaa`=\0sFG\&Cm\2\\\ \JDd.h4?9rsMZY&Tr&rɑ02\\V\0. \0\Խ˙\Z\ˠ\hs[x̘ϔ8\6\?\?κ\]\9\\\9Y`Г @.\c\\\􌣳M\\7$W\\ Ӷ:\sqW\h\#َ\^Ջ\'̴A)\c*b\\)K!ɡ\!Gr䅋4\r\߉U#sϓt\\\`W\ZPMDSY\"\_50Z\\\a\0g g\ni,@(U}~Hщ[,\b?L%\M0SWy!d\lc\\-\"4\0q-X7\wm\@9_r\DC\\H\VD`%Z-)\$r@*\\~蚪\\y<\Ʒ-F\:Aߙ,f+4\rwe\T\AR\1(	u,\\\.A<\\ry3P <C,\GIe\\'٘\08\ePZ\B\KLEr\'Y{H B\.AM\Z\\'ө\-p\\0r\$D\,\\Yb4Յ\\A`<K\+ 3OG\.\nmD4\\d\n5\M:0JDi#3\L\z{\X\\߰5\В׹m_LZ҈y\\\ͩq\M\Zʰ\/%R\cĨ9\\|E8(.\0\\|\\\07\~\kj\7펁,-\t&a	\8\B\\hϨl,\\'q\]թ\\s	z\1@2ʪvvYeȂbmںZL3⦁\\\Z	\ 8\#\O`\\;(\& (oS\\7Ru\\r@Uo+\$\+Vj;qpX[kUM?6\\+j\\\0\2At\nfûW\V+\Z\\U\\0ٌ\]gY\\0Պ\rE5\^u\lz\r\50ÔKU|`*ɨ\\\5\r\\\{\b 4\'0i^L`\F@b\eGh\\\2\jYA\^Bo\h1N2K\0x\!x\nx|\$v2_	}\jYs\3\EQ.\n\\0Qkl,q*d\z\˝ouE\(\\"uӝ\2\r\uPݦ@$oJ\\> `V\\2!oH\Aj\)U\X8\=	B7--}\\\\0\\\"ɝ*@\\\\n]\Z)v}{B0o9\n\\n\6?Yh\\G5ĳCeơ/\x\@8Atڸ\geͭ>a\\cЁ\\'܁|GR+k^L\8:\rH.Z\Qnh\q\0\@e\<\=\i;\\0ۨ\Nn	Q\XS8֌W+\x\Xؕe%}ʏEZPE.\\\,% \6#+\\	=XVe\w{6c\D:T(\Ӏжy\Rx;\"0\/\*3>\r\8ڦm\\Z\r\TVT\x:۹^>\01mQt}Fs5_W`\r+Ư̈kX+\n\3J\ŵQt!1ŴG\'Hsa/uu~\\5TuPY\o]\_\^\*;%Π 7*@\!U\n\h\W߶jLtN>%\\\T2ZQպju\0ǘW\\q::<BP^56x{g=%n_p&\\H\a\ZyW\'%\"\	sW\\wn9XU\6{\\x4\\\`Y\Zj+Jj\\\ǐz.̈\r>&\NN\B\(U*fj/aJ]5+|#h\q\\+Ӊb,\\0UYc-a9\\0\0#@\\pBZ]\\h/\u\XxQ\Ԫ\Y\]zEab\|Iqvn\0\aIup]^K\0\Uf\\0\gt\0\ 3T\-#^v\H[kv\Z>.\Z\&/\V$a\e\Z@\AzR[P\\1vUysw\D\ad\,{ Sˆ\o\\#/\Ӹt,X\nb]h\\0\kf\n\3f\ekX\sgR\X٘R#\nr\Zq5\n\0+\U\T.\໋\xPVuZVIP\\am\ǈ\ܕZ\nC\$q&=i\\{\\Jx\?P\\\i\\\"\n`uRD\\\n\ f\*Y\A\z\"UA\J\0\086\||	9n\rbprwI\r@\nQSX2Si\\\@2a\\JmBo$\\o\Z\rm]CsFU\\\uf\\d\#0ECc\n2m\\6\ټ/D\\Q\#c \G=0\\%D~V?\j%\].kUʅw[zv\\n$}Ad\Xa.\qB0ωV\Z2\\4\R\QK*\n\\\gm8\\i\ZK\\5J`M\\\U4z(2;Yܡ9\!XE\\uא<Dw.n\\j\\\\0bp\[K%;ݺLekl\qVF\\\^T\A\k<BaJ]xL\z\rr\SYeo\u%/@Vj\s\\rrY`d,`f2\\^D\B<1\\\\0i\nԣ\\j[\\i\".L\f/& +\Bbٞǩ\\v*3Pmh\*-(|ܨ\\rB1b\bV\"\p3eu	\O\0\'A\\\\0\:F2x\7}J\#6iL\6W#\<\P\Z<FS*.Z\C{̸P0ܠ\J\X\\O1ةo\\n@BDjlX\"V8Jr\f\l?~\6\-9i|K\\\?J,\w.U(ֵ\Z\\\\\Ca*7Ns\K8e𮑳P%tV.\nfR\70^\F8U\[4\\*3\Rb\\\D\RgN0ԫm\?w5\\\r˺j-jENWtDs0,\ێG-5f\\ӿ\_$L($\IvL,_k\왹R\gy#\/X\d\\\'.=\/k&\0b!\\\'\Q.V\\Vlx0ٹB\\\n\H,\DI\0hw8VPG \\z\Zk(\+aƵI\\\r̀%ahrY}\r\uJ`XWɌKջY\\\E6pds\6,\~D\\\^\\\ZT\]eujXf\D҇\0T_\rh>X\0\\i\n3\02TNa$p\TlM{\0u(\\-t\\IM\ZHeb\o\\_܁j8	+\l\\r\\MHD0R\1\(ng#YzQz\mrF\\2[shk/ ̭%r\Cܤ\0\DAl_\k`\T-Z\\k89.9\\BCk\n\M\nJ\!\0Q\PK^?\0_p\E/ {\\\ۥw\J3Y\rP.\y\ \,W$\\R.q\0*ʮԨQ`\\ǐ\\QnLX\@\ΫZ\d\r1\0os.\nM\\\m\/\&5͙\\DSYK,^CI&rG=X}\i\\nǵc\0`em(\\ǹ@\00U\"\\.Ysn\\\iO\>an?h0Ĺ,U\\rh\n\t\'r\\\Sʼ\\=bSm\bP4\'\K)b̸a5\B7DkGfsH\_9	AJvCW&\\"\Ou\\0\^j	U&򣌘ui\ۢ\\rJ\0\Í)@rCkX\htFuMJye\T\0%\_~ee\Ģ\V3T\?	Fn@\\,\^!JMK\j\"\c\\-1y\iS,q-S\w+t|.XP\ʢ	O!y1\rKIխ^v\V\0fogq\Z!ޡ$\;%D\\DQ\}yw(\\\r\1+&T\$1\\\\uŒ^G\0\\^\\n/M6\p@PUE\Z\T\rE. C\^\\r̭\Wq\-\\0ȷ,J\Z\Woc\fT\W³2ίRW\9t-\\P\*!X=e\MUЇ\L\rO$HN\n\rI\i\\'\풲\$ef]\0\eا\\3\Jh|\]`WbEQAeIN\L\nXׄvM\1h\ͲJ@\*VL&[eV9}nJ2\K*%q\Wx\\Z.F\\(˅Gc\Z\&s\0c\"@o Tp-\ƪ*hl\\\^LIR\1N\Դ\s|KnDez>\TT4r\򘫸r\8\Z\u.N%\"B\\\-j\27\:\nuw*Mj\\/<CCU/+;=\\	\׵q\%:4\va\0\\\ĭ\\\Ze\\ũ^Nk0n\`\@;ŋމ\C` +ǉ	`|\,5K\\Q`Uƨ3ޥm/\02\.|ZIܬŲ\GXK\01\ x0+8ֺ\Z?1\\\	_\jPLoR\/פGxez\\\<\\=\ČW\הk\\`\\\"_\&<xnUYeS	JZp{%hav\\(e?\nM\>J\i\˯Ei@V{C9\7\it\i@\\0pV롍0\cp\zoC	­^it\\0K\߇R-3QƅI\nl\,q$\)\տ9q-le)a\s\X>\{Ѝ2\\\ZU\\-@5\^\"\rS\\+\8ثAY\Z_\\-/\\0\"H(Ũ-ln\i\rKE\\\0\!^%\i\_̨f\'L\^rڪ@\\־f\j\rw\4R/(:ز\\_\\ζj4\\\\*`!1\V\2\\Z\(XBr~LJ 5} \0\Uh\\](\cr+[f\ZHĆ\ĲNBiC8\\`\@\a\N\=t\0\\S	\0q\na\LL,,Pʢ\\)KۈlHk(-Akr\U[]+UG-\1(\ڹXgo+\\"\0ڱ=\/\Ǩy%\0r([\Gԥ\\Th#Uav\D\\QKo\\a\)\lR%\n\0^F\e*\m\nV+\5\"\ie.FI\\@r卵RG?z4Wĸ(E\\\v0ʂ\?׽M	^\r\D0m\\"kpS{YG@\\{~O(h-\0\	_iA>.4¦\\&\Z@j@*R\'@e\4s̄zAWx\9\0\\/+\\7k/b\\ly\߱Pj\\\\n[U\c]]+PgGr\1\\\ \C\\L63\m\r5<1\\\e\\Eo\\#\DyP@{V\\\nj\Qq	x\%yXEP\xa\n\0+88UL\_,@oG\\\TlI\TKqMP\p\2\\\0􆠛mp\5p\\̿\\\+\n\3+ਡ8\+7\sQ\W\\:kYߗ_2\[pbU{\\+\n\0\,E\\\6\Xcfv\j\z:\)R\p\}p\P\1h\({q zF5\\Z\UiC(\0s\I^>#;\GJZ英\Pr\tV\\\_2޻T\n3Pc\Z\dL6\MS	Ի,8\{ƯA\'}\0F\\\v$\ǀj\J\aʖ\?/0@WT3\\/ȅGsq,(\\".\`L\Z_\nS\@\\0\ѕ\\rO\ڽ;@\x2\S\\\ژ\~\"0:԰:md?\3G35?\!!0\_XѮ;K2\\\2\0\%-Y@ =\\\Q\\TC\\3dIql_8F\"\%\:\Y\X΢b\\\ŷE_\\\c[i \\C\"7\iP\P*K=?1\?@Q\\,\n\\0$\(\n-\˓#X0\`o?v˙F˂\]=G\VX\dc\1uD\\\}_p\/\Dڝad󉸨WMU)\`\.\ub\"\uZ9b\!,5\3W\\oȩ\\ƅ\Nz\vR5j	\'KZ~ \y\0qR6$dE\QFjl>!ܢt\U\\0v\\\\\\{IF\E1$\n\UL,PX1\XP(T=D\a\nxx\\\8?\"w2]\	J\Z\\T֔-0Q_\Z \z\\\\|\rPv*uǬ\ZL.\BCj\n\\\w!U9la\(\{6av\\'ly\E\\\\\08f&\(˭x_\N{ \ K\\r\ \ӈ4|\0\\hB\Jƙ?zƴ,([ @\ñ\嬋v\06C^7\0o\\x\\?\\nʹNg\"5@\,]xPt\7Է\0S_LM9bq\Z@~\\f\r9\̞aknOr\\\u\č\4:yh\c%oQhA\R\\G\Z^\8\u\0(iso\614ܧr\Υ`6Šc\-O\:\"\KIA3y@k1ڴQWm\n%\@haE\"\n\\0ryWTFʁ\*@l\j2G&\6?$\pU5\1eއ㘰J\0l\ \r\*\슬߸\L\%*\r\Z,_Ԯ$\[ \\\YO\]\\\-\\wn*\",\\cv\Tw\\Qe\ŗ7h Fx\Y+\߸\.os.\:Ѵ90 +T\90k\rd\p\3{\\kD:(E8ꥱ-טӐ8\͸\B\:E*\^cD\Z\p\h73\M\\z6\S_\n\\q\\\_\\98&n\\rIZ!P\\|\D,e\!\Ab,S\V\EYr\\23\\lb\\r\XL]\X\"\\\\L8\\#l+A\Yd\L\ꫥ\.ֵr	`m\#\iC3j;\z ůbr\\Ua\	M麶#\mv\kZ<\\:\\C%2>c!Bj	<Ҡ$\\00\Fl\0̪4\\\`\pj%*.Fp\ۜ\V\\Cu/\\\\#@\n/C\\`[\2\E\-ï5Z~a\[J7|0Ǵ\"\TꝬ`ƀ?R\\n\#\Cf4i\0!\l%)(L\Z\\nM\\Z`\x\MD\1\-F\\\+]8;=:\b,Z5\\n{<5\t<H\!\\?EE#\x%<\	fbF\F\r}AΠ@\؁d[s\{5t;\\,~XiSd6L~剠\L˟\P1[\%vL\\\\nUKDxxuڍ?5/\A\nҹ͹[y;\0\_{O]-K$Me\x}l\Qt\\\\+ɚ7+`;r\ܻR\h,kQ\0\_;&p\0ݷW\0QB\?\U\]}D\l\X\\t\ɒK\b\n\"w-\gj\\0cD\\;\Ypm\\ީ\N\i\5/\\N5n\@\\n;V\c\AfȬGM2\mL(8\\v	Ee\5\0f!2\\@vyQ\SVS|\cV\+m;\0\\\\0\6_l\h<0},E\\_/X	\4\03M3_3cTC@y\.{e\r5/\BWa\×\|C\UĶƮ_=\\Z\_jS\"?\\v\\GT2_}LQsZ\cM8o!GK(.V.,g\<Aÿ̰\8\HWhS>#Wn\6ƴWWc\\\0E\1\,R\nM=s1\B<\86\\\\pd%QȪ\qZK|\tD\Sa\"\"\Nc\,\0S\"\\k\"7j*N&/<\\,%Y5\07(32(zRy\btnm\r>H7\\W\s~\X\V\j%}C \1R\N99O1 (eʈmĴ\P=T\\\i6ZnL-3(\rwq\eP\OQ\\rc\5t\ވΔ\2\xY]8B8=\@P\Z릹\0\0W\\\a\0 rNK\I\(YLb>PJQ@\#AX\Pָ^)z,\VFk`V\>^\\\ުJ\qZ9*/-x\_\\#N\_@h\.4\e\x< +L:<\\F\\nĘ&k\0Q\O?0\\{\\b+2\\C@yF+Rݭs;\\\4,ӌVΆ\$\ߪUCAmcv\Z\Y.\\4l\F\0\d\d@lz聪\YҚ\Y5\b?\0ڎ\\N?7r7Z\\ܱ\00!+K\`w]Q\\05\\i<Ƴg/\/\\\\0\\(\Zs\0j\9=Z\RM\\si|C\0=<g-Xp\,\K\}DÓ3\0Tm\>`싐\\dreBu0\3\0\\GP\`Wn\&\>TN%jՔ\\2TO\MS[!\0.NR\]\\\\><@\ʴaRqŽ~\'s\r\p\̵w7x\"@b/\9pcAAV.za/\t\\n;\\F\\\\X\r@e47Oԯf\\P&֯\\0qE=\\rW6ʭ\m5{xăhsp9^#rT\gd-P\c-1\)U\qoJ*b`)\!Ż֙\ZĘZ\\A)d34e\\\^-f5\wwd\K\]@\t8Д++*Xotmj$\_pӵ:-]\8\u!r[V\i\\bPNQ؝̮亨\\م\Hy\\*^* \-(.wYf\, \A+BEPAEH\378\1~4lK1]RUjwU\Y+_P}Z\+9rs\0\Q\\\'k\\Y{(\ի;R\)A\n\*:\\\@7Ty\\\]ʎm\o:2{B\r\.7\n\\h^?\lF\\rx9E\4%\Ee\{ġ2%Lm.]uH\e\׷*-G\\ZƵ\EE\g07*$\\b\	\\\i|eJ\n;d\\bv\rqob%\n\>ʂ4wcR\\\O\0^@_~%\	CO\0\0!cW\c\`i\x.7\\\֝Bz,QJ1dN˸1cw\\?/\,-}$ȫ/p%@.8j\74\AÆ:|\%=x\\2X8\\,+\\ m\c\07z@URP\\m)\\\0.CJ͇D\\\pѦ\\\IϘF[ra@\"]5.l\\r\\\\O<*\HXn\kt\JZ\e{\\r61s\00:FÛi,Hdq\0*,Z\s\\\\0\dǖ)7:\\\B/-ѮE`/<>@n8l9S\+$2\\\\5*l[ic^@Or\\'f\(x\dBf̮\\ ]ăH\0nsD\n]yF\\\Rͻ\q7\WZ\\4\-T՝b\0\\2\K@\\n\\KIJv\vX\\D\\ǛG\UH<\"\\Z[,C&x\rf,>1.\n\r^Y\\\ǌ;>G]\S\Xj3+vM.[5\E\:\|\"S64WLhQ\\\r庁#j\qQ!\\l\\)B$\\p\00F5\n!\Ͽ\jQ*0Ń/ĚS*Aa^ZH+D	AL.\\SH0w.Dic\5\k\\\4>#N\\U\/\rY-Aމ	Av!o\0`\ߊ*ZD\r:l.w\0\rͯ\ǀ4rͰ 876r>`4?\\ R*?\|^ee\6@]C\\"\6=b[Jt4.=+wU\ay\w/\J\\\!@oH4U\bYn#\q\\9XpJo\I\0ԶnR#2X\\dS<FB\Y\Z	\ۂ+\4\\\0\Z3)IvU8ҜY+V\ٚq	u}\rnpX+4Z\yե\\s.F\o	n\zڀ8&@\|Eul\q\\n|\Zқ\6P.㻊4*_KbӺ\\P^\\\\\\h;n;+B\\\2U\f(JS[EkH V8\\ZjM`<~#\s)\M˘ m{{`DI\Z{/ݜ\DzXĺ\"=kP\q52\ܣ\9\\< 0K4eg\\\\nK\ԯ62GXՐH\\e\\q>K\\䆂ƽ߸:&8\\&\\@vdg\\\j1M\1@Z\t@\հ(\r\4ToϏ\*j[xG\\%dH\\{&a\rAVĥq\\p[R\nX\lC .\C/e(+NR\tŹZn[j,k`\9,\\rW_1a\{h\}Wr\Z\Z\C і\\7~ 1TÍFbY?mb\z\vV+\\\nr:lam*UU_J\y{\9\]LUn9`d;y4C\'OC)\\#Q%W-hY;\Z R33\EZ؊\Dy|\\Zwy\1vG\ӷ\\pҀ\MW2\r\'\\E\\m\Czrm\5\\\\\B R\n\\6	Z\\\\FS#􇇂㹸u\])U7ƕ\05\^8H\*S\"\\K\\7Z9;ptC-\\\\\<n&:z&7u\\0[Xd\Hk\k\\\Q\p04r\V\~b\>\{c7*ۘE,\\n\\~ew8a\\\W\`𢧱|Lhev[v2W[¹\lŞ沯<yu\g@\k/Rsf\"ؗg\bj\\m\ab\\+6A\\L\\\٘\#6fb\r\f(\0\93(\\+}\J-\Y\\\.P\k\MBuFLU˂_\yw#\\J\`F]-`\\GG\n/lؽ\a\VÌuq\c㏖\\\\7}J\QA\;V\\0P\\;9Xƀ⎙Gtש,88(\'œ0,\j;|F@a\]+<\0y>^} \x\(0^]&_%Ur\_z48\\#QDATb\֡\.ɵuF\\mu=n<ܿ\rZq-2.\pZ\A%đ,̝\ѩmE@&l1\U4[Կo#A.`_M_wb\VZ^za\\\j\0䳞s\j\1_Qu:\\l_U[B\vz+Q\n)\v\'$qx_[elk\\\061u1U>רyb4.\\\"w4\\~\0U}7\9\\\rĀ\uņf*Jqlr[L\DC䖭\\/\n\\+\j1P6\\-\n\|\dX\v\c/ϸ\_%FAj\nE\\s\0j|瞥9%\\W\N<@\ƃY\0Л֗\0 3E\0\\;2@\ZQw#\0.:a\$7M;cԭ.LƸW8L)5|\](dۘ\sNV,ֹ`˟a\r*\E\ e\8v؇b\Z\㑕eEm\\Z va%\egxs.\bW\.ᶂ8\*\\WRQ.SP\dM\P~sH\~C~9̪(r֏p\\W=Uk\g?z \˾-5\2\'\neգ	;\\\bL\AZ\V(V\\e(`UrPjs\X/\	c5PRM;Z\\vp\Z`bUZ]Q\qQǅ\\i#jұH\l{qzu\K\*tʉPvy/1tP_\XU\\\\s\6\1\jV\H`Y´3\S`6,\h\\kIz8xfT\\Zٷ\,kf\hꕳ	ĥ7\\0\\ZӃ|`\fY\W\9\0+|W\zs\Cw<t \5\g\ذ>aje{3!6?*d-\(\SƋ2&&8BaDCki6/\\+8?FX\\J\v<\\`tN\\Ƶ0ZͰ\;N\\\ykq,:\HyчuL)5B\v\D\"3\n\n\|\ҋYr<\W\qR/B3F*d:\e4^f\\\D\\w\0FBY؟\\I\Ԉ7\0\\r\.Yal[E%Ni\\M\[\\\jܟq/#`\_\n(\z>\TѯD^5^UQh\\,;\[@\0\C~&^\q\0Sv\ػ\]B\\|\QHf\x\>s>\\wj/Ǩ\GoT\'\\o{a\*+u\2\0n\>l\PI.V\eAY\oV\.\\0 <|\eӧN	EGW\zk;:a6\2\\D6b=\070wk(`,cJF\5G1p)\\ap`_u)EՕ.\\\4E\\L`!5Դ搟6Z\T\2\:c\b\A\F\6\}\`[\\(2<f!\n;2N\q\\\\\ԸtDv//Nu\r(\s\\;\gMC\e@\\t7*.\t\\L\\\\Iv-}\,l\VT=&[ 7\AB\ޡڱ\S^$tVh\0\\&\Y2h\9!e\\\\+j\a\K6-b\U\\\0S6.\:X15\ޢ\ôZ\nYK9\pP3\RBeW\rɸ\\AXaj\7Q\36\\ӎUto\\T\nJ\2cC\r&\Xm;1O&x1\0\F\C\XԔ-חGQ\\	u۲\\3l*U\+\rCG~E7˪X\P:\nw\~&<D\\\"\$n\\Ѻ\J0)r\c\\%F}\\Qq^~[\/Q(f\E\YE\LPV\\$r\s斆\?pUᵍ}B\\n\0\HV!@wbmm?h&ڰ0\\\EUfL\~\F*/ӈ(\VB6)CVa\9fC5.\\\4A&bw#Z\yԾ\\})ʕ\0ΈY;H\\!J\Z\:\n\V\f[_p\"Ȝ?L\\P^	[K\c(]\UC\\'_\6\ueP\j\m\nߓ\0|5,z\\\]\]\\R\a^ڿG>8lA\3`R\Q\'td596f\\r\\ Sq͙nM8B3\bwwGVq0=G\\r\\\\Y!Nj;Usf\\l7ֺ#`]A3dxҋ\n\9Ӄ2\r\K\ӯ~R\\\\t\v1Ja]\\Pߥĉv.\{5\OJG\.GF+9\\\Ca[;tT\aAV/V\rn1,\0bYHP\%U\)\\\w\\{^K\ݔB\J\\<\c@A)h6U\b\U\jZPe\g\\Au\\ޅT\"J3m\\Z$uOD\~=rP\r\ZH\la\r+tpf/T\@\0\zm\\j11\\U6,1TD!\\b\&\ZR\ɉ,\\PՔ\jV+iRh\nC&\a\?V^[\l*\5wA\V\\@xLP*\\\r#pwG)W,Ƞɱ\,,VPE\L1	\=\4[\Q\\\\"8`1,ᥥ<5	9|.!/zws\b\iy\\\S\XCb͞\"ݜ{EwO3:\D/E$̍\[\\9\2ԨO\\Y\3-\?w\ZSNNewF\X\'0\+o\\n\Pխq\n\\\\	]\@艰2\\\:ne2<\\э\\\rdtWJGx=\(\J3\\0PX\d\"\DUY\VfӉQ\rK\Cs\\\a\Ae\0\&\ei7L\r[\z\'`ZM2\w6\\:\ބ7IS4ieZ&\\xw.zT_,\\h\_\gq\!RPٌ\\Z(ضYjK\u++EȬt\\F\\ZIs48\n\\9k> \\[\J\n\YK\?\@r^^na\!P򸽑ddiso36\K\Rz\"T5feG+A\+1x%\t_8+΂g\Z\\XIi\\08\\\PR\\>`\\$	_o7N\g\h\r\䨢\Aa\\\Cu\\XK(ՒV\\IL`Yx\0f>;-\\\\%e\e_P56a>b/E!\\\S\\\f\Z\zڌU\\n,g\6Û5	5r\E1\S\A5\\LR6A\n\>\\=C\0\0m\QhlĆZn\F\tCgo^P8YZ`\nw\&g\\T\Z0E\\n#\Qi\2s\g!\F\YoC1).P-9\]\Fm WE\R.%\ש\\.T\\@0\q\Udn^\n\\Mpm\\&ט,\x\0\n\0\tb\7G\^f\\TsX\	P\nC,Z_#K\q,*\\\Z.\rgx\gQ9{C\00BUEa\\`\cBQ\r\n\9Ɔj\T\2}\CX\f\j\CM<\7JT]l\[w\"\}\nanʘhy\\\ޘ\Z,\\	N\r\Hp\m>\7`{6xu\M\Z&p*\nsO!#pIʩ[1\q\sQ[N3g:VCa\%-\7@W~Ȣ\S9Z%\sDc\nZ(\\5\\r\\БmS8\\\$qJ&ƆJO4c\\xXR\p\\\Ajy\\jYK\\Pp.\3\@	O\&\\j;.CE˻їo~wXsp~}\U=?\"2\i<=0\j{\n0~%`\n\0\cR\ƉV,]-\\\\\0\b`oӈ\\@\I\\"7\$\Me\]%̡W\nSY|rh\1\[&\Q\WSy\5+\!f\ωyr\*qÍt<~\/Vo9]\̯?\\Z2\Zx\6x(x\U(q|\\1TLEe)\\\a^AT6^*bƒ\U\]0\6(\\!9_\#Ѝ\n\U\\+\ZήU\.\m.Ȣ\\æ/\G)s²CMK0[\dm!\˾[ۍ\ug0F>=\\6i^eNЂ-~R[\e\0\\3B\ =\c&*\n77\ۼo\'n\\/R\IY(g-\n\\lHɽO\ՆWf[\E\\\q\9>\P~+\\\.\/\0P\чM1xk\\\u.iׯ<\\BSЫ\Z\(Ի\rdķ&_W|\[#bԅ,\n\UL_P]\\\\@տ\hV۾\:+k\c|T\Q\\\\'~bgjQ(7\\\y\\\\.t\чpC\G!exe\#4]+Ԫ\R\@R\\0#9\\E\&-W;Ll\0{\T\r@_\!ST\w\\EZ\p\&)qw\Xp ?\Ӓ&`\\\xEZڻ>!J\RWC\rF+M3a˨R3u(lR*\\\7+OL(T\<zHZ\+\b`u\&\"t\n0= ,ubhj]\\9V+,\2\\+\\JB%pKD}\a\\Ī\u\pCOxUc/\B\ Z% ų;\\{\\\\7)aW׽\e2E|l戾@^\ZfSz`\t\G,!\P\\vJu]*Upǵ}D0G#l̾\y\Ch\D\l5V7\͞\PW&{Z%LXBi\B%\n\:ƥ9YئķxM[\V\00\3Z9b\\:\\\ru\tT\U`U\i8h+\\QOI{P\n\0-\^Us+B\@?\\4lۢ/\s\w\쮷*\T.!bWxD/1L+|[	[;f^\\n\M<\\0\>5e\0\tJzZ\G`s\\;\g\']\w0z>ۜ۞\@K+Q\@Ѽ\;\a\\n\:\t\]\V׎\\Nf\\w\6~%O%%WZ3\$\7\s\\\m\&h\\n\n|\\\JJ6\0Xrpkn|U7\BQV cUp\NˋZ\\ZPUE|\\\2\0b/vp*qYWz:\QY\UE\r\!\"܄\UwJ\l\D\Yz{~ؠ6pMs\\yJd\\D\BՎ(J\\5\\3\\n9\\eij/V1V\4?C\_Qy,\\\w:\d;)Z\|li	\05r\*Ƴ7\mw\,kJ|;(\\7!á\\\PF\ǠC\\\Dc\5#â\rMƎ\P\\26Ks20\o\$XaK\i)w[\a\CG븉\h%!\UW\cs2\5aEJ\n\0l\48J\\QFc\Uu!\\0th`\/EŜyY	\0\\\na?,$\"\7\huSX\̀_DPWC|\\H\\n\\E\\nVAF\G\{\\jY\\r\Ɨ}Q\"\u\qa\	&eg\heDX@\\\h!MXH~`\$\>3d\UbDkiStt\c+ JN\\6o~\G_lÐ\\\ZJK*\T+\\\Z#\\Zd\o\%\wIaC\0@S\\\r\^\l9PkİpZ\\r\\n.\/&\\\\n\2@(2\H(c\"$k\~*48 \\n,4ű(0,\_Q\:l)\g\\?@j\\0t1dkӨ{\\9b\\]\펼\N\C\1E[2vX!\=7n\\r2SW{<gJ\zdr\T\\8 \p0^{\,\\/0V5x4DZM\^ؗ8袀\l\y|B \|\nV\\jA\3\U\kr̤\\G0q\\\Sk\0\\kѐ\\\fh\ay!\pS.4PE\!}\% \0*U\+\Zz\h>e`Y-`!E\\.o\\B\\0D%.!\\.h6_PpWqk\T\0Ŵ:\	)\\U\٠\n&u-r\0S`\\\I\\6\\2pӧG\P\%\`;`Yg{Svjv龨\+mE,3\0lJ\/Egy3\\\^LG-\6\	V=\AJ埨\\,e}2sP׎ͼ!\PtB;7@H2,m8Z/mMv\n+kOm\rU<D`_rSPVlhs\Qsg[&\ud|˴\Q\\0p,r6(iu;7ulf譸[\z4Z\\Eq`\0-\ۈk\ě\[vd\\0\CU\\\\I\/)w\\7͙\}+\,[Xס,1,P[k~ \SkJ\W\n/-١\P ǫY_Mj?zj\\\0\Or\q,#5Tj1f@fH\\\Ai\B\\˒[\%\+k	M\\7\;\I\ο=\ѫ`&|ke\V\\\\\\/J׸\>`b[o\xlC\\Z\\Y)B<\|A%Z(&\r\Nщr0v\%\u|5\&VC\רlX>}\\)Vy\KZushz7\r4\'xh\,Ț7R9nAwa׈	i=\R\\E\έ\!_p\l(1\\\*e@_Sݕ\-sJnN8\r\}Dti\vCQ\@O&DAt\d\>\\S \n\E懴^\{*n\h,:`o4>\c BaZz*z\\nU|\}\M\ܙU_hCB>X\\qc\0<K	rA*\\R\\0^3uq\UP\S&/2ŬE`B\V\DWlN%:\Z\\\K0ъ%7m9\wb\.RQ˧S\-[T\F \;4q\56uE4T\\9itJqEEx\GUNF}x\wlmu*\nZǄ*WG1\k\\\0\-D\2Ĵk\ZTAF\P2¡4\!/?zu\r\G\0bf	G\\,v`3S[-n\Zj\r\\Z<\W$V\\ZS\\ٗzړ\\g.b{\s FEn\n(ķD\si\~\05\\l,\ZZ\AH\\\\Y\9\B6\Ky́\Za:\+s% %\n=GJf}\\r\\\-:>e>Ln6<oƮ3)o\n)8o\4P51o\h8LE4N\b\0Z̀Gh\5\Ze^\\"\\oq7)}C\n\n\n\M2\"5qp.\\q޺Bܞ}*ԗs@ ፵\SV6+R>#\\҅\oX\G\B\ܙ?\a4\K\)\n\^\"\-\?!\Z`X\}ˋ\̤.A\ZAj\b樖\0\Yo\\Qh?LBҾ`|E)7\0\\l[\-\pk7̵ny^x</\\\0PpCPL\4\'_\T\ʈyAin/5F\0\ָ`\\\ipw\PE]P\r0\Ár\\5Y Q\Z3k+\r\G\^^ۼks\\\\\R\\Vs\l\Z\BԹ\qJ\\7\ǩ\n@+\Z )fJy\\\\\\:䈷9\ZÖ\\ER\WB e\t-Xeչ!HK*\+Բ\0\r\iW.̻;\ϸ\\*Өeapk0r\y+iY\m1\@H\n\\D\]0\z\\_\*\Kô\W	4\\+jտ(\|EޱTGE|ͧ\Z=\ZFDl6\\'娡\\T=\r%\c\qe0S\j\\OӗǷ33\C\vf\Z,-@F55뎮\,1:(\\,A\\\0ǘ\\@]~G~)n1_\V:\l\"]y\l\8ο\yr(h\0Hjd	\\].EץO(\F%ź\W\.9[NaK^\5!\x|Cl\F*\\r\}\l\'k\]@\Z\ܣn`bNoL6%\3\nle`L)GfKK\dk&\eq\fl\2\3\"Lqk.D\\Ɍ̒Pc!P\\\0qzqH\k\\0r|\"\\{\\\"U\U\<̴R˖`\rc\\sYs#L\&P\ó7r\2\\\\ZPӏ\n\Qog\	!r\]F\Y\1q:\⠠+2\C2m\\2<x\dwAИ/{\0\Ն.\"\n<\\8w큻p-\!\"U`279\,GV)O\'_r\|\~,QN}Enp\ \\c\0Z2k\ӿ\1\n3	$\U\[X;L M[tF\G\.4\\r\h\l\K@k}J:\\\\\:\"*\춇2\r\y\Z5xp\G&a^봴\2\\/P\K\0\\vl)\pZ\S0*\nP\\B\\2Ee\ʼӘ^ݪ\"Q\@\\fn\rhai\n=?3\"BÚ\\9;\E(sL]:ac>0cf\~\\y\%5XG\Te\nU\wd-C#\|QYܡ\k;\\\޻\z@QX`\\\(TO4@`HT\kd\`\S\c\r\\z\`\^\"\\0r%T	7\|\0-ţ;C2:%JY+-0\b\f\ MC\05\OAy05\wt\r$2ɂ\\0~eD\XZ@y\;\x;\cnFԷ)\]\Kd\*\?|ڀRiU$m=ψVƾ\i\^\a\\K73,]nCxxk\3.L^P/h\v\\0cQ\]h,\xw\\S\Hwa9 \a`JDc\.*\n\c\-\V\۶8XIM\!.C\rBp\;\"Sg{#?O8os(qqJ\QYt0(\x\<+3\0PBi\0w\mY\`A@\\\"\rҰ	\V\\l\\rEDZ\pA\0ٻ\[m\0n\0\\(-\\l!L\v|¬Y^\\r\\0m2\\\$n\Z8\y?\4\$E[\{Û\sbQ(4.4J\\WY G\<-l\D\0\\d\{kzӹZ\\d\I ۟EZ#0\\qTq~\`\rţMܙ_b\0\nrZ/1xq\Z\v%<i\\lٔ\9\\\(׎R.> N-\0\\\\X\μ\KR\04\\&I \n(<W׽\\Ua\\b\\j9\0\yH<\ƱU\\xL\Pdd\Z\0\,\"J#\0ʃ\\1Vy,*Uy=\Pr\W\+\j\05\\DIzߛΉcXĴ^㕻ore;\̤\r\*X\֊:Zs\Q*\*,W/\0\z\=\\61k.bbHQ\!Y9ikm#,y\\\\Z~	M\"ٺw\Z\\dx\Tt+\\ΣW2\	*>777lsUtJ5rYq\"\\ria|\\0\/(\|CZF\)kN~fAPme6\\r]SNp@\}-Ag\\ZB8h\0\\MI@ڡeW!}4\8\D f\\T\\0,<\NgON\\\\r%.\_\\5\y p\ZL\	4&+@5\P\\	I\$\"3\3rtG9Eټ.9;<\nI\\\n\Z\\\BX:\*A\xdR*\\\}T\%	sH\!T\\\+V`.֌6m\j\Z,\K\)\&f\nsW_2ݔ[Yn$Wg7\8@\aUy\P&u`\\Z\Zo\\]O֪\%a\&ڛMj8u\\0QjUNڮ\ʤ:}n]dҲ\&]\%39-\b\U0[x2\@I\\fT=n>\2ˠŹ\Z\\\/\Z\f\lB-\U\`@ 9\\CN:\r/\\\&M\\ZE\\\c\00%4\\C\E.%xÖev\e \\r\p6\\^؋\VZc~%\0﹉k\\\\\\0vGq\\\\rN\fޭM\\A,c4S\\\c븨\^\&\e{N\"ג\\!\Zc\Bk1-\}\+uң|j!MӆWOg\qF\0X<sًW\^PL)ij\7\z\\	L0\K\0\n\z-D9i\F\\G\@\lP\~\:g๞\\k{D\r0M4^h\\\h)ѩ\rJ6a\6&$9n\n\\edeEƸ,\r@&\V\Z\\A3w\0UUC\{Я\|T\-gT9~m6U\6V#s&\\\r\ (Dg=qiC@偤\004ftmz^[e\\\\\'|M\;cFxA*9\\\\r\s\0Ԣ0i\,J`\x\Y\Df%1\\	f\Z`Ծtu2L\\0q\Zx}AA|ˌ\\a\+{\[èz\K%\Z\x[Z\\\wţ\(FV\x`*z̨A!BŮ-\0ҸL^\\Ybw\MDP\j\ʂ?\\BA-\_)\\f9\c\k/J\\e0n^\\V\\\\ZE\%U\ĠĮc7\.\,(Us)~\\4\_&\C\HܥP\\p\_\8Sh\z\ݐp)|\\BՕl\P\r\\2nQlm^\i\*p0m*01ᡵ\\TqXˈbʹ؂\\`1p;:>/aia]gwO\S}T`\͇\̻@:_\nq\mt֠\\e_Tqr0\c^\tDm7\[(+\\\\\0sb߹R*(aZuV\0L~I_ܨX%\`,\,Ǚ\nnZ\\KHv\7E\33n\\\jQfub_E\\Qj\!KlQm\e\ZLF-\\\sM2\\\T\\\]\6BW\&\\ZTt5l*,,\H\rmoU\@T\+&\Z\\0\dFov\/uX\<cdERRE/_ڔK\7\rbE\p\oB,-J\0s~\X\0(+\Sx~bRkD\A\Q*2˅b\?:T\n\\ N0ur\\qyxp\\\t6Aˉ\\UY,J\ZqHk]ȩY\o\\rqXa\ϽK\0Qe\nPƷ\$%T\UܻNQE/.}\ST\e\LXUJ\5i/(\\\\qHG	2\B\?ۅ+| \y	Ձ*F\ZE\W`7o\\\%\UyZvL1BVyE&3\ӶB5N{F\\0%kQP{6\#oEC+5)mN_M\O.	vð؀\\v\ҠЮx\aIT\`	Qf\qs\BĬ.ԭdZ\\?\R9AN\\\\k*T\]Kx\ϙ\E\H\\\\0\rQ\/#-;e\\?\YiV*,EV\^S\pg(@\KA3U֜KY\xX/09#VB(&눬Q\f%*F6uh)OcrT\Z\n.\a=(\Zmnz`YR\jxR\\\Z\\a}=\t\RSX\\\7\\m\A@+\\n8\#؊KSur&i)J i6!m_\+;,\=nO\),6\YSA&@w9w5lB\.S4\0\v)P\f\s\G\0/c>\=\Lg{/\{\\7O,_i0\dua%\\#B\\"r\ĨB\4C6sv\\s\\r\GSM\nD3[r#\\~iO\\̷`E\K/e\ᐉ\s\0:\KD\&\\\X)@<я\\UQ\=̓ukGH]\2H\9\\\ɹk?Q&*R[u]rƮSmCYa\0mlOKy\\mI0__\C\ZV\ZJ%\j%=\Zؾe&\\R\Xѹe?\D\X_}\nb4;٣G:騉iV\0EJ\AG%|\N\\rHe\\z=jM\&cz\ ת\,*\C1\\\\\r+\Uճ\:\0߈7m \r`\ϸFsPJ_\b\4_@HC\+\Qҕa\n\\מ :͌n\0ְwG\\\\\Z\k/r\bs^\#\ (C\"\\\U@  o\ո#T\g\69\\0\@iPq\`+QHim}\CH\F.S3%b(\B`r\"\8l\0joP!0\j\/NoRǔ-\/H!\#\	\\n\@;Զ\\ˈ˫^\a\L\d\nK\Z\\n\l	T\Lol9Cٳ\\Y߸,+e\Lx+t+\\M\k\ʁ!yK\\F\+\ǘK\\0!\Te:\Jcb]\rJw(R*U{&]lSW\h\Ӣ 0ʃ0Мn+\d\ǨC4U\cjaD\\[\U2\\\x6@l\0p2M\P]ycZ]zVkr\\\t{}B#D\ ~ئk	\KP\g\\0R\%GD周ۖ>,\"JʯLx<\"dm\ԾTp|?\NS.n!-\\1Pn\BQ}Py̳\˿On}U;@J\G.u\`%џ\+\\\\\X\0z\|͔Jڗ\1ai|<D;B\Zխ8\\\]6\\\)\Ni\\\\`k2\A\5iP\F\\@XVt?qeџ\P\_U0\"Q\0\UEY9`\nXzA\0HS0Eu&卭踫\Ue,c\\|TYe=Ct\\"\@\Z\B\fUU\\bP\[\r4\11Nk9)\zZM~D\\@\QB\J Ĩ|Q]\\Xyx̳kP@\nhsR\\×u\rϪ\\?H[eXO\r،b\\0E\ע2y%BV\\0\\/P\-\07)AP\j>2h>pG0\\J\]>\n,\a\v\\\DPc#H>\@q\ZdCDY%B\Ć*!(bxS\R\KVYl18!\\\\0\uC\eoo\5\'fdr)̧,2҉M*_\@,Hu\\ggA;!p~\$)T12q⭁\\LO.\\"%$dV|z0\A,5\\\L\wEܹh#J\5\\"iM閼\-\f\\[L*	3 J+gyd\\)Xw\lU\5x+ʌ\Z\\\}\!{\\-UK(m\D-u\\m\s\eƱЪqechk\Q9N\S\r\+;\`4Ӏ6j\4peii\?\\\J*5JQ2f]_F\./\j>Q\qq\ϸثn:\[#sN\n^|\X[J\\j\D7\\\\\c\\\M5,\2\#&\a*w-\\\ˊ\BָtU\n0\nr\0,0%\J3\i׼e8\eVu[w[oYnbh\(\Z+%8˘ְĦ|f|\j\.4hZ<#\ZTMoe\\̀cq9>\\\0Э3Yk\ų%]\\\a2\\\q\~bce\/l*ו\\0\\'9p-\rL\ҍd\ZK.N}b>\0R~\"y?R\dF\0Uh\r\G\h%\Z\\`x,<\\Z\\Zm\R\mХ5,E#\\\-\r2F#\\\\\[QrJE\pJg<7:\n\\\\ u΢*kT]\\5&q5 ?\'\\0\Q\ZE[2P-\/_6UDfྙޱ\"\\Amfj|4r3	+Ȳ\i	Fiucpy.@=\&\(	}L\\ŪS0\\c^\"\\\\\\(g&\\ P+P\\h6\w\\\m\U kp)M<,q^\s%\\<\\\Z\n\<\n׀\\Nf\&\r_8p \\0\rg\\ؠo\\n.\\[:ƅF,\0DK\\"\k#(\@q\!|2vy|\0q\b\A%pzycc5%\b\:\\j@OX:\uEJ\w#*n\TRMs\0\0o2KL\\4\\>\5,ωz\"B\(\0vjh-٨ ,\r\)=˒f^\nS\vt:\rD\`и7l2휲\\ҭ2 y\Ũ\\"	+\'P\=E\יM/\x\\?\s,(NN\c\13?>s\\t\\5f\0\[<\h>!J\j\HC\0\VeSju/\;FWBSa)%\/\\^t%\l\nV#v\n\7\8\\\rM۠\\YK+\\Q\Ԣ\y\\\'*\\Ezf\ܵp\\Ou9j\\%[\w\9\^}\M+\̪\0\Lu\\J.ڻbjh-A. )\\0ȅ5Ԭ\n\\X\K\0p\4[bB-_r\\v8>Fc,l^\][\n\T+X\\\J	D,zn \R;\,|Ǫ\ĹJ\'\5~Yrnr[(\ԯ\#\\\\\LZɍBB$ҨlA69\x\@2\\`0\\0KQ(0m\'\$:\gp\	\\hV\\nH\o\n\"f\\r`!zԻY3C\nŏC\9GQ\\\\)\;\.V:\\\5\\\\f\\fB\4x%&mk\\n\"ܘGY*\,sX#T\g\z\0,p6ʉ&5yu\V\һ\ڑ\U`Ȉ\\0dB,Hu\R4\0+yWq̪\Ǫ*_;B1\CZx[\j%\\懛HJ\mYT\'8\Ʈ\5m\n.\\0A\'0W\\w\Ni\HOrK%W\\#V\wVµf\\$@)s/&J\,f\rB!\\\X\t<\*\V=\9!}2za\\uR1@,O+|}\Ŋm\\\(\\VEX6*Y}K\\nDmZ\\,\\\\PYS,tE\0\Z3wVs\!F\\8\rSU*\\GY~D4F\\ZKt\$o\)2\ρ;,(\ V\\UP\Z\9 4bbpD\\ӟn\"eA\\\n.ЏVV\+ܰK\Zb.\\	\r^\p\T,q~w\\0\\ah\o\qlJR	@С\r\!\-j\@\\4̦\E\\GEi\xrj\\l\տQ:\0\\\.O,<C\\1\\FJ?\{t ^؍\Z42\y9\0]\86\5\Z#v\Z8VP\\S!ܡ,\ቇ)C\\z8`\.1\Z>\':F\V	ӿ\H\nvٸ\Y<DB\\ty&\_:D\\K{#wG\'RZU6\$kB0\X\6We;눔3Df\r\D!d\rӱ\0Q,S/_e0,mj_XJ\6\V=͐/3Z$V\k\\Z1\k\)\\Zg$7a0+Umb\4[s\\8J\|C\ر4D\<d!pq\ѧ	\0ɀa\fRg\$	\W?ľZ\.. DN0\Pᾠ\#\Xvs͘[\Bس8S\Ԩuy,8*Loă\}BQ(}&\r\0/>R\ɩc&ͥ\0\\\\\Y	\"\\nb4\\	Z}umrf\վ\"U +^h>\"%If[j\0r+`O#2\.\\Wf0\\4s\+\g\(/\\F\\TSj\Z͐b\\ClB\*U:\rp\0\+*p\*=%\ \r=\6\n-32?LR.F@P`y֠\'f\aQ\Dļ\TP-Xi\\\nE#\\T@W*U#a5\\"{ \\|y\&&\d\#\F;W\*ܬI\0l\\Z\g\>\0ˁ\#kXT	;v{-\fd\Yhc\Z\0]lB\0\\\?H_(v\\~ۢh\nj-\CP\076gW\]\\\;CUgp\\Q%\\TT\0Fa\h\DG1M-\rcS$M6\>\0U)\2L\n(M³!.m)\@\t/XPi\\̊c\ق\jV!\\Z\\r-\\\X\U;\\\Er\HŻd49!IL]\r\Fܽy%{\\a\@z!5,&y\ Yƃvc1#j 8ǈ0VV\w#q)b\Z\U**\"pB*N\4\b}\@\K\j\ne%r\xm\O\:Xk5+IH\\\F\\0Dn\\1&0\0\B\nTD\0\nTL\\n\\B\p\\%JtʢԵłkf\+\kP\\!9t*\h.U|*u\ZfhN\\\њ^bb\r1Ai̶\9i(Ɵ\\ݍ:Jc\r0U\8&vdf\\d0(d\\cw\9)ǒ%:+^\aaX+i\#̚ \nPQA\\勮\)\'M@T0C\Yt\\\/\\u.\\'*\rg\({MF`ή!p\#V\\\P+\GT:O69`\Zm+\qD\.\T?]W\n/\\bcv5\|J5eT\S> H`e\!!j44-\**c,,\q\`<FoYah\:hJw-M\\Ϙ\&\\Wķ#L\ε\\0\Z2=s\\ZyJ\l\0=\\06\SaaV\_d}P|T\	nQ\0iƿP\\0]*\0@py\\rF\XM\s# xbP b:4WQl\\\\/9y]\raȵpFIl\00\nC\\s\\\ \\IaTt\ݝ\uŪMZ\}BX%<z\n(3\2ZYKd\\Թ	j\M+4[Z⊸E#g\CCCq&Ītж\=\\\<SzQr\lJ\Z\&bҜ<u2\_Q[Mf\߉2t\GX,6|f`m͗\Vps\~ eUx\4h\\"UJ-\\!l``Q\6YBTકg\\\\r[X6F\\\,\ZG<g2AQ.\Z\\0\P\\\nDԥS5U䄙Ѵ\\/[\p\?Vmӏ\jj\>Azn\X)YnlU\h&\R@2`k\Ai\\"fm\ly\0f.ު	K\/IC\\\p]7)m\C\\y*\ED-0WI@D^x\\:,^&1s*\\0#bf0\.u\07!eR9b2Yᛈƀ\I\M\ms\"\8\0\a\\\>*6\\dx	gj\"*@V\:y]9C\ZP`\7C1YyA\¼j\1j\"\A(\\n(9L*%\$Ȱ\*X+*a\S:?CQp%x\\b	l`xq\if#F0c^_HQ>\\\TR\/\\gX\Z\vG۸RiūS殳\vȸԳyn\GsKRK\]\m_Լ\\\ x%P}@ZLvBK\\\؛R.ԩ\=V\SO5.F\{-\\mKsZ\^\U:\b)^eT5_ͪn1k\P:S&$4fQ(F	;\ai1QS{p2: \r{Z}F\\\_q;,lxSe\\aVج\x\\_E%PlYRٿ\0\'~\ld\'\!jF\;\"G:UZ\\B\.Z\efk{L	IA@MM\!tIM\®G\	atbN1\\m#ʗ+wgp@e\rSl\[\:V,8|Le\\_\'\I_E:7b\\'QHJ.ʮo\[`\:R\`*\8\@?~\,m\\\J\ߘ&U2T\`!Qt\8#d\^\UZg6Bo|{dY\\L#gK\\\\`\st.Rg1\`sH\6W]\UR\\0G^\-\\c|L\\^qG804 0M/S%*\ul*\#\`mP47YԳ1:@\m@Hɘ;	zZqjk.\\0fe\kƖ\W qoK\|K+edNf\n\GETA\0:J<ۘ\rK̢ܳ*ee\0\\\b	B\\le\Zz\\˶k\e\o,KcaۃI\E\)~5#\\\A\0P\$\h\\	\0[/*1ѻ,Up\	\p\2\oY2ݷ.\n\B\77QC-w\[!X0;.\+\,\LM/~Iч	Q7\\\ߗp1\\\\:uJmu\s`O/u*L/S#\1\4ىh\\Qm\\6z[0*\ruyK\\\\\rTدYߨF~csMM;\:0XrN1\\\pk8cɖݼ\Z:\\0u\r\J\\+P\nc\g-X\(\\\D\	\H%\9\I\}ibZ0Ţ\׊D\'Vӕ!]\F\d\\a\)8l\\06-Sg\n\@WP8;\0}\\Fw18M\6rEQ_X<1T*W\U,\} \ʓfn\ \Rj՜\7CRZr/Jlp1\rNø-2\:\:ؘ\J⿗1UC\"\Z[S\0aˠni_\@MUS$P)zVӛqQ\ng\\n.h+CИ\`\\Դ)\m@Q+90\u\0\n寘Q#hS2\\\[ֹB\g\[X|w5T5Nüj\iPC,QiVB\ht\@ J,k`\'ux\05\hdOEcr\0艪pk5\=eM\1[\4\ V¾N%ō踍\8TimEN\.\\Z	\ƪ\C\5;1\rqPed+\PuY\vhwA\\#vZo|\7S8wo\0ų\\\>1Pm\T\0pXo?\"\/:l$f5\$DꯖiZsu\G~\K\JT\0JeS7-\N&ޔ?\/6V{\\r\.H!p\:%اL+\\0WYeT;\oV\\,AJ\1-E\v@ h0gyry0M\\-\\\_>#5GB\\]\KKas\z\BC5\\&\nr}ڪ\\"\"~\\\r1\SN\\ImoP;~`\rS`\z8i<~`lR\*^.3WngG]̀(\\/(vc-ǕO2Y\?%]v\\\q\\b\`\0\\\,\ڠpfb\\ZHU:=꒮u\\,\\\;*;H$b0]f\0\0rȮX+Cl5Lq\Z\0{G@\0¼-\ZQ[\!Gvz\;\E>e{R Anr\H\Z4	{)?\T\\W`(\\\\Ss\0u\*\\\)u-\\k(=֥lM$\fZ\O@\^>\\#cܤ\-\9f\qĽ:1\?̴Z\`\0kum(v\8M\%cd\0\<xc²<ڊ0%wj8{	JY\r\0z\%o1\\\uS\N`\ى\J\3Z]\0zY^z\\ؚ.N\<«\t\tz\\6\M\"g\*.Z\cTcaɞz\pACe< \'ry\\b\tP\e\"6|}ðH:\0\Zo24\Z\"\[_%\-\0TCT#\x\^JrU`EOA\\V\sD-e\yvo1\w30\04p9\\n\K4~\s(q|\	\\:\fl^\`,!8\	\ovDhi\f^Gi^W}\Mgѧp\nd\jϘ\\X%o\\\Z\\2\\YpF\0`\P2M\6x\\\A)j/\\\\o@<\S\0C\!覨LD\M\k\6\y\Ͻ )\D\Ǩ\q8ug	Z+yku)L=u(kwK\JQi<Kk@oD|\0YX8.\Q|\\+\WaQ\\o:sB&!\9\l\{;@}LވhyU̍ɽu)\@ĚІ\\0U]_lh(T\n%yjaE\"}4y\>U4NSFؠ?Mzy\0\)\EN\"nĠ\\]\\PUH\}F*\\T(uH(\ܿJ\ޒmY\\\3WD\\pռ>5\Z5\IS\\0i+]\\gp\\`\V\\&s76so0\0\\L\\%\0(pʸ\ih_\ƅg\\"\\\m\\܊U\03dqzXFp\rf\D\Z;^QX|\\-\'v.I)]P\`^*cz*f@\LR \'0a\>\)̠4u_\@ZMs1R-A\\bZ0\U\`+\&V8ֺO1\oWXwB,A\7{\1a\H=e\ѾI!Q9%y#:+p\,W4;S\bZrڍ\\n\8zqx<\U\.\ڵ\0f#2^zGuQh_0R~\(.ܬ(\U|>}\z(\ᚤ\\\ae[-^|2no\!^A\"䪀\\@h3\YѪ\Ч<\0j\}ěTKL\e\h2\\\/<J5\\|\z?g*0\ua\\\L\L	\]U\@\\\0`l	\.ٿBY\adW~KI\jiEA\`Z4\"*ZXtd\{\\\q:\Z<yee\&,P\S\K\f0\!\aZ֍80)[\U\r1}z3V^f:mӇ\Y9ut	[\ެ\\؁Qf\3.\rᏕm\j\ryW\Ah3^2--8\Q\'Į\DCkELG\LW\rw\F\)TF)\t^\n\\F\>\;\\\\YnHe6V\nTaoGzEA\0\\G5CQ3+ʗ!\f6yT0t޹\\ݛV?\ZE\-Q\\\->\\\Z/\1\Bb\àŨu\rx\/:\b\<ԨR\r\01ej\\ك2;\Z)\L^-\\\(\Bx؄ٞ\\\\Z\Gm\\ еb]k\'K$\"\/\'s\*XQQ@\%Qh8Ә@\XSy\cx\M\\e1l5[m7\\\3*3B-a\|~*\nd;c5\\\^zp\r0(\\bU\dK-L00R&4u@%W/M\VkX7\)?\ڬEK\0ūejU^TSώ\"@\r-50%8jaz\zsDk\db\ϙc\n\m8 \0Tm\\0t8FW%\r\0\\'O\m\c\\0)`Z\i_m3T)\\\\)zW1д\0Öa\\\+3\3\Y/N\IB\Dͫ\\9\\`\0\tA R\\V\Ϟ哟L0\G`>b\s6\\}\0SIxT\|\\g:\0\FF\U\T\\V\Z1/9n\|~#@\0\r\Sjeh4k=\1X.>>fʦ%NN<C\\^/\6x\U^\\rdZ\"\\x(,i\n(\U^\=C\6x!\nI\0\1Q\Wy\aXB4V\k\ϙU%D]\\^\\'\05\4)hÉw\\'mw`D4c+rIv̮\0lZ7|\P+\0>\׃9VX\0\;U>\sd_\\\ضR]\\\+\\P9\\\r]\c\\\R\oJ[4lʝ\f\\n\\)ڭ0|z\lqgQ\Z oʊ+q\0h\o2OYC\n\K^]\O\ȉT\Z\s\}C!\\ѹx\\ր`\\ompd\0\CPЬX\nJ~)\b#G\q\#	\nA%\--XE\~aH \\5lZfDV\\TI`\\8%\0r\\\u ?\\\0c[\⣹wY\вffXq1S5\0cH?\RF\)\D!t\]J@I\\\a9ui\Y4q\4\\\T\\6vn!\n\\7@ɒ\=\\H8-`ݝS7.\_*\1o/\,^,>@\\rt\dZX$%d\0d(-ߖar5ԡ~\0\2(VDt\"9c$\)3	\*\AJa\\rBa\\l9\QJ\bDc\jUF*4гϸx\\\nȆ8ⰧIQX\\\n\Z#i.\l\\\x\ۈQ1ʡ\\M2*6\̎+\=,+i{\\Z2#e\\\03y,\j\\_\{\\n:_pUE*͙c\\'\\Ñ\\ZU<\6KtF\\!pUm@j\\QhTm\F\	ӻbb9\{\h\\n,/\\&\ʽX~\'H\#y\\R&\&])\̓vN\1t\8IŻQ \n\ߙUF\0\WZ\0DXw=zES\\=M\r.h,\\n\\\j\/@vo\t8\DVk\\e@<6}ג\R\n\r\\\8!U׏ܸf}x3닫ϨPڵo\Q\\n\[\ʜ@c=@vex׀\Jp_6;(\?\H\*J\"\9\|bIb\0\\xp0\\\\Z\\3P\sNY# \!Pg\\00\+s?\\U`\E,\n-Q4\\V\\]\p\O#\\b\Bh^`Q\\G0\еP\\@z\0\\(\Z\l*\`t\)w\|J3ZQY\0<\!\\\\`g\0\\P\0Nfci\0[,\\\\\\Z\L\\\n\] (\au`{vL,aC\a\*\,\\\XE-jvf.jXRMj[\O\".ElM\*jKvUq\Z0mݔٱ\0z6\̬T8=\4c#\r:\r\\\-S7)-։|!mł=6|\o\=r\͍\r\].Br\Pڂr\\]b\YSV@\V+°N~#\Z<K`+B\\Q_%[q^@/ iְ&.\0bY\}A\\_ަHity\\\\u\"V\=\\vѼL!ڼ~K\P6̷nz\r\\zhDۂ_\\)̿	y\0a\\0\P\\\K_E٠\Z\"\\5hi!XvƷP\\宠OZ\ZZHf1QA\U!~\:\K?b[JNM/\n\[PPn\\)9\?=7hX#jw-\\QhWQUUjVAw\a/U\'\\\$<p̀\Zh\\"k=x~㜍8u&j\_0\Z\\\^\r\0Ux:\e\\|\d\\S\Z-8CdZ,#F++X]]@\S4\\0#K\\\0{\\~\0~U>K\\[5\֪plqkmXiwf\]\\#\<J\[!Ze\L\T \=KO\\\\G#)A\W\\\#\U5I\0wlgnsy\Z\\P8\R\\\\\P\"B騳\/F\A(	\p\\neM\0j\\)\\"򠰝Y\vrw\S<Vd\>JgT\0\f\0}\ 6i\6w\\'na%\w^&dn\n\\v@*\\CR\t\!Wv-o\#x\;{V\\/4lSAZ\SW~n^\\0\`66\mfbD[\'\'\0Z\U@c\0eNXǺA\\)x}?\\Z .EU=TZ\\\\I膓6]8\\6P\\L\\\]?\zZ\\$\\0Z\m\X\*IpWh\`Qd\H\U\* .\Z\q@9b\lq(M^\"\9\@\\r\7jc^@\\5ډ\0\$\ZVO.\f;HDr\Z\0\"vֻ\eD\"\sFp)UC\%@!ը4	]yaS8\gK[ڝs(\zh\\\\n-JZb\'\\B&+m\0\\\\\9\69Ɉ/!\.\\Q71f3\4Th\\.+\<J*N|$N\\n*(طt\·\_`T8}\\Ie&]\T!֋\Q`\:*_m#\z]\0ۈYX?\lteFD,\0\\R9\(+\nja\Y\0\Z\}Y.	c>@ppJ\1YB%X\*6\dðYpe}c\h1\\,\\-\AuQ1\\vPH\Z7\e\xʭoUr\\0U\H/l7<bA\W#-Z\\h(Q*	\3.!*t[Zm\^ð3S\\0ग़M~gr.\\^Z7߆!EosqA~[\V\r\X]4r8\\\rk`\)\q!ED0.Vv\/EI\;\eA\F12Ҋ\\\X%_P$\n`\o8/T:!\n@\\7k4\\'uCC\$\ُ\,\Z%$\'[ڸBi0q\\ò\0U\00עx\1N)H5,s\rL\{+;+6\=Òؾ3u[厊\\d9\\\c\\4ibP\rx7\\z#J\p@\Z#?\\d\\W`nP\-+.wqGD\rxf\JR֕g_rϛ\]Uy\\\Z\Z2xy\\eEa`Ih.Rg\;\'vd\)J\;k\\\&髣\*\b@\7%\8sb\آ\7\\e\d%h\!q@\0D\\'\\\u$-.\r\\HUT-YF\w^a)]\\JmX\'2[n2@P+و_\5X\%\	\1\ZGm\\\fƮ]%l\lf\+\4jX)n\rJmFY\\m\0V\\Z);G\rkX3\0J\+.-u~f3\\o9\U\rT\b\pZ\/D\Mnnaj\-\j ip\n\{r冠Dk\(4\\Z/	\0pBa^\bUGȆ\b4!Y+\D0)\\Eq\*eOP\rPT|EPJҦ҄\:\Ak> Y|\09m\2a-QY\I\0\rxzT~ب\Z\t+aG\Y$(<pDt]\0J㹸)qzŒ\f\.\\UMWč\n3T-\7\B2\\\0׸A\PojTiE\r81WR	D\+31P$\\'\\\\4\"E\ݺ\1\ɴiKG|_\\rzFT\C\\C`\)\ZD\4\G@ذ?\4cJ*U\M\][˪0Pm\0lªTcr\V|\EPVV-\&1Q@HEzs\G\ϸ\nEn\zCFhXJP\mQ^XBEv\&0\HR	\EA\a#4S\+\8pi\"ŨdHQ@zB\CT5L\\)dmW\Z.\\NB.iO:\\\ǽ2\3|\q\n\\\`\\0>&P\# \\\0z\xq\H@̱(xP>\\E`\\l\Ym`\ZMT\'(IB\\D,lg5\&]\/s\*OZ\\̽<j6H8\\Q/+\J6+ƫ०9#yK\nŉ_t-\3@o/(y\'-˚h]v\6\y\0x6ݷs^T5Ћy̡Y\\F\̣&@Qo@\\\7M[SexK\@ѓ<CU&3\t\.}ϳt\CS\'aG|ʓ\?_\By]A>QsT(y1eI:\j؋\\r\O߽3\,4	\k\g\0!\"\}(\\{\`<;Ks)`VGqx0OG\ B\e\\\r!J,ߍF\\2t\\°<;jƿi뫤\\g6\,Z\wJi@\0\\%Kkv-o!lZ@e/Comj:b\\.a\\5\\\nYF\\IP5^7#yq(\n~\/#P\2s\n,o,{B[\̿E]EP2n+f\0P1D\\gD@\r\\ \'c_\(\\0\\[ef\\\=.\r0\Rdr\\45|pGE!\ n\v\\\\ёͼ\fYYy\J\\uUY3DJ/2\\J5MB5Gp\jR_X\F=Ŷ0l-\\-\\&$\F&\nyT!I\E!Ĺ*\\Rpc\H2@)\\',\\L\UW~\67QP9\!l\\\\\Ɍ2\ZfЧ\S\\m}KrY\,\'3(\0?lzK\lV%P5P@\*@%N-LD\rsPscE\廬$Vf?0\	\0A\0+5\x\\wuUSX&N\\~\Bmiyyַlm>Y-.\\L\\ɰ8\0\\v9;+_R\nIB\\MeaI,Kе{s\ip.2\A\\N\a\\V߉\\G\\	@!\^\,\"\"+\ZOq	kT\'u\n\r}\] Un\\`W)\\k \|DH@b	\Z\̭4e-L\\eE\\(H\u먍Y(T\)`2\\N\Y͑?1#嶬\0dY!v@Qv3Gؤ\"x%%\j2\W^cGv\_q\P*;̸G][\n\F\,ن\\b\WV蘃\~}P\eE\a\(`м* \\D\Z	ʋJ*auDus\*T\\LWB\5$Ё\cd\n&k5\\\	\r?\SS=)«\&M#upC(@]\\=@\Umf5WC\ζ,h5\\AY^u\Ō@idCe\;Opo2,-Q\2\=	T\D`\x_\c{&큂\"(Ƙ{\5v\i,,}cS Xh(H8:\0Yx5d7=>A[\y\ʰ\\\jAU[S\\no\a\*\\п\\!wl\؍\0T91ĲQK\0V\qt\w\iG]̂j?J\bWV[)fܲoV\#\^gT,\J3gh.V\0 \\\1#d+#01\^Eu~⬊j\2Jb\Z\1g;Xwe] ѠS\;ʭ^%\6\00\!_\9@^%\eݏE\0\b̉Ԫ%ʿm|F8M~u=\y^3\<Z5c&$2.K1-\;\C#\V},SE\\6KԬmB\nrb/	s|S\=6(\n\M\R\ZH2\ZA\Uo\H\&sS\8濩滭R[%Գ\~Ȉ\P\n\Z\$\ZѪ\iK.fM\JmCL[ġ\[v@Yb\^&jݨ3\\o[G$og)U]Qme?\ˠs\D~ ŏp\݇5(\̧\@)J\\\{W33-lZ\y\\@\\-\wdA|66j|0]\G\ȣ\\G?\c2\'nL-\\1\#͋\j0d9\\̠ +v\n7T\\Fè\ށ\y\b(9f3Z\"\\N-\(\\r^-m-X!ѓ*4\iAJ\k2c\V\\ט-\Q\өհɥ\)5\\ǉh\m\{\\xXmTPp\JtaAF\\%D+q\"GGh\F-\\\V!\ش:9bx!4\%K!\H\X\\"4Y\Z?\0)58-\Qj^\@JXUyM[^&lz:\Ys\0w(\\,..9\\\\r\\\ޞI\&D\0[\a\Z)W\4c\V/>\K,1\9#]eW0\R~\>&\dh0ij3\-(\P}w<T ;~\HlC]CqٳknP;ZA 1T\_KՍo\׳\n\&`^O ݿHJjT1.\r\ĚFA\\8\p\?\\Kh,PUݡ|*\n9*\q\0&\y\:B.h8!aף*\emY\Wue\]+|pLd\rUȮmpDS)\\\n\\hWf]X4tq\+\n_P\TsxE%/R|DZ\X\8֭G}ǔۦ5\t\0vh\Xd5$ZRm\\\0G\(r\\\vFqk8S\"H\vBun\\L~K)Y\+80+3E`\>c\\}H\U\\0%9*\F껀y\r\\Y^o\p\Ѕ5\5kÎ N4?\0(\#|܂\5%#\\Z9ʕ\\\\i,\*\\\\?\P\\ke\0۪Q\0\a/\u/Yj-^JJָbG_a\T\\\F\\\"\W\\(;UӚ\0?\_q\DaLYǗq\qlr\\,WQ\"E\\,Ki\>f\n\-\L_̻2j\9p]UԼ2\r\Þ1\0#`R\nXt\ (	.2\r\]*k\\F\,{%c+(\oKݳ(b<\\V\ k\\gĹ\a\\PXBQ0o\\"zfU5\\0X,\Q5c\0_\Bl\nb0ԭy\{X[+H\@ƞ\T\\b\.ӎyf8D\0\Lœb\j@<\dhvL@K(!)\\͉;/E,xTP(@H\X#ef\\\ZFXK\\r\\aAhq\\(\r!Z\EC8E\\\nG\\"*Vd\\!\7\\P@ʐ=G =.TF\;nѧ3~M\\ʦ\\fHΛ0\o\1U \Z\\\2t\/a_UQW4u-+\0؜\n*\n\0\Xd}\\Y?\$\F/wB*\r\7\@-\Z*\@\\^brkV|,9\?\whe`_\'蕴\xXE)\aP\{\0ȫ\\KE\\5\0\0\o1\UZ\[Y\'t\\s2(X)F0`¨T\C*<=\0\J\\\rku2z\\60<ۣJQUͼZ2WPb\_\n`n\\\\Dn\݁\R\C*dL\\6DHJX\\*8Z8Z\DS_\0QP\\\"\0UY\Ț\0/m[Q@=\}zs\Tm1%\y\MuL\:\U\\2%\P\"EAE@\^Ox\\\!!\(\203̰\Z\Q-F\\r\a\nP\\,\f\\-lW\\#\J\ABNkyUpX*/:1m[z\Z\"PF\\\+i\Q\5-\n~%\'j\b\ \\\U>Ck3gYvN{\\\\&j6lYFcTB)a\1.$h\Uڷgs\r_\\\Z\rZlɃo}We-wz\nz}E\\\lo\s\αQ\\&4F\\\YѼ\`\b\ۋo8\\\K\  \A`Z\å	T5!J9p\ʷ\"w	m<Q5B\\y\(8.f\\0wns\"K\!\\^v?\\#Tz=\Jkh1\W\nm&\n`q\+\"7_̰IT,-0J+JV\.`5n/LYU-\G:clE8#n@W@LݞZ\`DtJpżR\\\\\\-T=u \nv^n\\\n\u\\\YZm\N\S\D*k \\V\'r\\?.V!*\nE1X\gk\Φ\vxg\\8D{gbMߦa\\0\B^j?\UVW\\?\r\\Oaao\5\\\DM=u\\q\nk`}D\\\Ո`v\0Z1ldio\KJ\\.%0F\r/ĦtPD\Z8q3uq\ZEQ:_A],r\0\h6֚\LA@\r\\;:\Us{(5\\V]\Q\ɟ\\0\.\&\m\0╀*0qh\ntf\\I\L\03\\<\PifAx\\^\r0\'Pwosqij\AT\aS121P!g]ߘ\\x\9)r逵Qn\"e<(~\\ƶ<y͊u 5̬Wmy_1V&\\@{\Qx\,\4 .\U\\\01̤\n+L5Ne}*\*u.mv@\\k/r\W]B$b\\Ւ9+eVW!̔\PU4\dQ\J\\PUM$mVa/\\n\Iq4G\P0\\Q2GUWk\Zk\#xtwP .\VJ[PlO\\"L\In%\ˈR\Zku\oNVMǑ >&\ .\Y\(r1\I\\\\\\<du+je\?S5ܠDZ ʲE?ȇI^h\\nyP\\0),m7\~XX\tZ\;Hyb`X\0/Q\m\j\B,@Ԡ?\Z]90xH+-*;d%U\L\aS@\$X\\\\\ޭjhGY\\n\\5h5\&)zB!P\GK\nepE\ac^\@@$3\#VXHo0\ʜ-\jVd;!WC%uP\:!m]m\D\O\\)NʔKo\\8n.\|K\R?\o0xWe\1o1Ф\֠\\\\-f4\ЬUOz&a`5\\$:B΢7=\\rW\\\)\CV\\+fGR)\dj\\|\A\rط\\q|S;\-63\jR%Wb6t3Y@0`X\\,kY=R\9(\r3㸏uE\\\\9o\ZQ*\q\\(.\0Q\j(Oea\B\זX`f\r4pX\\0A%\>s0\YXpY8\\0QQ꣕\&^%*4q\Z\SQfK\xX.kHe\^+xxe\%a8Djd\ѐ+$)}7-\\Z>&]\ZP\[=6@(g\]\W\_QzY8?l\(\0B\\J\D,#O+\F\^[Q\\n*.\0كQ_l\I\P+J~\Jo]\*	\qeG{\xi\\a\[\@\\hR\n\*vU\R\#\:\hwO\62\S𖎞Wx\  GƜ\~avu+\'Mwm֫n%\Ep͟)\Z\.\\"%\\8g9ç\"W?:E\Hg\u\0J+dVjhuS h\:\\r	``O=_-\<\N2f@y\_mc\0Glk\j\~<\1\.\Y\1F\\bCa\\➠8Ky\ߩrTF^\ƞ.,\U&M\\n\\([D@g\\\zE07;]º\[Ϗ1\a.OCV@+Q\ьPݚ)\\nPlyd|ún\C\	\n?\n\\Zh\'ĳF`3\b0\\e\\̊\&Ş`\;V\\ȜXc\U\mc\ ?DW&a\\f\φa\\mwߩ\>k04Gl2kk$\rۂ\`!ȟn\Yb\O\\\\ɋe\\RAq쵤U(f\Y5+!B|\nHjzr[%R)\]V\\Ҩ,\\\[3H5su{\\"\0\F>\?L4 8Y~4̊\Q\5\G-\\"iN@\OGkwm@4\S\NZfX\r\Ki\kRkR]7d\\0ц61-\q61\\EG%D-\0c)Ǡ\!0`R VM\\'h@ˇ!?\a1%[J\'VS)\ר.`\r`\T\/\8\\\<A\0FW\n-hT\r^K,ZkLoO\AJT*߯\ƞ8%*\\8j\Muhlr\\n\B\nRM3\\:1\<K\AZE2cgIS\\!K\\6\\\:C>KA=\D+\BSb\g-G-\"U600kʌ./J0ÄO2p0dY{\]m\c	L{\0\\s8\e\Pw\\\ yYM^\؁A\1{F ۭ|(\~Y	\\\ġ,\\r!YC\Zڳ\\J鶐MJ\n\\a|?R\II-\(~J\10u9\0ݳ	\1N-hЊ\q,\0\\QJ\\nrH]\1K}\\n127h\\%z|.\hxr\2ˈ\&\\nm1EP\\0\[T\<\\\\r<L&۶\Z\&\\+A\*\0Vz>j1V\'*ɝ\J\KӊHb:珡p(htBYEJ	\6W\(~%0@U@ŉj\x#\C\P\Zl7̄@yլʪ0P&y8\\ZE2\Xo\\n[Ji\1U\*yR\\Y(\\\\\?$U0ĴK\\0w\\\L\\\R.-֦Ias1#R\D\7Wwg0%@ee9\\,[w0\\|F\\$]M&z\n\0nW\-xİX\n_P)*\+\Vڥ\F\[\0厗@WĽݕp~\e(\&,\\B\^\#f\'ģ\nTWvN \\k\*J\\n_1F*\T7 lF`_\09A\\\J-7usY1|c\M4T%zr5|RQZeX*YA\P]l2\n\0-HXo\\6sCGdǺi\V\\\*KAਉ~OeDWw\nnKA\LŔMsU.FG+a%YF\\(bmIgb*dh\!@EV\X{\\.P0}o,ȾLX~\>\`-pJV5\1\\V(69|0\\]b CBKXP;4~	^6\Vs\L\r0\6\9]cQ\d0Y\V\oh\\M\o.FW_&(y[\T2\^0`6R\r4Nʔ;@~\J贿\cai\Կ\\I\\Z(˹87*+\0\Z7_u\߇\\\\\[\z|A\\R&ޮ -U\ui*\*初pn\JHK\\\{uj\c\<@`Tv\髃=\l\^\\\ZbX%a\"QhZs E\\\	jK\\S)x@\'WE\r\#\m\\$v\\\$T\!2.bw$A-x76I`h\n0L\F\\ֳ<¡`I-\HYؠu\n&ѷ\\Π\PĹ<v\"\VQl\/v?\nb7\0!	~AM_\I݁j\>:yH\ntL\\;< /Ĺ\N}2ꋂ1ʔ\[\Tn\?2\\ԩ+c<*Q\ү=\\ևЅQzWN_<\0֕}\\6\r\bL\Q\ԥcX%oԠU66J{+F\0\\DS(b\'\rLمb[[\\E\\榼F\\a[O7x\P\g\0ǅb1R\n\h9pVt^\6r+-_\ϒ/(eҙa\_@Q\AMA\Yl&z\@\rNQ>\"\*k:fYj%A:~e\p-s/P\:;\\6%ITn4\F1l7żA3c\Ej9yJ\0m\\M\â^/\^[ZBj\\t	\\`\%d\\\|?y\]\Zt\\\XA~\\n\Y\&%i4f#p|BCl\\M5\\0UP$s\S,/uw\\VEB~r\+\0#E\\Å\\S1\\h2g\\,%\0\0^I\-_\0{6J;C\\ۨ/)pq;@\\̾\Ovax`H\^fSW)Y2ܗe\ΡOj88\\\0/\\\'@a\M\͚$Wcx@:>\00Cl\p\\[\"\\@\fbFU_Ë\]rw\vŕI\0\\;\{\0d\raM18r-Oa\.0+1\0X*V\\\&厞\)[\V&r\E\t,dm%*#č%L\,hJdNku,A\"\\	dgy\\w;\HxKO\rav6=@ʠKF\(8Jަz;y_\9R\\T\nɜÍ\"l:\_ R\"ek/c@e*߿\1+|EYsqeB\Z	\'\XS\\f`T\-2\\m\'C-\zg~QC\\7\n\0\k\TeLD\0\3p7\\>\rj\\0\Elk0\n\\x	\0\%`5\\\f6؁7)\Һ\N)Nsjq.{,\̖0ہbPq\QK\?iu\V\\\0Ɇ\\1b\6\*T\{ɋ\ wUU1\k\ZAkI\rk2.#ѽߞ>ރg;6\WH.Pf\0@hC_\T[JCnpem2t`?-R81|\\0e\Yf]\4D\r/.=\\ja{1q0W\\Qb\"l_\\k?\\c\\jUҍ\\\WO1\f81-VזZ\v-<\\(\,!tҥ8 Z\\tW\0-,@\W3-yA\e堃\X_3ɔiM\4/\7J\Q3\C,aV\%&3SzܶX*͝O\u|c\ãbsm\\M4E@i[8\"j\g\\0uLqr<rd\\[\4bf\r\Q\*\^p\\e\nz\l14P\\Υ\&W\0#P6ƈ\T\6\bY]@\\0\ZM]qwTDd\0\86\\[ǈ\\ۨVڂw`e\VkZ\*7\0\"7/>%{?0\Zʾ#JX\2.wX6\&ƱXx+1Q\[Rd}/B((\07u\̴\[&\6\1IJ&@\Bp\02݉f*\\\\\!YK!\l-eiMT̟Cq@\nZ_7\\O6\nPm\u\z+\J+c|\n\(hp8-{\0ms\K~=i\\jX>\\Jy\\&ۮ)U\4Wy܎+!B[_\\\!@\-\\Zb[\aZ<y\oBaPNk\˒oN\\\%\w$+L=s\=C*\n%ic\'Ao\\"\T{/{Dm`qEi\\6f\v%\Q,\.\nq\\\(\c\+{H\L\ZʇncZ-o	J[n\0ppD\n\Z\LvL\^G&q\\\\9\8\9bumי\R\Ĭ\\,﮹1\rN~\"b&\\`\n\\"pO̠/abd8\E\Q_Y\\TD\Y^z(RD3&-HQi<J5Y^@\\Zc1\R\Nz\4\rp+M֬\\UC\\n95W)#\Zb\0\\\\P-\暗6\b\0]ǒ]B\Z5YqQ<E2\ڮ	mSN%CE\\#<-\\\pCb\n33\\\V\{\T\Z.6Dʪ\,8s}\^F\r\80\R}*	\\ۘȟ@\!/\z\2\"\n+4r\P\0\0m\=w\Yr\obv(oLJk\PqA\\TJf 6\Q-0#Z\\SlŉtTy\|eZD錢OU\YѶ12ר\!CI*\T\0\U\\+&\\p\0\[sQK&H&\n9\bG1xtK~M\$\0#8,J3\j3\	m\+m\\=\7n\n\Y/a:U%p9b\~V\r\C\W\Z\+\\?\nf%NWfD\?\VL(\ôiw\f(\\0P\\ZXp\MqMR/P^q7Ob\\n,\#P\G4-\\\035cB8z\h4M;_\\\\e\wṈLb5CMƆ\\r\\'C[\\06_)\\\\NH\P-ll\\r\\/KN}@{\&7\+$Bw*\\\i@.\a\GHY\\H\.)A\#\'P-WĤ*A\\D$\ZoEռ;nKAG-yE\4Uu\r.V0Lʼ\\\noBId@_1\|@	(Y3\=\ؐnB80Xr/X슣s;HĹ\R\&0\0\!JZ:X}Ke\\P\Zq)\0n\|\&*z|\ \\TH.\f\nފ\mCޢ8ǨeSz`e\-eqXU5hFV>\B\9KvN-v\\!ʅr\k\\:nk`\	ݾex`Æg!K9\2L\9\?+V[F\'ovr\01MTL\}ةA@ZaRd(\+lr4s\\Z\kIKDqWN\\hy\r\\8\'c\X\Zc\\L{AK\+(Q\\'^^+A?iJ\\\Fs\BU\fr8$DH\~\\(֮\=h\\ p`Xi2E\'Fhq\0gZ\\Z\n&y޹\IU\:ä4-R.\"(`R\2<C67\;\\ \˳mwQW%\È.\]iE\\H0\\k\\\\\ȫl\[8\'\nk1nrash\\'Z6|,\r\\\&.Vk>	Y}Bdw(\)\5[\Ei*-:\\w]|F\\tB!A\\\\\\56\\y\'oh!J{mxr\L\\W\)\0\0=\r1az\y.*\\0,a*{eK0}#pF`nfQ_\-;Z\\`\~!p\i\0\\IcAf\[\\nQ\nԨJ1`%\[L\Z-ĥ\ћ-\2J`{\5\QW\\k%\Κ\?p\\bH\\p\N\\(eM\n\+t;9T@V\VB	KI/E\!au38PY݆e&\0\%ׁ\A\n3@4fTZ\r\0/\#å}f)WPu\M83-<\+	(g\Y\nEm-\.\wĴ\![?HoE\d\}\\0\\	D\\|LҼ%	y&\菘\\0\\DU5f>G$߻\\\̹\rdƪPk~\"-Mi{\\3kܽ\\C\nuq1t¸#Hǰ\LI\\"DkK$`N\)\[0r|o\-9t\J\V\Z@\̩\\\5e\\0\q\'V~yV\3Ҁ>Y(\&.e\	\0QY\e\\n\\\0\\\rY\s\r\n\1<^ @\͵OQxp\\F{պ~ X\j\\@\K\Vi\10h\\:w\Z҄Φ\5\\Zf\E\Tfl<\0/K\'L(ܩ\\\蕠9h\<\*n\ #>ۃp`\7+\Z\%E\\Yliy?*!%)޺\ ;[#6\=\\\Z\"D/\Tʘ-9l|EqM]Aj5&Ҧh;c\§_\tH\0֯s\sNvT5T-F@Rͪs\0p(UYgt[^\0\e\%Ԋҭ\nEt\5\j\\UL㫸\Z*\Z\Ŵ\+ieк[uĴ\05$\\fɲ\Zҷ\./K8F\\\L\]Qn6˹\4@9PmX\RZVRK\w!L]\	\_\\Z\\\#R-)Bwqv\}\2\\0j\PTlN\\\Z\\>L0q\^6-@V\0\\3,\-\nHӡ\\\n1,\O\\rL	\0F\k\.\4\s-P~e\~Y\FWK\T\NR\D\AWC\T\TR\0 mc\\2Ej:\(k:);B%#+\\w}Q9,X5\"/XL\\+Xv$bh\rg8_\w\\0%\\\D7\x\\\\\"Y\\"\\\%A/s5+|pDU\]KS8sSC\QJRoiVGs:e\*|r\Hh\\"%\\ښ>ψ\\>V`\%\\rP[[~\"\HP<S~+\Z\_2\;]0K\n=\\nP`f\\KۄiLS\\h\@+Kw5Qޡ{Ƿӈ\ԓa-^\`\\_7\U\eк+\\iz~~I\TF\C\}\n+f\,\؎C4*+F.\\\Q03f9o;15Z)P_E\dZ/\Z)\^Ƈ9\|r\d\0(\oDu%+K	47\@\>c\4^`\\6\\qx\r1d\"Uт^\0\\\<Rk\d.\'q\\9|\\V1\	\\ t$Ix^eu\ДP+]\i\\*V~\0\\T\0\'nyijբ\0\\0_m\^\hh\\\[z\&\ZX\\"\ۢQ/F\?#\0)&4\\m\ZX7ET	|5(W;\]EPZRsSE{m)\L%\1\n8j^hkUĤz%od	\b`n\K\T\;O\q\@pXqxJ۰;a\T\K\\Pb;&#E\0b\d\\0N\\JpLia\@[&1\\˖FU)iK\B-q(r\_4Fr\ 8k_.q\(kmWQ\\sE7h=\0\Q]\/Vhrq_~)Z.[+\Z\ \"ٹX\0k\k\\\g\Y\k\BH\\I\!k\\\\0\\w\\*˫ʏOV\dP\rO\02^\0Z\.MU\\a}q\0-Y\Z\(\x\2Gwx+Իq\\\q$):0軹\\\͠\糛e5)5\4\A\\'8#Ku\0\S\Ҧ$W@\\:1\0^1n\{kj\:sF\47\uW~o\F7q\076\_\Bx ]V\]S\\EE\I \\icm}La\\\0\\P)\U8\JY:F\\"[\uE\4ՄV\\4%\\ZT:\n\0݆eCam@ÏPulb.tgFk\3,_X`\\KVlB5h\\\`Fе\g9TM^F`m!tLg\GN1RRQHP\L_,\_Lg\6\t$J,\6 \!7qj\䫃\\\GDceOj\ӏ\(\\\A:\W]\!?\~#[8 xnU~elSw\ Wo@}{Ae\\į\v\\\$\\n\0c\3P$\\b\Hn\0ZW/-|˞R\\/\m\\\Rr\!ԺT\)E\)\#\\\#e\ngt\\\\"C\\\lL\]\\\_\Fw\)\\"T\;ͩ1\\P\m0\\q̹fz\j-r1b\T\eޙ3Kň\-̽Nu9\7\\0OqH\ʹ0+\n`_<t8\\3t0S4̽,\\\쫖\ಈD`\\J\Z\\؈.wԨ\أMZҎF.H\i\3	;\'ڋ\\0QU\\)lж\%\p\\?0:Ye\\\k\Bf\SGtŶ2/]\e[\3.I19\ \r\S\01\0<)F;G\mLZ0a)y7\U!xX\"\\\'K\RmC\nTLZ0=J3\׶:y\4\\w\Q\u\\k]dڻ61|}\9ގ\gK(6#\\/{`wF\\g/]T\\1V\\"mz&&ᇈ\Cb\0I,s\1ZӘA28mY\\4W\JCI\\?X\0j \\)AY7^/4]\%QLEoNc;p}\\Sn\@.i%!BF\\$Lƃk\0\+\tFGh4C\Qaw%[\\Ee\rYEl\ZCp+z%a\5(^\XO\j(5x|4I\"KҊIYbqX\\\\\Ϩsg\{\0\\\\u%GwE\Pg9K\\^\0	]br\\\\0f\=WFTMNX\*cq\\DC\u.%ŁK\\c\02!BĖ -`eC\(\n@\rBRzҥBW\Ax\\\Q Dn\\FGb\ZWȰ\l\\>\r07\WZ*\\ET\\\?\n=jU\G\sdE\(\\\_.\6\Ћ<o\^+h\;p3LGvOC=L)\0JY\rk\\ójӸq|\}\E,\e\hZ;\{A^\\\\\\\K\^*%_)(R\Sdm^!,\\S%<\"\iw\u\0b\Z<&V\UO1+0\14BpJ\\r\Y@\r+#\00`Ԇb)[i	Lw0śS2ù\I&]xA2qKfJF//\\76\r\\E\\"y%>L{+\ߠeWvW\ZD\O{2\0BH\"*x䩸6WH`u?&ꃇ\'\+0m\\\%in\s\Zb\\As`i-wEUB\T\r0\\1X_b\/\Rhc\)UijYMt2kpW/\po;\\Z-h@\\;)yH\\\n8=ޱ	p\ņ\r5Sq\nؼ_Pؑ#\r\q\\5cuBw\\Y\NN\RDy \,\X̑\\#\\0bB*7@R\l0\\$%3\ej`(G1 \j\\Jke\+t-U\߱tV\Cu]\\\dZ\\9zd޷\FO7g\ǜ\Sey\K\\";KӸb\rs\Z[?\0ce˂.\\Z\1K\\o\\0?\Ī\(XP\bS\)nV \0C~HD!\\Nx\4{B,\Q*\;\8\\G0NT\1X	\}#Ue\ցAαJ\kj;\\ܱb\[\*2R;\v\!A\Z(n*JH?P*ɋ~]\)! \n\\r\"EX\0ac\0PT^|Ϟ昅{KܥU_	JX(f0N\\0,W21q_ԤXS\'!\ҡ56XtUo\\"\,_\\\\\iUMR\nĸl*,h`6\bK\|&)ܟ@UZ].\\L9;-ǉK\4\r\\-Vp#P\~Rr[P\B\\\\P[.\\|\ռ@\\ǩʮ\nr}¨-96\EY\neR\n4<\ou̬h1~\=0,*r0fwb\²͘.\\yH\\J\\\KK؀\8M>\[5\oF2bq( \'NbBB\\?\@ks16٢`ͤVq)\]Q\p!جX\Z^H\y\\@0{o\UxR2 ш\\y,4pAh\FHX4\).\rB˂!\n!\S\(9bm\Z[-l4WU\+\i\lH̬M@5\{\nn\0TWR\+{\ev,\Zn\rWVR^\2q	\Q@<\rC\_%2Ct6B\U\F\0dS7d\\f{^e \6q0!s\\00\0a)[hb$ɺ ed\D0?w*cH\0?DP\n\#G_\x=@W\\\N<}D0M^3Di\\	\"$hr\K|+\PNNگ}ʟ*Ԯ\\b\5-ʽ\0\KmaDϑ\\Z@PKz\7ɹXo\\n[?\\G\\ڟ\\\\ypKoQKo+\\\\ƽ qLl\-*-5\\\\\ZuK\\E(+\$(b\0s\r\\0\\\UBWaŰb\+<]J\n-YqO\-`-gӝռ@(y!\7+A`\R&G\\"X\J<?ZwLVK\\'	T\Zstv[s(\\\hSc\rz^\P_ۖBI\\.e8F <\7rr\\LR\(bdt989`%h 	\ʗ\^aBꪣ\\\\W\)4r\'6;\|T\\a%\)\\	\@6*\*Bj<D轃I\\\d\\A,]GlZB\ZfU-Ӹ\:3\F\\Qߏ8dں\\դ>9\0p5\Zl\\\0:6ħ\r\\R;.ɏ+\npZs\h͒\yJ\0m\\/\\\\Q\\\v\!qP=j&`-\\RRs\n7̢\\\fQ|P[\SR\\\ \"͕e\"H\S\\H\\r!\Z\n\7Bĝ1A?\0\(g*PհY45<\VU\\3-a,+<k\W\TlzkϙK-\wT\5з:\\QlOO(J%Jw(t`+C\ܳ\`\[X\*\0<Lf<QV\e\3i-*>wm[U\^bVa7x kY\#7\0se8ժ\Ǔ\T=K\1bw@\?\-\\\0ͮj4\\ZiNBQ\\\\\3E\\ZG\b\>).R\N\6\;\Z<\\.\\\\ZM\|L\"i\Zq.DYc+Z\\#5k6bx9E\P\QW\"\kH\8\}pML,϶Z\kǈ8\%\\\渉mIF\Z\Z\}En~\~4\ js\\Cjj3h%^\lDɦW\ԼF\Ijw\"%}\>b\"49JBct`\\n,^aӈ^\Ŷ;P%[\\\L-\aL)\Ѻ)\@$`=F[\n61+\\\ƞ\"E8_\\Ud\n.\`u\\\u6\qҲU\\ԥ$:Ϣ:\\e\A]&r9<O\!\Arm\E+\Q!v#\?\0\^1&%(N\bN#GP`\\Z*\\\0h\#8\"\A\\(\K-K\ [\0\\\\\\\Z]\k\m3^\rih\7U\n\Z\$Xs\\6)qo@MGMj\%\\%\k¥%\\[k#_N:\"\qf\n@\\,6\ri	(x=\*@j\r\\-\=sdrj)5*08~cX_z$\\5t}(8B\' Zb-̔ \(olkFT W\֗q\VEDV\]\_\dY#R$2q\\r\\h7.(\e尠yY\\\\\E\Ԡ8+.^|\0\[[lw\Lt@p\G2bV\C \_<\\Z\x\:`T\Ec*EZW\pBNۇ\+1lg@k\\!\+Mf\nO\b2\\-J5+m\.Rl{\'(e@f+f\,\U\DPlMt8E4\0s\\T4*\CE@:y)ã\=c̲ʱrRM\L\V_$\03/G{hFêL@Zk	F<\@\rb\\TC\\6ga-;.ߘ\NJ\\-Vyo\!\\\0F\rܣD\q\PŞ\\Rs\AvA>hܦ\\0S\|(\`\z\\T\o\jbq\Z`X g/\_9-@7U )6{\nE\P[sbr\EA]j\"\\0\\\d^\\T33ZB\BKR JFͣ\e\I\\Eu8\=?k|˪\F+ Y\\&)\"\9\*\0eւT҇oY텲\\@IV\ȍ%Y-*G\"\D\\5g.#DT^ϸYutD=rFKU\h\n\\4`\]VS\P FN55AT\1TSCBf\8o\0\ \uT\\0b\\u\3\VD-c\\\\F31W%!\s^O\aY\\=\\D\T|J(\t)H@\\-;TEztk\Z\YbR\0ƛ@\\"AG3(Vm\ɗFrga\nm\s=\\"\\,j-e\\ϧ\S\15z\\\r\!huY&k;E\\\\\\8\Võ\d(\ZW	\\Gf%\H\j`\Zzap\\\|u\\\U¿&ܧ鈑s;h1*\jL\=\S\U\fZޡ}(<$pKpA/U\WU^ڄ\c_,\&G/DA(߆usb\"Eh!> \G\%\\5\\xhoI/\nrM\7)`o#[xAZpp\\݁\eĠ.\y}6P\\\-r*\[\l1	{K6\\)\1\n_DpR\ˁK\boY!\\\vS8+$\!L3O\JTn\0\)\"\`oi}%\r\\\\\+^X`\r\A^R$d/Jt!\,2J.\O1B\ \4c|?\\֎ڔ(\\L]Q\0#3 \j^/\Z\Sߧ\`8\?\\MPQ3\\	w\<C&\ җ\0\XfrqGf\\\V,\\;-6dƦ\F\<q\5BK\\\o9&;\l\\DX8ĭ40K\.M\\%}J\,]k\"\,֞V\ +\yJ\%\o_, /3cJ)`-w>0@׉\0\2	H=\E\ї\J\[h:\}Mc\]\P\0&\r9H\0@0\\\"c8\*qLz%T\n\7̵\J\i֙\0o\ш,.<\\3Q+F(\dyf\/Jl\r\8Y\\9h\M1j\7:[>`N;\CEAcA\9t+ѳ\\ZD\n*±\Z!r\\uf4\)n\r\\L*N\8Ũ׆(/\\PEgH\\Z/,%XS,KXA2xU	:bGWA!\Z\\\\r ^e71\S8\r\\\!ps	\m\@d6\0Ыv\\L\ϤUI&\R\3,,iG^\\ya\\t\#\r!op\0?$1\\0%k@.&\r\	\\/\AFڿE\0Q\Z\\XAʡ|b>R״ r\l>\-\F!\\KKW\\\	\~VM\"Cj\FK Uk\\n	\\\Zfnf6yk[S\vP1c\E\n\hsKGE<E,]\[v/\r\7\\ra\%\0C\`51ɒEu.\~(\'\"̣\rFr<\Z۾a	4շ-*.\Zƭ80t́\2h\ZS\','09132165465'),('DIR-2','PMS-33','1','2','3',NULL,'1234545'),('DIR-3','PMS-34','1','2','3',NULL,'1234546'),('DIR-4','PMS-35','1','2','3',NULL,'1234547'),('DIR-5','PMS-36','1','2','3',NULL,'1234543'),('DIR-6','PMS-37','1','2','3',NULL,'1234549'),('DIR-7','PMS-38','1','2','3',NULL,'1234550');
/*!40000 ALTER TABLE `burial_directory` ENABLE KEYS */;
UNLOCK TABLES;

--
-- Table structure for table `burial_records`
--

DROP TABLE IF EXISTS `burial_records`;
/*!40101 SET @saved_cs_client     = @@character_set_client */;
/*!40101 SET character_set_client = utf8 */;
CREATE TABLE `burial_records` (
  `record_id` varchar(1000) NOT NULL,
  `burial_date` date NOT NULL,
  `age` int(200) NOT NULL DEFAULT '0',
  `status` varchar(150) NOT NULL DEFAULT 'Unknown',
  `residence` varchar(400) NOT NULL DEFAULT 'Unknown',
  `residence2` varchar(400) NOT NULL DEFAULT 'Unknown',
  `sacrament` varchar(200) NOT NULL DEFAULT 'Unknown',
  `cause_of_death` varchar(150) NOT NULL DEFAULT 'Unknown',
  `place_of_interment` varchar(400) NOT NULL DEFAULT 'Unknown',
  `stipend` float NOT NULL DEFAULT '0',
  `minister` varchar(150) NOT NULL DEFAULT 'Unknown',
  `remarks` varchar(500) NOT NULL DEFAULT 'None.',
  PRIMARY KEY (`record_id`),
  CONSTRAINT `FK_6` FOREIGN KEY (`record_id`) REFERENCES `records` (`record_id`) ON DELETE CASCADE ON UPDATE CASCADE
) ENGINE=InnoDB DEFAULT CHARSET=utf8;
/*!40101 SET character_set_client = @saved_cs_client */;

--
-- Dumping data for table `burial_records`
--

LOCK TABLES `burial_records` WRITE;
/*!40000 ALTER TABLE `burial_records` DISABLE KEYS */;
INSERT INTO `burial_records` VALUES ('PMS-15','2012-01-01',66,'single','ALBAY','ALBAY','ARI','ARI','TEST',1,'FATHER',''),('PMS-16','2012-01-02',67,'single','ALBAY','ALBAY','ARI','ARI','TEST',2,'FATHER',''),('PMS-17','2012-01-03',68,'single','ALBAY','ALBAY','ARI','ARI','TEST',3,'FATHER',''),('PMS-18','2012-01-04',69,'single','ALBAY','ALBAY','ARI','ARI','TEST',4,'FATHER',''),('PMS-19','2012-01-05',70,'single','ALBAY','ALBAY','ARI','ARI','TEST',5,'FATHER',''),('PMS-20','2012-01-06',71,'single','ALBAY','ALBAY','ARI','ARI','TEST',6,'FATHER',''),('PMS-21','2012-01-01',66,'single','ALBAY','ALBAY','ARI','ARI','TEST',1,'FATHER',''),('PMS-22','2012-01-02',67,'single','ALBAY','ALBAY','ARI','ARI','TEST',2,'FATHER',''),('PMS-23','2012-01-03',68,'single','ALBAY','ALBAY','ARI','ARI','TEST',3,'FATHER',''),('PMS-24','2012-01-04',69,'single','ALBAY','ALBAY','ARI','ARI','TEST',4,'FATHER',''),('PMS-25','2012-01-05',70,'single','ALBAY','ALBAY','ARI','ARI','TEST',5,'FATHER',''),('PMS-26','2012-01-06',71,'single','ALBAY','ALBAY','ARI','ARI','TEST',6,'FATHER',''),('PMS-27','2012-01-01',66,'single','ALBAY','ALBAY','ARI','ARI','TEST',1,'FATHER',''),('PMS-28','2012-01-02',67,'single','ALBAY','ALBAY','ARI','ARI','TEST',2,'FATHER',''),('PMS-29','2012-01-03',68,'single','ALBAY','ALBAY','ARI','ARI','TEST',3,'FATHER',''),('PMS-30','2012-01-04',69,'single','ALBAY','ALBAY','ARI','ARI','TEST',4,'FATHER',''),('PMS-31','2012-01-05',70,'single','ALBAY','ALBAY','ARI','ARI','TEST',5,'FATHER',''),('PMS-32','2012-01-06',71,'single','ALBAY','ALBAY','ARI','ARI','TEST',6,'FATHER',''),('PMS-33','2012-01-01',66,'single','ALBAY','ALBAY','ARI','ARI','TEST',1,'FATHER',''),('PMS-34','2012-01-02',67,'single','ALBAY','ALBAY','ARI','ARI','TEST',2,'FATHER',''),('PMS-35','2012-01-03',68,'single','ALBAY','ALBAY','ARI','ARI','TEST',3,'FATHER',''),('PMS-36','2012-01-04',69,'single','ALBAY','ALBAY','ARI','ARI','TEST',4,'FATHER',''),('PMS-37','2012-01-05',70,'single','ALBAY','ALBAY','ARI','ARI','TEST',5,'FATHER',''),('PMS-38','2012-01-06',71,'single','ALBAY','ALBAY','ARI','ARI','TEST',6,'FATHER',''),('PMS-5','2019-02-20',98,'Widow','Legazpi, City','Unknown','w/ last sacrament','Severe Pulmonary Disease','Pristine Memorial Garden',502,'Msgr. Ramon C. Tronqued','Unknown');
/*!40000 ALTER TABLE `burial_records` ENABLE KEYS */;
UNLOCK TABLES;

--
-- Table structure for table `confirmation_records`
--

DROP TABLE IF EXISTS `confirmation_records`;
/*!40101 SET @saved_cs_client     = @@character_set_client */;
/*!40101 SET character_set_client = utf8 */;
CREATE TABLE `confirmation_records` (
  `record_id` varchar(1000) NOT NULL,
  `age` int(200) NOT NULL DEFAULT '0',
  `parochia` varchar(150) NOT NULL DEFAULT 'Unknown',
  `province` varchar(150) NOT NULL DEFAULT 'Unknown',
  `place_of_baptism` varchar(400) NOT NULL DEFAULT 'Unknown',
  `sponsor` varchar(100) NOT NULL DEFAULT 'Unknown',
  `sponsor2` varchar(100) NOT NULL DEFAULT 'Unknown',
  `stipend` float NOT NULL DEFAULT '0',
  `minister` varchar(100) NOT NULL DEFAULT 'Unknown',
  `remarks` varchar(500) NOT NULL DEFAULT 'None.',
  PRIMARY KEY (`record_id`),
  KEY `index2` (`remarks`,`minister`,`sponsor2`,`sponsor`),
  CONSTRAINT `FK_7` FOREIGN KEY (`record_id`) REFERENCES `records` (`record_id`) ON DELETE CASCADE ON UPDATE CASCADE
) ENGINE=InnoDB DEFAULT CHARSET=utf8;
/*!40101 SET character_set_client = @saved_cs_client */;

--
-- Dumping data for table `confirmation_records`
--

LOCK TABLES `confirmation_records` WRITE;
/*!40000 ALTER TABLE `confirmation_records` DISABLE KEYS */;
INSERT INTO `confirmation_records` VALUES ('PMS-39',13,'st. raphael','albay','albay','ari','ari',1,'father',''),('PMS-40',14,'st. raphael','albay','albay','ari','ari',2,'father',''),('PMS-41',15,'st. raphael','albay','albay','ari','ari',3,'father',''),('PMS-42',16,'st. raphael','albay','albay','ari','ari',4,'father',''),('PMS-43',17,'st. raphael','albay','albay','ari','ari',5,'father',''),('PMS-44',18,'st. raphael','albay','albay','ari','ari',6,'father','');
/*!40000 ALTER TABLE `confirmation_records` ENABLE KEYS */;
UNLOCK TABLES;

--
-- Table structure for table `matrimonial_records`
--

DROP TABLE IF EXISTS `matrimonial_records`;
/*!40101 SET @saved_cs_client     = @@character_set_client */;
/*!40101 SET character_set_client = utf8 */;
CREATE TABLE `matrimonial_records` (
  `record_id` varchar(1000) NOT NULL,
  `recordholder2_fullname` varchar(150) NOT NULL DEFAULT 'Unknown',
  `parent1_fullname2` varchar(150) NOT NULL DEFAULT 'Unknown',
  `parent2_fullname2` varchar(150) NOT NULL DEFAULT 'Unknown',
  `status1` varchar(150) NOT NULL DEFAULT 'Unknown',
  `status2` varchar(150) NOT NULL DEFAULT 'Unknown',
  `age1` int(200) NOT NULL DEFAULT '0',
  `age2` int(200) NOT NULL DEFAULT '0',
  `place_of_origin1` varchar(400) NOT NULL DEFAULT 'Unknown',
  `place_of_origin2` varchar(400) NOT NULL DEFAULT 'Unknown',
  `residence1` varchar(400) NOT NULL DEFAULT 'Unknown',
  `residence2` varchar(400) NOT NULL DEFAULT 'Unknown',
  `witness1` varchar(150) NOT NULL DEFAULT 'Unknown',
  `witness2` varchar(150) NOT NULL DEFAULT 'Unknown',
  `witness1address` varchar(400) NOT NULL DEFAULT 'Unknown',
  `witness2address` varchar(400) NOT NULL DEFAULT 'Unknown',
  `stipend` float NOT NULL DEFAULT '0',
  `minister` varchar(100) NOT NULL DEFAULT 'Unknown',
  `remarks` varchar(500) NOT NULL DEFAULT 'None.',
  PRIMARY KEY (`record_id`),
  CONSTRAINT `FK_8` FOREIGN KEY (`record_id`) REFERENCES `records` (`record_id`) ON DELETE CASCADE ON UPDATE CASCADE
) ENGINE=InnoDB DEFAULT CHARSET=utf8;
/*!40101 SET character_set_client = @saved_cs_client */;

--
-- Dumping data for table `matrimonial_records`
--

LOCK TABLES `matrimonial_records` WRITE;
/*!40000 ALTER TABLE `matrimonial_records` DISABLE KEYS */;
/*!40000 ALTER TABLE `matrimonial_records` ENABLE KEYS */;
UNLOCK TABLES;

--
-- Table structure for table `records`
--

DROP TABLE IF EXISTS `records`;
/*!40101 SET @saved_cs_client     = @@character_set_client */;
/*!40101 SET character_set_client = utf8 */;
CREATE TABLE `records` (
  `record_id` varchar(1000) NOT NULL,
  `book_number` int(15) NOT NULL,
  `page_number` int(200) NOT NULL,
  `entry_number` int(10) NOT NULL,
  `record_date` date NOT NULL,
  `recordholder_fullname` varchar(200) CHARACTER SET utf8 COLLATE utf8_unicode_ci NOT NULL,
  `parent1_fullname` varchar(200) NOT NULL,
  `parent2_fullname` varchar(200) NOT NULL,
  PRIMARY KEY (`record_id`),
  KEY `records_idx_number_number` (`book_number`,`page_number`),
  KEY `index3` (`parent2_fullname`,`parent1_fullname`,`recordholder_fullname`,`record_date`),
  CONSTRAINT `FK_9` FOREIGN KEY (`book_number`) REFERENCES `registers` (`book_number`) ON DELETE CASCADE ON UPDATE CASCADE
) ENGINE=InnoDB DEFAULT CHARSET=utf8;
/*!40101 SET character_set_client = @saved_cs_client */;

--
-- Dumping data for table `records`
--

LOCK TABLES `records` WRITE;
/*!40000 ALTER TABLE `records` DISABLE KEYS */;
INSERT INTO `records` VALUES ('PMS-1',2,1,1,'2019-01-31','1','1','1'),('PMS-10',12,3,2,'2010-01-02','naem','parent1','parent2'),('PMS-11',12,3,3,'2010-01-03','naem','parent1','parent2'),('PMS-12',12,4,1,'2010-01-01','naem','parent1','parent2'),('PMS-13',12,4,2,'2010-01-02','naem','parent1','parent2'),('PMS-14',12,4,3,'2010-01-03','naem','parent1','parent2'),('PMS-15',55,2,1,'2011-01-01','ARI','ARI','ARI'),('PMS-16',55,2,2,'2011-01-02','ARI','ARI','ARI'),('PMS-17',55,2,3,'2011-01-03','ARI','ARI','ARI'),('PMS-18',55,2,4,'2011-01-04','ARI','ARI','ARI'),('PMS-19',55,2,5,'2011-01-05','ARI','ARI','ARI'),('PMS-2',3,1,1,'2019-01-22','asd','asd','asd'),('PMS-20',55,2,6,'2011-01-06','ARI','ARI','ARI'),('PMS-21',55,3,1,'2011-01-01','ARI','ARI','ARI'),('PMS-22',55,3,2,'2011-01-02','ARI','ARI','ARI'),('PMS-23',55,3,3,'2011-01-03','ARI','ARI','ARI'),('PMS-24',55,3,4,'2011-01-04','ARI','ARI','ARI'),('PMS-25',55,3,5,'2011-01-05','ARI','ARI','ARI'),('PMS-26',55,3,6,'2011-01-06','ARI','ARI','ARI'),('PMS-27',55,4,1,'2011-01-01','ARI','ARI','ARI'),('PMS-28',55,4,2,'2011-01-02','ARI','ARI','ARI'),('PMS-29',55,4,3,'2011-01-03','ARI','ARI','ARI'),('PMS-3',12,1,1,'2019-02-21','asd','asd','asd'),('PMS-30',55,4,4,'2011-01-04','ARI','ARI','ARI'),('PMS-31',55,4,5,'2011-01-05','ARI','ARI','ARI'),('PMS-32',55,4,6,'2011-01-06','ARI','ARI','ARI'),('PMS-33',55,5,1,'2011-01-01','ARI','ARI','ARI'),('PMS-34',55,5,2,'2011-01-02','ARI','ARI','ARI'),('PMS-35',55,5,3,'2011-01-03','ARI','ARI','ARI'),('PMS-36',55,5,4,'2011-01-04','ARI','ARI','ARI'),('PMS-37',55,5,5,'2011-01-05','ARI','ARI','ARI'),('PMS-38',55,5,6,'2011-01-06','ARI','ARI','ARI'),('PMS-39',21312,1,1,'2012-01-02','ARI ARI','ari','ari'),('PMS-4',12,1,2,'2019-02-26','asdasd','asd','asd'),('PMS-40',21312,1,2,'2012-01-03','ARI ARI','ari','ari'),('PMS-41',21312,1,3,'2012-01-04','ARI ARI','ari','ari'),('PMS-42',21312,1,4,'2012-01-05','ARI ARI','ari','ari'),('PMS-43',21312,1,5,'2012-01-06','ARI ARI','ari','ari'),('PMS-44',21312,1,6,'2012-01-07','ARI ARI','ari','ari'),('PMS-5',55,1,1,'2019-02-13','Juan Dela Cruz','Magda Dela Cruz','Unknown'),('PMS-6',12,2,1,'2010-01-01','naem','parent1','parent2'),('PMS-7',12,2,2,'2010-01-02','naem','parent1','parent2'),('PMS-8',12,2,3,'2010-01-03','naem','parent1','parent2'),('PMS-9',12,3,1,'2010-01-01','naem','parent1','parent2');
/*!40000 ALTER TABLE `records` ENABLE KEYS */;
UNLOCK TABLES;

--
-- Table structure for table `records_log`
--

DROP TABLE IF EXISTS `records_log`;
/*!40101 SET @saved_cs_client     = @@character_set_client */;
/*!40101 SET character_set_client = utf8 */;
CREATE TABLE `records_log` (
  `log_id` varchar(15) NOT NULL,
  `log_code` varchar(45) NOT NULL,
  `log_date` date NOT NULL,
  `log_time` time NOT NULL,
  `log_creator` varchar(15) NOT NULL,
  `record_id` varchar(15) NOT NULL,
  PRIMARY KEY (`log_id`),
  KEY `FK_record_id4_idx` (`record_id`),
  KEY `FK_account_id1_idx` (`log_creator`),
  CONSTRAINT `FK_10` FOREIGN KEY (`log_creator`) REFERENCES `accounts` (`account_id`) ON DELETE CASCADE ON UPDATE CASCADE,
  CONSTRAINT `FK_11` FOREIGN KEY (`record_id`) REFERENCES `records` (`record_id`) ON DELETE CASCADE ON UPDATE CASCADE
) ENGINE=InnoDB DEFAULT CHARSET=utf8;
/*!40101 SET character_set_client = @saved_cs_client */;

--
-- Dumping data for table `records_log`
--

LOCK TABLES `records_log` WRITE;
/*!40000 ALTER TABLE `records_log` DISABLE KEYS */;
INSERT INTO `records_log` VALUES ('LOG-1','LOGC-01','2019-01-31','21:04:04','ACNT-2','PMS-1'),('LOG-10','LOGC-03','2019-02-03','12:32:18','ACNT-2','PMS-2'),('LOG-11','LOGC-03','2019-02-03','12:34:11','ACNT-2','PMS-2'),('LOG-12','LOGC-03','2019-02-03','12:37:57','ACNT-2','PMS-2'),('LOG-13','LOGC-03','2019-02-03','12:43:28','ACNT-2','PMS-2'),('LOG-14','LOGC-03','2019-02-03','12:46:32','ACNT-2','PMS-2'),('LOG-15','LOGC-03','2019-02-03','12:47:26','ACNT-2','PMS-2'),('LOG-16','LOGC-01','2019-02-05','16:37:07','ACNT-2','PMS-3'),('LOG-17','LOGC-01','2019-02-05','16:37:22','ACNT-2','PMS-4'),('LOG-18','LOGC-03','2019-02-05','16:37:42','ACNT-2','PMS-3'),('LOG-19','LOGC-03','2019-02-05','16:37:43','ACNT-2','PMS-4'),('LOG-2','LOGC-01','2019-01-31','21:14:06','ACNT-2','PMS-2'),('LOG-20','LOGC-03','2019-02-05','16:43:55','ACNT-2','PMS-3'),('LOG-21','LOGC-03','2019-02-05','16:43:56','ACNT-2','PMS-4'),('LOG-22','LOGC-03','2019-02-05','16:47:15','ACNT-2','PMS-3'),('LOG-23','LOGC-03','2019-02-05','16:47:16','ACNT-2','PMS-4'),('LOG-24','LOGC-03','2019-02-05','16:50:08','ACNT-2','PMS-3'),('LOG-25','LOGC-03','2019-02-05','16:50:09','ACNT-2','PMS-4'),('LOG-26','LOGC-03','2019-02-05','17:03:32','ACNT-2','PMS-3'),('LOG-27','LOGC-03','2019-02-05','17:03:33','ACNT-2','PMS-4'),('LOG-28','LOGC-03','2019-02-05','17:03:49','ACNT-2','PMS-3'),('LOG-29','LOGC-03','2019-02-05','17:03:52','ACNT-2','PMS-4'),('LOG-3','LOGC-03','2019-02-03','12:00:20','ACNT-2','PMS-2'),('LOG-30','LOGC-03','2019-02-05','17:04:44','ACNT-2','PMS-3'),('LOG-31','LOGC-03','2019-02-05','17:04:46','ACNT-2','PMS-4'),('LOG-32','LOGC-03','2019-02-05','17:14:54','ACNT-2','PMS-3'),('LOG-33','LOGC-03','2019-02-05','17:14:57','ACNT-2','PMS-4'),('LOG-34','LOGC-01','2019-02-06','18:54:27','ACNT-2','PMS-5'),('LOG-35','LOGC-01','2019-02-08','20:23:26','ACNT-2','PMS-6'),('LOG-36','LOGC-01','2019-02-08','20:23:27','ACNT-2','PMS-7'),('LOG-37','LOGC-01','2019-02-08','20:23:27','ACNT-2','PMS-8'),('LOG-38','LOGC-01','2019-02-08','20:25:32','ACNT-2','PMS-9'),('LOG-39','LOGC-01','2019-02-08','20:25:32','ACNT-2','PMS-10'),('LOG-4','LOGC-03','2019-02-03','12:05:20','ACNT-2','PMS-2'),('LOG-40','LOGC-01','2019-02-08','20:25:33','ACNT-2','PMS-11'),('LOG-41','LOGC-01','2019-02-08','20:28:18','ACNT-2','PMS-12'),('LOG-42','LOGC-01','2019-02-08','20:28:18','ACNT-2','PMS-13'),('LOG-43','LOGC-01','2019-02-08','20:28:18','ACNT-2','PMS-14'),('LOG-44','LOGC-01','2019-02-08','20:34:50','ACNT-2','PMS-15'),('LOG-45','LOGC-01','2019-02-08','20:34:50','ACNT-2','PMS-16'),('LOG-46','LOGC-01','2019-02-08','20:34:50','ACNT-2','PMS-17'),('LOG-47','LOGC-01','2019-02-08','20:34:50','ACNT-2','PMS-18'),('LOG-48','LOGC-01','2019-02-08','20:34:51','ACNT-2','PMS-19'),('LOG-49','LOGC-01','2019-02-08','20:34:51','ACNT-2','PMS-20'),('LOG-5','LOGC-03','2019-02-03','12:13:04','ACNT-2','PMS-2'),('LOG-50','LOGC-01','2019-02-08','20:35:40','ACNT-2','PMS-21'),('LOG-51','LOGC-01','2019-02-08','20:35:40','ACNT-2','PMS-22'),('LOG-52','LOGC-01','2019-02-08','20:35:40','ACNT-2','PMS-23'),('LOG-53','LOGC-01','2019-02-08','20:35:41','ACNT-2','PMS-24'),('LOG-54','LOGC-01','2019-02-08','20:35:41','ACNT-2','PMS-25'),('LOG-55','LOGC-01','2019-02-08','20:35:41','ACNT-2','PMS-26'),('LOG-56','LOGC-01','2019-02-08','20:37:04','ACNT-2','PMS-27'),('LOG-57','LOGC-01','2019-02-08','20:37:04','ACNT-2','PMS-28'),('LOG-58','LOGC-01','2019-02-08','20:37:05','ACNT-2','PMS-29'),('LOG-59','LOGC-01','2019-02-08','20:37:05','ACNT-2','PMS-30'),('LOG-6','LOGC-03','2019-02-03','12:16:45','ACNT-2','PMS-2'),('LOG-60','LOGC-01','2019-02-08','20:37:05','ACNT-2','PMS-31'),('LOG-61','LOGC-01','2019-02-08','20:37:05','ACNT-2','PMS-32'),('LOG-62','LOGC-01','2019-02-08','20:41:02','ACNT-2','PMS-33'),('LOG-63','LOGC-01','2019-02-08','20:41:02','ACNT-2','PMS-34'),('LOG-64','LOGC-01','2019-02-08','20:41:02','ACNT-2','PMS-35'),('LOG-65','LOGC-01','2019-02-08','20:41:02','ACNT-2','PMS-36'),('LOG-66','LOGC-01','2019-02-08','20:41:03','ACNT-2','PMS-37'),('LOG-67','LOGC-01','2019-02-08','20:41:03','ACNT-2','PMS-38'),('LOG-68','LOGC-01','2019-02-08','20:53:44','ACNT-2','PMS-39'),('LOG-69','LOGC-01','2019-02-08','20:53:44','ACNT-2','PMS-40'),('LOG-7','LOGC-03','2019-02-03','12:19:53','ACNT-2','PMS-2'),('LOG-70','LOGC-01','2019-02-08','20:53:44','ACNT-2','PMS-41'),('LOG-71','LOGC-01','2019-02-08','20:53:44','ACNT-2','PMS-42'),('LOG-72','LOGC-01','2019-02-08','20:53:44','ACNT-2','PMS-43'),('LOG-73','LOGC-01','2019-02-08','20:53:44','ACNT-2','PMS-44'),('LOG-8','LOGC-03','2019-02-03','12:21:41','ACNT-2','PMS-2'),('LOG-9','LOGC-03','2019-02-03','12:25:30','ACNT-2','PMS-2');
/*!40000 ALTER TABLE `records_log` ENABLE KEYS */;
UNLOCK TABLES;

--
-- Table structure for table `registers`
--

DROP TABLE IF EXISTS `registers`;
/*!40101 SET @saved_cs_client     = @@character_set_client */;
/*!40101 SET character_set_client = utf8 */;
CREATE TABLE `registers` (
  `book_number` int(100) NOT NULL,
  `register_number` int(10) NOT NULL,
  `book` varchar(150) DEFAULT NULL,
  `book_type` varchar(100) NOT NULL,
  `creation_date` date NOT NULL,
  `addition_date` date NOT NULL,
  `addition_time` time NOT NULL,
  `status` varchar(45) NOT NULL DEFAULT 'Normal',
  PRIMARY KEY (`book_number`)
) ENGINE=InnoDB DEFAULT CHARSET=utf8;
/*!40101 SET character_set_client = @saved_cs_client */;

--
-- Dumping data for table `registers`
--

LOCK TABLES `registers` WRITE;
/*!40000 ALTER TABLE `registers` DISABLE KEYS */;
INSERT INTO `registers` VALUES (1,1,'Protocanonical - IV','Matrimonial','2019-01-31','2019-01-31','20:52:24','Normal'),(2,2,'Protocanonical - IV','Baptismal','2019-01-31','2019-01-31','20:52:56','Normal'),(3,3,'asd','Baptismal','2019-01-16','2019-01-31','21:13:49','Archived'),(12,22,'22','Baptismal','2019-02-07','2019-02-05','16:36:51','Normal'),(55,55,'555','Burial','2019-02-07','2019-02-06','18:29:58','Normal'),(21312,123,'Protocanonical VII','Confirmation','2019-02-14','2019-02-08','20:53:20','Normal');
/*!40000 ALTER TABLE `registers` ENABLE KEYS */;
UNLOCK TABLES;

--
-- Table structure for table `residing_priests`
--

DROP TABLE IF EXISTS `residing_priests`;
/*!40101 SET @saved_cs_client     = @@character_set_client */;
/*!40101 SET character_set_client = utf8 */;
CREATE TABLE `residing_priests` (
  `priest_id` varchar(15) NOT NULL,
  `priest_name` varchar(150) NOT NULL DEFAULT 'Unknown',
  `priest_status` varchar(45) NOT NULL DEFAULT 'Inactive',
  `created_by` varchar(15) NOT NULL,
  `date_created` date NOT NULL,
  `time_created` time NOT NULL,
  PRIMARY KEY (`priest_id`)
) ENGINE=InnoDB DEFAULT CHARSET=utf8;
/*!40101 SET character_set_client = @saved_cs_client */;

--
-- Dumping data for table `residing_priests`
--

LOCK TABLES `residing_priests` WRITE;
/*!40000 ALTER TABLE `residing_priests` DISABLE KEYS */;
INSERT INTO `residing_priests` VALUES ('NA','NA','Inactive','','0000-00-00','00:00:00'),('PR-1','Fr. Joseph Salando','Active','','0000-00-00','00:00:00'),('PT-3','Juan Dela Cruz','Active','prms-0000','2018-12-22','18:56:15');
/*!40000 ALTER TABLE `residing_priests` ENABLE KEYS */;
UNLOCK TABLES;

--
-- Table structure for table `scheduling_log`
--

DROP TABLE IF EXISTS `scheduling_log`;
/*!40101 SET @saved_cs_client     = @@character_set_client */;
/*!40101 SET character_set_client = utf8 */;
CREATE TABLE `scheduling_log` (
  `log_id` varchar(15) NOT NULL,
  `log_code` varchar(45) NOT NULL,
  `log_date` date NOT NULL,
  `log_time` time NOT NULL,
  `log_creator` varchar(15) NOT NULL,
  `appointment_id` varchar(15) NOT NULL,
  PRIMARY KEY (`log_id`)
) ENGINE=InnoDB DEFAULT CHARSET=utf8;
/*!40101 SET character_set_client = @saved_cs_client */;

--
-- Dumping data for table `scheduling_log`
--

LOCK TABLES `scheduling_log` WRITE;
/*!40000 ALTER TABLE `scheduling_log` DISABLE KEYS */;
INSERT INTO `scheduling_log` VALUES ('LOG-1','LOGC-01','2019-02-01','20:29:23','ACNT-4','APM-1'),('LOG-10','LOGC-01','2019-02-01','20:51:05','ACNT-4','APM-10'),('LOG-11','LOGC-01','2019-02-01','20:51:57','ACNT-4','APM-11'),('LOG-12','LOGC-01','2019-02-01','21:05:23','ACNT-4','APM-12'),('LOG-13','LOGC-01','2019-02-01','21:15:02','ACNT-4','APM-13'),('LOG-14','LOGC-01','2019-02-05','20:20:56','ACNT-4','APM-14'),('LOG-2','LOGC-01','2019-02-01','20:30:18','ACNT-4','APM-2'),('LOG-3','LOGC-01','2019-02-01','20:33:34','ACNT-4','APM-3'),('LOG-4','LOGC-01','2019-02-01','20:35:59','ACNT-4','APM-4'),('LOG-5','LOGC-01','2019-02-01','20:36:46','ACNT-4','APM-5'),('LOG-6','LOGC-01','2019-02-01','20:43:13','ACNT-4','APM-6'),('LOG-7','LOGC-01','2019-02-01','20:46:42','ACNT-4','APM-7'),('LOG-8','LOGC-01','2019-02-01','20:47:49','ACNT-4','APM-8'),('LOG-9','LOGC-01','2019-02-01','20:50:40','ACNT-4','APM-9');
/*!40000 ALTER TABLE `scheduling_log` ENABLE KEYS */;
UNLOCK TABLES;

--
-- Table structure for table `settings`
--

DROP TABLE IF EXISTS `settings`;
/*!40101 SET @saved_cs_client     = @@character_set_client */;
/*!40101 SET character_set_client = utf8 */;
CREATE TABLE `settings` (
  `setting_id` varchar(15) NOT NULL,
  `key_name` varchar(250) NOT NULL,
  `key_value` varchar(250) NOT NULL,
  PRIMARY KEY (`setting_id`)
) ENGINE=InnoDB DEFAULT CHARSET=utf8;
/*!40101 SET character_set_client = @saved_cs_client */;

--
-- Dumping data for table `settings`
--

LOCK TABLES `settings` WRITE;
/*!40000 ALTER TABLE `settings` DISABLE KEYS */;
INSERT INTO `settings` VALUES ('SK-1','Confirmation Stipend','252'),('SK-15','Print Fee Confirmation','201'),('SK-16','Print Fee Matrimonial','301'),('SK-17','Print Fee Burial','401'),('SK-2','Baptismal Stipend','302'),('SK-3','Matrimonial Stipend','502'),('SK-4','Burial Stipend','302'),('SK-5','Church Name','St. Raphael Parish'),('SK-6','Print Fee Baptismal','101.59');
/*!40000 ALTER TABLE `settings` ENABLE KEYS */;
UNLOCK TABLES;

--
-- Table structure for table `timeslots`
--

DROP TABLE IF EXISTS `timeslots`;
/*!40101 SET @saved_cs_client     = @@character_set_client */;
/*!40101 SET character_set_client = utf8 */;
CREATE TABLE `timeslots` (
  `timeslot_id` varchar(15) NOT NULL,
  `timeslot` time DEFAULT NULL,
  `status` varchar(45) NOT NULL DEFAULT 'Inactive',
  PRIMARY KEY (`timeslot_id`)
) ENGINE=InnoDB DEFAULT CHARSET=utf8;
/*!40101 SET character_set_client = @saved_cs_client */;

--
-- Dumping data for table `timeslots`
--

LOCK TABLES `timeslots` WRITE;
/*!40000 ALTER TABLE `timeslots` DISABLE KEYS */;
INSERT INTO `timeslots` VALUES ('TS-1','09:00:00','Active'),('TS-2','01:00:00','Active'),('TS-3','08:00:00','Active');
/*!40000 ALTER TABLE `timeslots` ENABLE KEYS */;
UNLOCK TABLES;

--
-- Table structure for table `transactions`
--

DROP TABLE IF EXISTS `transactions`;
/*!40101 SET @saved_cs_client     = @@character_set_client */;
/*!40101 SET character_set_client = utf8 */;
CREATE TABLE `transactions` (
  `transaction_id` varchar(15) NOT NULL,
  `type` varchar(45) CHARACTER SET latin1 NOT NULL,
  `status` varchar(45) NOT NULL,
  `tran_date` date NOT NULL,
  `tran_time` time NOT NULL,
  `completion_date` date DEFAULT NULL,
  `completion_time` time DEFAULT NULL,
  `placed_by` varchar(15) NOT NULL,
  `completed_by` varchar(15) DEFAULT NULL,
  `target_id` varchar(15) NOT NULL,
  `fee` float DEFAULT NULL,
  `or_number` varchar(250) DEFAULT '----',
  PRIMARY KEY (`transaction_id`),
  KEY `FK_12_idx` (`placed_by`),
  KEY `FK_13_idx` (`completed_by`),
  CONSTRAINT `FK_12` FOREIGN KEY (`placed_by`) REFERENCES `accounts` (`account_id`) ON DELETE CASCADE ON UPDATE CASCADE,
  CONSTRAINT `FK_13` FOREIGN KEY (`completed_by`) REFERENCES `accounts` (`account_id`) ON DELETE CASCADE ON UPDATE CASCADE
) ENGINE=InnoDB DEFAULT CHARSET=utf8;
/*!40101 SET character_set_client = @saved_cs_client */;

--
-- Dumping data for table `transactions`
--

LOCK TABLES `transactions` WRITE;
/*!40000 ALTER TABLE `transactions` DISABLE KEYS */;
INSERT INTO `transactions` VALUES ('TRN-1','Special Serv. - Sick Call','Unpaid','2019-02-01','20:29:23',NULL,NULL,'ACNT-4',NULL,'APM-1',106,'----'),('TRN-10','Special Serv. - Sick Call','Unpaid','2019-02-01','20:51:05',NULL,NULL,'ACNT-4',NULL,'APM-10',106,'----'),('TRN-11','Special Serv. - Sick Call','Unpaid','2019-02-01','20:51:57',NULL,NULL,'ACNT-4',NULL,'APM-11',106,'----'),('TRN-12','Special Serv. - Sick Call','Unpaid','2019-02-01','21:05:24',NULL,NULL,'ACNT-4',NULL,'APM-12',106,'----'),('TRN-13','Special Serv. - Sick Call','Unpaid','2019-02-01','21:15:02',NULL,NULL,'ACNT-4',NULL,'APM-13',106,'----'),('TRN-14','Baptismal Cert.','Unpaid','2019-02-03','12:00:20',NULL,NULL,'ACNT-2',NULL,'PMS-2',101.59,'----'),('TRN-15','Baptismal Cert.','Unpaid','2019-02-03','12:05:20',NULL,NULL,'ACNT-2',NULL,'PMS-2',101.59,'----'),('TRN-16','Baptismal Cert.','Unpaid','2019-02-03','12:13:04',NULL,NULL,'ACNT-2',NULL,'PMS-2',101.59,'----'),('TRN-17','Baptismal Cert.','Unpaid','2019-02-03','12:16:45',NULL,NULL,'ACNT-2',NULL,'PMS-2',101.59,'----'),('TRN-18','Baptismal Cert.','Unpaid','2019-02-03','12:19:53',NULL,NULL,'ACNT-2',NULL,'PMS-2',101.59,'----'),('TRN-19','Baptismal Cert.','Unpaid','2019-02-03','12:21:41',NULL,NULL,'ACNT-2',NULL,'PMS-2',101.59,'----'),('TRN-2','Special Serv. - Sick Call','Unpaid','2019-02-01','20:30:18',NULL,NULL,'ACNT-4',NULL,'APM-2',106,'----'),('TRN-20','Baptismal Cert.','Unpaid','2019-02-03','12:25:30',NULL,NULL,'ACNT-2',NULL,'PMS-2',101.59,'----'),('TRN-21','Baptismal Cert.','Unpaid','2019-02-03','12:32:18',NULL,NULL,'ACNT-2',NULL,'PMS-2',101.59,'----'),('TRN-22','Baptismal Cert.','Unpaid','2019-02-03','12:34:11',NULL,NULL,'ACNT-2',NULL,'PMS-2',101.59,'----'),('TRN-23','Baptismal Cert.','Unpaid','2019-02-03','12:37:57',NULL,NULL,'ACNT-2',NULL,'PMS-2',101.59,'----'),('TRN-24','Baptismal Cert.','Unpaid','2019-02-03','12:43:28',NULL,NULL,'ACNT-2',NULL,'PMS-2',101.59,'----'),('TRN-25','Baptismal Cert.','Unpaid','2019-02-03','12:46:32',NULL,NULL,'ACNT-2',NULL,'PMS-2',101.59,'----'),('TRN-26','Baptismal Cert.','Unpaid','2019-02-03','12:47:26',NULL,NULL,'ACNT-2',NULL,'PMS-2',101.59,'----'),('TRN-27','Baptismal Cert.','Unpaid','2019-02-05','16:37:42',NULL,NULL,'ACNT-2',NULL,'PMS-3',101.59,'----'),('TRN-28','Baptismal Cert.','Unpaid','2019-02-05','16:37:43',NULL,NULL,'ACNT-2',NULL,'PMS-4',101.59,'----'),('TRN-29','Baptismal Cert.','Unpaid','2019-02-05','16:43:55',NULL,NULL,'ACNT-2',NULL,'PMS-3',101.59,'----'),('TRN-3','Special Serv. - Sick Call','Unpaid','2019-02-01','20:33:34',NULL,NULL,'ACNT-4',NULL,'APM-3',106,'----'),('TRN-30','Baptismal Cert.','Unpaid','2019-02-05','16:43:56',NULL,NULL,'ACNT-2',NULL,'PMS-4',101.59,'----'),('TRN-31','Baptismal Cert.','Unpaid','2019-02-05','16:47:15',NULL,NULL,'ACNT-2',NULL,'PMS-3',101.59,'----'),('TRN-32','Baptismal Cert.','Unpaid','2019-02-05','16:47:16',NULL,NULL,'ACNT-2',NULL,'PMS-4',101.59,'----'),('TRN-33','Baptismal Cert.','Unpaid','2019-02-05','16:50:08',NULL,NULL,'ACNT-2',NULL,'PMS-3',101.59,'----'),('TRN-34','Baptismal Cert.','Cancelled','2019-02-05','16:50:09','2019-02-06','18:45:43','ACNT-2','ACNT-3','PMS-4',101.59,'----'),('TRN-35','Baptismal Cert.','Unpaid','2019-02-05','17:03:32',NULL,NULL,'ACNT-2',NULL,'PMS-3',101.59,'----'),('TRN-36','Baptismal Cert.','Cancelled','2019-02-05','17:03:33','2019-02-06','18:43:53','ACNT-2','ACNT-3','PMS-4',101.59,'----'),('TRN-37','Baptismal Cert.','Unpaid','2019-02-05','17:03:49',NULL,NULL,'ACNT-2',NULL,'PMS-3',101.59,'----'),('TRN-38','Baptismal Cert.','Cancelled','2019-02-05','17:03:52','2019-02-06','18:40:17','ACNT-2','ACNT-3','PMS-4',101.59,'----'),('TRN-39','Baptismal Cert.','Unpaid','2019-02-05','17:04:44',NULL,NULL,'ACNT-2',NULL,'PMS-3',101.59,'----'),('TRN-4','Special Serv. - Sick Call','Unpaid','2019-02-01','20:36:00',NULL,NULL,'ACNT-4',NULL,'APM-4',106,'----'),('TRN-40','Baptismal Cert.','Cancelled','2019-02-05','17:04:46','2019-02-06','18:39:44','ACNT-2','ACNT-3','PMS-4',101.59,'----'),('TRN-41','Baptismal Cert.','Unpaid','2019-02-05','17:14:54',NULL,NULL,'ACNT-2',NULL,'PMS-3',101.59,'----'),('TRN-42','Baptismal Cert.','Paid','2019-02-05','17:14:57','2019-02-06','16:51:10','ACNT-2','ACNT-3','PMS-4',101.59,'fff'),('TRN-43','Regular Serv. - All Souls','Cancelled','2019-02-05','20:20:56','2019-02-06','16:45:13','ACNT-4','ACNT-4','APM-14',104,'----'),('TRN-5','Special Serv. - Sick Call','Cancelled','2019-02-01','20:36:46','2019-02-06','17:22:58','ACNT-4','ACNT-4','APM-5',106,'----'),('TRN-6','Special Serv. - Sick Call','Unpaid','2019-02-01','20:43:14',NULL,NULL,'ACNT-4',NULL,'APM-6',106,'----'),('TRN-7','Special Serv. - Sick Call','Unpaid','2019-02-01','20:46:42',NULL,NULL,'ACNT-4',NULL,'APM-7',106,'----'),('TRN-8','Special Serv. - Sick Call','Unpaid','2019-02-01','20:47:49',NULL,NULL,'ACNT-4',NULL,'APM-8',106,'----'),('TRN-9','Special Serv. - Sick Call','Unpaid','2019-02-01','20:50:40',NULL,NULL,'ACNT-4',NULL,'APM-9',106,'----');
/*!40000 ALTER TABLE `transactions` ENABLE KEYS */;
UNLOCK TABLES;

--
-- Dumping routines for database 'pms_db'
--
/*!40103 SET TIME_ZONE=@OLD_TIME_ZONE */;

/*!40101 SET SQL_MODE=@OLD_SQL_MODE */;
/*!40014 SET FOREIGN_KEY_CHECKS=@OLD_FOREIGN_KEY_CHECKS */;
/*!40014 SET UNIQUE_CHECKS=@OLD_UNIQUE_CHECKS */;
/*!40101 SET CHARACTER_SET_CLIENT=@OLD_CHARACTER_SET_CLIENT */;
/*!40101 SET CHARACTER_SET_RESULTS=@OLD_CHARACTER_SET_RESULTS */;
/*!40101 SET COLLATION_CONNECTION=@OLD_COLLATION_CONNECTION */;
/*!40111 SET SQL_NOTES=@OLD_SQL_NOTES */;

-- Dump completed on 2019-02-08 21:34:44
